"License Number","License Type","Name of Program","AddressLine1","AddressLine2","AddressLine3","City","State","Zip","County","Phone","License Status","License Holder","Capacity","Type Of License","Restrictions","Services","Licensing Authority","Initial Effective Date","Current Effective Date","Expiration Date","License Holder Lives Onsite","EmailAddress",
"1086983","Child Care Center","1st Lutheran Preschool and Extended Day Program","925 13th St E","","","Glencoe","MN","55336-1543","McLeod","(320) 864-3317","Active","First Evangelical Lutheran of Glencoe","20 ","Ages Served: Preschool","None","Services: Day Program","Minnesota Department of Human Services","08/28/2018","01/01/2026","12/31/2026","   ","",
"1080082","Child Care Center","2nd Home Childcare LLC","2600 26th Ave S Ste 300","","","Minneapolis","MN","55406-4504","Hennepin","(612) 814-1531","Active","2nd Home Childcare LLC","104","Ages Served: Infants Toddlers Preschool School-Age","Maximum number of preschool in the School Age 1 classrooms is 14.; Maximum number of preschool in the School Age 2 classrooms is 17.; Maximum number of preschool in the School Age 3 classrooms is 29.; Maximum number of preschool in the School Age 4 classr","Services: Day Program","Minnesota Department of Human Services","05/25/2016","12/01/2025","12/31/2026","   ","",
"1108608","Child Care Center","3Rs Early Childhood Learning Center","4900 85th Ave N","","","Minneapolis","MN","55443     ","Hennepin","(763) 315-5006","Active","Premier MN Brooklyn Park LLC","176","Ages Served: Infants Toddlers Preschool School-Age","None","Services: Day Program","Minnesota Department of Human Services","05/24/2021","01/01/2026","12/31/2026","   ","",
"800003","Child Care Center","A Child's Delight Too, Inc.","200 Western Ave NW Ste A2","","","Faribault","MN","55021     ","Rice","(507) 332-2264","Active","A Child's Delight Too, Inc.","94 ","Ages Served: Infants Toddlers Preschool School-Age","None","Services: Day Program","Minnesota Department of Human Services","05/01/1980","01/01/2026","12/31/2026","   ","",
"1096017","Child Care Center","A Child's Place Daycare Center","3738 7th Ave","","","Anoka","MN","55303-1465","Anoka","(763) 710-7662","Conditional as of 12/02/2024","A Child's Place Daycare Center LLC","70 ","Ages Served: Infants Toddlers Preschool School-Age","Conditional License from 12/2/2024 though 12/1/2026.","Services: Day Program","Minnesota Department of Human Services","01/14/2019","01/01/2026","12/31/2026","   ","",
"1112619","Child Care Center","A New Hope Preschool & ECE Program","955 Wildwood Rd","","","White Bear Lake","MN","55115     ","Washington","(651) 770-6192","Active","A New Hope Family Child Care Limited Liability Company","78 ","Ages Served: Infants Toddlers Preschool School-Age","None","Services: Day Program","Minnesota Department of Human Services","07/18/2022","01/01/2026","12/31/2026","   ","",
"1097992","Child Care Center","A Plus Universal Child Care and Learning Center","1208 Shakopee Town Sq","","","Shakopee","MN","55379     ","Scott","(952) 236-7460","Pending Reopening as of 04/30/2026","A Plus Universal Child Care and Learning Center LLC","113","Ages Served: Infants Toddlers Preschool School-Age","None","Services: Day Program","Minnesota Department of Human Services","07/01/2019","01/01/2026","12/31/2026","   ","",
"1105095","Child Care Center","Aaron Child Care Inc.","2500 Minnehaha Ave Ste 100","","","Minneapolis","MN","55404     ","Hennepin","(612) 886-2557","Active","Aaron Child Care Inc.","133","Ages Served: Infants Toddlers Preschool School-Age","None","Services: Day Program","Minnesota Department of Human Services","11/10/2020","03/31/2026","12/31/2026","   ","",
"1052797","Child Care Center","AB Bohlman Inc dba Little Red Wagon","901 Main St S","","","Cambridge","MN","55008-2125","Isanti","(763) 689-2567","Active","AB Bohlman, Inc.","73 ","Ages Served: Infants Toddlers Preschool School-Age","None","Services: Day Program","Minnesota Department of Human Services","01/05/2009","01/01/2026","12/31/2026","   ","",
"1101850","Child Care Center","AB.SEE Preschool & Early Learning Center","300 Park St W","","","Cannon Falls","MN","55009-2429","Goodhue","(507) 757-1110","Active","AB.SEE Preschool & Early Learning Center LLC","42 ","Ages Served: Infants Toddlers Preschool","None","Services: Day Program","Minnesota Department of Human Services","06/29/2020","01/01/2026","12/31/2026","   ","",
"1112247","Child Care Center","ABC Academy","160 3rd Ave W","","","Foley","MN","56329-4534","Benton","","Active","ABC Academy LLC","61 ","Ages Served: Infants Toddlers Preschool School-Age","None","Services: Day Program","Minnesota Department of Human Services","08/29/2022","01/01/2026","12/31/2026","   ","",
"800020","Child Care Center","ABC Express","6820 Saint Patricks Ln","","","Edina","MN","55439-1631","Hennepin","(952) 999-0101","Active","ABC Express, Inc.","91 ","Ages Served: Toddlers Preschool","None","Services: Day Program","Minnesota Department of Human Services","08/20/1985","01/01/2026","12/31/2026","   ","",
"1095850","Child Care Center","ABC Learning Center Inc","2533 24th Ave S","","","Minneapolis","MN","55406     ","Hennepin","(612) 432-2452","Active","ABC Learning Center Inc","40 ","Ages Served: Infants Toddlers Preschool School-Age","None","Services: Day Program","Minnesota Department of Human Services","05/01/2019","01/01/2026","12/31/2026","   ","",
"1051591","Child Care Center","Abiding Branches Cooperative Preschool","7330 Lake Dr","","","Lino Lakes","MN","55014     ","Anoka","","Active","Abiding Branches Cooperative Preschool","20 ","Ages Served: Preschool","None","Services: Day Program","Minnesota Department of Human Services","09/08/2008","01/01/2026","12/31/2026","   ","",
"800025","Child Care Center","Abiding Savior Lutheran Preschool","8211 Red Oak Dr","","","Saint Paul","MN","55112-5928","Ramsey","(763) 784-5326","Active","Abiding Savior Lutheran Church","35 ","Ages Served: Toddlers Preschool","None","Services: Day Program","Minnesota Department of Human Services","02/23/1967","01/01/2026","12/31/2026","   ","",
"2001653","Child Care Center","Abyan Childcare Center LLC","3416 Nicollet Ave","","","Minneapolis","MN","55408     ","Hennepin","(612) 200-8631","Active","Abyan Childcare Center LLC","74 ","Ages Served: Infant;Toddler;Preschool;School Age","None","Services: Day Program","Minnesota Department of Human Services","09/30/2025","11/19/2025","12/31/2026","   ","",
"1116169","Child Care Center","Acacia Montessori","14119 Galaxie Ave","","","Apple Valley","MN","55124-8565","Dakota","(952) 236-9740","Active","Acacia Montessori","29 ","Ages Served: Preschool","Per building inspector, no more than 29 children in care until sprinkler system installed.","Services: Day Program","Minnesota Department of Human Services","01/02/2023","01/01/2026","12/31/2026","   ","",
"1050327","Child Care Center","Acorn Academy of Oak Haven Church","1555 Constance Blvd NE","","","Ham Lake","MN","55304-5635","Anoka","(763) 413-9037","Active","Oak Haven Church","90 ","Ages Served: Preschool School-Age","None","Services: Day Program","Minnesota Department of Human Services","05/29/2008","01/01/2026","12/31/2026","   ","",
"1093196","Child Care Center","Active Child Care Center, Inc","2000 Plymouth Ave N","","","Minneapolis","MN","55411-3713","Hennepin","(612) 353-4453","Active","Active Child Care Center Inc.","111","Ages Served: Infants Toddlers Preschool School-Age","None","Services: Day Program","Minnesota Department of Human Services","09/24/2018","01/01/2026","12/31/2026","   ","",
"1098257","Child Care Center","Afton View Child Care Center","363 Winthrop St S","","","Saint Paul","MN","55119-5336","Ramsey","(651) 797-6010","Active","My Four & No More LLC","52 ","Ages Served: Infants Toddlers Preschool School-Age","None","Services: Day Program","Minnesota Department of Human Services","04/15/2019","01/01/2026","12/31/2026","   ","",
"1110742","Child Care Center","Agape Head Start","1037 University Ave W","","","Saint Paul","MN","55104-4788","Ramsey","(651) 744-7970","Active","Community Action Partnership of Ramsey and Washington Counties","54 ","Ages Served: Infants Toddlers Preschool","Until a food license is awarded, staff may mix the infant formula in the classrooms if they first wash their hands and wash and sanitize any dishes/utensils in the school’s licensed kitchen.","Services: Day Program","Minnesota Department of Human Services","11/08/2021","01/01/2026","12/31/2026","   ","",
"830242","Child Care Center","Agape I Child Development Center","2304 Emerson Ave N","","","Minneapolis","MN","55411-2050","Hennepin","(612) 287-9775","Active","Agape Child Development Center","128","Ages Served: Infants Toddlers Preschool School-Age","Open 24 Hours a Day","Services: Day Program, Night Care Program","Minnesota Department of Human Services","08/01/1997","01/01/2026","12/31/2026","   ","",
"2001802","Child Care Center","Agape Spanish Immersion Academy","14663 Mercantile Dr N","","","Hugo","MN","55038     ","Washington","","Active","Agape LLC","30 ","Ages Served: Infants Toddlers Preschool","None","Services: Day Program","Minnesota Department of Human Services","10/06/2025","12/30/2025","12/31/2026","   ","",
"1017825","Child Care Center","Al Amal Preschool","1401 Gardena Ave NE Rm 103","","","Fridley","MN","55432-5815","Anoka","(763) 571-8886","Active","Al-Amal School","50 ","Ages Served: Preschool School-Age","None","Services: Day Program","Minnesota Department of Human Services","08/30/2002","01/01/2026","12/31/2026","   ","",
"2002271","Child Care Center","Albertville KinderCare","5951 Labeaux Ave NE","","","Albertville","MN","55301     ","Wright","(253) 987-9664","Active","KinderCare Education LLC","140","Ages Served: Infants Toddlers Preschool School-Age","None","Services: Day Program","Minnesota Department of Human Services","08/18/2026","08/18/2026","12/31/2026","   ","",
"830800","Child Care Center","ALC Child Care Center","37 Woodlake Dr SE","","","Rochester","MN","55904-5509","Olmsted","(507) 328-3980","Active","Rochester Public School District 0535-01","14 ","Ages Served: Infants Toddlers","None","Services: Day Program","Minnesota Department of Human Services","09/02/1998","01/01/2026","12/31/2026","   ","",
"800058","Child Care Center","Aldrich Memorial Nursery School","855 Essex Pkwy NW","","","Rochester","MN","55901-3422","Olmsted","(507) 289-3097","Active","Aldrich Memorial Nursery School, Incorporated","168","Ages Served: Toddlers Preschool","Maximum number of Toddlers or Preschool in the 2 Year Old- Room 1 is 14.; Maximum number of Toddlers or Preschool in the 2 Year Old- Room 2 is 14.","Services: Day Program","Minnesota Department of Human Services","11/27/1943","01/01/2026","12/31/2026","   ","",
"802771","Child Care Center","Alexandria Area YMCA Center east","110 Karl Dr","","","Alexandria","MN","56308-5264","Douglas","(320) 834-9622","Active","Alexandria Area Young Men's Christian Association","124","Ages Served: Infants Toddlers Preschool","None","Services: Day Program","Minnesota Department of Human Services","06/16/1986","01/01/2026","12/31/2026","   ","",
"1092113","Child Care Center","Alexandria Area YMCA Center South","420 12th Ave E","","","Alexandria","MN","56308-2612","Douglas","(320) 834-9622","Active","Alexandria Area Young Men's Christian Association","50 ","Ages Served: Infants Toddlers Preschool","None","Services: Day Program","Minnesota Department of Human Services","06/18/2018","01/01/2026","12/31/2026","   ","",
"807340","Child Care Center","All 'bout Children Daycare","300 1st Ave NW","","","Plainview","MN","55964-1211","Wabasha","(507) 534-2424","Active","All 'bout Children, Inc.","63 ","Ages Served: Infants Toddlers Preschool School-Age","None","Services: Day Program","Minnesota Department of Human Services","03/16/1994","01/01/2026","12/31/2026","   ","",
"1082560","Child Care Center","All Ages & Faces Academy","580 Fuller Ave","","","Saint Paul","MN","55103-2245","Ramsey","(651) 488-2097","Active","All Ages & Faces Academy LIMITED","78 ","Ages Served: Infants Toddlers Preschool School-Age","None","Services: Day Program","Minnesota Department of Human Services","10/05/2016","01/01/2026","12/31/2026","   ","",
"1059664","Child Care Center","All God's Children Christian Learning Center","16120 Cedar Ave S","","","Rosemount","MN","55068-1022","Dakota","","Active","Rainbows & Sunshine LLC","39 ","Ages Served: Infants Toddlers Preschool School-Age","None","Services: Day Program","Minnesota Department of Human Services","04/12/2011","01/01/2026","12/31/2026","   ","",
"1065334","Child Care Center","All Pro Childcare LLC","503 Hawthorne St Ste 103","","","Alexandria","MN","56308-1992","Douglas","(320) 766-8708","Active","All-Pro Childcare Center L. L. C.","73 ","Ages Served: Infants Toddlers Preschool School-Age","None","Services: Day Program","Minnesota Department of Human Services","04/15/2013","08/07/2026","12/31/2026","   ","",
"1046978","Child Care Center","All Saints Academy Child Care","PO Box 158","605 4th St #","","Madison Lake","MN","56063-0158","Blue Earth","(507) 243-3819","Active","All Saints Parish of Madison Lake,Inc.","122","Ages Served: Infants Toddlers Preschool","None","Services: Day Program","Minnesota Department of Human Services","09/01/2007","01/01/2026","12/31/2026","   ","",
"1079708","Child Care Center","All Saints Academy St Cloud Campus","1215 11th Ave N","","","Saint Cloud","MN","56303-2712","Stearns","(320) 251-5295","Active","All Saints Academy","44 ","Ages Served: Preschool","None","Services: Day Program","Minnesota Department of Human Services","08/30/2016","01/01/2026","12/31/2026","   ","",
"1086686","Child Care Center","All Saints Academy St Joseph Campus","32 W Minnesota St","","","Saint Joseph","MN","56374-8654","Stearns","(320) 363-7505","Active","All Saints Academy","38 ","Ages Served: Preschool","Per state fire marshal, maximum capacity for classroom 202 is 18.","Services: Day Program","Minnesota Department of Human Services","08/31/2017","01/01/2026","12/31/2026","   ","",
"1018410","Child Care Center","All Saints Catholic Preschool","19795 Holyoke Ave","","","Lakeville","MN","55044-8816","Dakota","(952) 985-9936","Active","The Church of All Saints of Lakeville, Minnesota","38 ","Ages Served: Preschool","None","Services: Day Program","Minnesota Department of Human Services","08/23/2002","01/01/2026","12/31/2026","   ","",
"800064","Child Care Center","All Saints Child Care Center","15915 Excelsior Blvd","","","Minnetonka","MN","55345-5628","Hennepin","(952) 934-4156","Active","All Saints Lutheran Church, Minnetonka","66 ","Ages Served: Infants Toddlers Preschool","None","Services: Day Program","Minnesota Department of Human Services","09/03/1985","01/01/2026","12/31/2026","   ","",
"800065","Child Care Center","All Saints Preschool","15915 Excelsior Blvd","","","Minnetonka","MN","55345-5628","Hennepin","(952) 934-3552","Active","All Saints Lutheran Church, Minnetonka","70 ","Ages Served: Toddlers Preschool","Per Fire Marshall, program may not have any toddlers under 30 months of age.","Services: Day Program","Minnesota Department of Human Services","01/01/1966","01/01/2026","12/31/2026","   ","",
"1054093","Child Care Center","All Seasons Preschool","7260 S Robert Trl Ste A","","","Inver Grove Heights","MN","55077-2712","Dakota","(651) 450-0606","Active","All Seasons Preschool at Inver Glen, LLC","60 ","Ages Served: Toddlers Preschool","Not to exceed 10 school aged children up to seven years of age during summer camp","Services: Day Program","Minnesota Department of Human Services","10/05/2009","01/01/2026","12/31/2026","   ","",
"1103909","Child Care Center","All Seasons Preschool of Eagan LLC","3385 Discovery Rd","","","Eagan","MN","55121-2167","Dakota","(952) 466-1471","Active","All Seasons Preschool of Eagan, LLC","50 ","Ages Served: Toddlers Preschool School-Age","None","Services: Day Program","Minnesota Department of Human Services","09/09/2020","01/01/2026","12/31/2026","   ","",
"1101499","Child Care Center","All Smiles Daycare Center","4102 W County Road 42","","","Savage","MN","55378-2023","Scott","(612) 481-0610","Active","All Smiles Child Daycare Center L.L.C.","64 ","Ages Served: Infants Toddlers Preschool School-Age","None","Services: Day Program","Minnesota Department of Human Services","03/05/2020","01/06/2026","12/31/2026","   ","",
"1046877","Child Care Center","All Stars Montessori, LLC","5920 148th St W Ste 200","","","Saint Paul","MN","55124-8242","Dakota","(952) 432-2422","Active","All Stars Montessori, LLC","124","Ages Served: Infants Toddlers Preschool School-Age","None","Services: Day Program","Minnesota Department of Human Services","08/02/2007","01/01/2026","12/31/2026","   ","",
"1049848","Child Care Center","Allstar","980 10th St NE","","","Milaca","MN","56353-1809","Mille Lacs","","Active","Allstar Childcare Center Inc.","129","Ages Served: Infants Toddlers Preschool School-Age","None","Services: Day Program","Minnesota Department of Human Services","05/27/2008","01/01/2026","12/31/2026","   ","",
"1104621","Child Care Center","Alma Flor Ada Woodbury Spanish Immersion Early Learning Academy","8420 City Centre Dr","","","Woodbury","MN","55125     ","Washington","(651) 999-3952","Active","Woodbury Spanish Immersion Early Learning Academy, LLC","104","Ages Served: Toddlers Preschool School-Age","None","Services: Day Program","Minnesota Department of Human Services","09/09/2020","01/01/2026","12/31/2026","   ","",
"1113759","Child Care Center","Alphabet Child Care Center L.L.C.","3015 12th Ave S Ste 101","","","Minneapolis","MN","55407     ","Hennepin","(612) 404-4961","Active","Alphabet Child Care Center L.L.C.","89 ","Ages Served: Infants Toddlers Preschool School-Age","None","Services: Day Program","Minnesota Department of Human Services","02/27/2024","01/01/2026","12/31/2026","   ","",
"2001673","Child Care Center","Amal Learning Center LLC","1026 Front Ave","","","Saint Paul","MN","55103     ","Ramsey","(651) 846-9772","Active","Amal Learning Center LLC","47 ","Ages Served: Infant;Toddler;Preschool;School Age","None","Services: Day Program, School-age Child Care Program","Minnesota Department of Human Services","01/28/2026","01/28/2026","12/31/2026","   ","",
"1054231","Child Care Center","Amazing Beginnings Montessori & Child Care","3105 65th St E","","","Inver Grove Heights","MN","55076-4499","Dakota","(651) 451-4433","Active","Dove Child Care Inc.","100","Ages Served: Infants Toddlers Preschool School-Age","Maximum number of children in the Pre-K/School age classroom is 10.","Services: Day Program","Minnesota Department of Human Services","07/24/2009","01/01/2026","12/31/2026","   ","",
"1044123","Child Care Center","American Montessori","14401 Pilot Knob Rd","","","Apple Valley","MN","55124-6610","Dakota","(952) 736-1004","Active","American Montessori, Inc.","20 ","Ages Served: Preschool","None","Services: Day Program","Minnesota Department of Human Services","01/16/2007","01/01/2026","12/31/2026","   ","",
"1098076","Child Care Center","Anders Early Learning Center","309 10th St S","","","Cleveland","MN","56017-2601","Le Sueur","(507) 931-0077","Active","Anders Early Learning Center Inc","72 ","Ages Served: Infants Toddlers Preschool","None","Services: Day Program","Minnesota Department of Human Services","06/18/2019","01/01/2026","12/31/2026","   ","",
"2000093","Child Care Center","ANEW Child Care Center","425 Etna St Ste 35-38","","","Saint Paul","MN","55106     ","Ramsey","(651) 300-4495","Active","ANEW LLC","45 ","Ages Served: Infant;Toddler;Preschool;School Age","None","Services: Day Program","Minnesota Department of Human Services","05/20/2024","01/01/2026","12/31/2026","   ","",
"800081","Child Care Center","Anew Dimension Child Enrichment Center","1819 Minnehaha Ave","","","Minneapolis","MN","55404     ","Hennepin","(612) 339-2333","Active","Anew Dimension Child Enrichment Center","93 ","Ages Served: Infants Toddlers Preschool School-Age","None","Services: Day Program","Minnesota Department of Human Services","04/06/1987","01/01/2026","12/31/2026","   ","",
"1066707","Child Care Center","Angels Learning Center","7624 Brooklyn Blvd","","","Brooklyn Park","MN","55443-3103","Hennepin","(763) 300-2544","Active","Angel's Learning Center LLC","75 ","Ages Served: Infants Toddlers Preschool School-Age","None","Services: Day Program","Minnesota Department of Human Services","10/14/2013","01/01/2026","12/31/2026","   ","",
"1079345","Child Care Center","Angie's Learning Center","617 E Main St","","","Belle Plaine","MN","56011-2213","Scott","(952) 873-3951","Active","Angie's Infant and Toddler Daycare LLC","148","Ages Served: Infants Toddlers Preschool School-Age","None","Services: Day Program","Minnesota Department of Human Services","01/15/2016","01/01/2026","12/31/2026","   ","",
"1080548","Child Care Center","Anna's Bananas Daycare & Preschool","10487 165th St W","","","Lakeville","MN","55044-5638","Dakota","(952) 236-0237","Active","Anna's Bananas Day Care Inc.","129","Ages Served: Infants Toddlers Preschool School-Age","Maximum number of Toddlers in the Tator classroom is 15.; Maximum number of Preschool in the Toddler classroom is 20.; Maximum number of School Age in the Preschool 2 classroom is 5.","Services: Day Program","Minnesota Department of Human Services","08/15/2016","01/01/2026","12/31/2026","   ","",
"1077930","Child Care Center","Anna's Bananas Daycare & Preschool Inc","6700 160th St W","","","Rosemount","MN","55068-1901","Dakota","(952) 683-9200","Active","Anna's Bananas Day Care Inc.","99 ","Ages Served: Infants Toddlers Preschool School-Age","Maximum number of Infants in the Tator classroom is 7.; Maximum number of School age in the Pre/SA Combination classroom is 10.; Maximum number of toddlers or preschool in the Tod/Pre Combination classroom is 28.","Services: Day Program","Minnesota Department of Human Services","06/01/2015","01/01/2026","12/31/2026","   ","",
"1041366","Child Care Center","Anna's Bananas Daycare & Preschool Inc","12018 County Road 11","","","Burnsville","MN","55337-3016","Dakota","(952) 707-1814","Active","Anna's Bananas Day Care Inc.","107","Ages Served: Infants Toddlers Preschool School-Age","Maximum number of School age in the Pre 2 classroom is 10.","Services: Day Program","Minnesota Department of Human Services","05/19/2006","01/01/2026","12/31/2026","   ","",
"1053790","Child Care Center","Anna's Bananas Daycare & Preschool Inc","7765 147th St W","","","Apple Valley","MN","55124-7568","Dakota","(952) 431-7998","Active","Anna's Bananas Day Care Inc.","118","Ages Served: Infants Toddlers Preschool School-Age","Maximum number of School Age in the PreK classroom is 10.","Services: Day Program","Minnesota Department of Human Services","01/04/2010","01/01/2026","12/31/2026","   ","",
"1064366","Child Care Center","Anna's Bananas Daycare and Preschool","516 5th St W","","","Northfield","MN","55057-1720","Rice","(507) 645-5050","Active","Anna's Bananas Day Care Inc.","95 ","Ages Served: Infants Toddlers Preschool School-Age","Maximum number of School Age in the Preschool 2 classroom is 10.; Maximum number of Infants in the Tater classroom is 12.; Maximum number of Toddlers in the Preschool 1 classroom is 14.","Services: Day Program","Minnesota Department of Human Services","03/04/2013","01/01/2026","12/31/2026","   ","",
"1003090","Child Care Center","Anna's Bananas Daycare and Preschool Inc","21220 Chippendale Ave W","","","Farmington","MN","55024-1400","Dakota","(651) 460-8488","Active","Anna's Bananas Day Care Inc.","204","Ages Served: Infants Toddlers Preschool School-Age","Maximum number of Toddlers in the Transition Tod/Pre classroom is 14.","Services: Day Program","Minnesota Department of Human Services","01/01/2000","01/01/2026","12/31/2026","   ","",
"1046878","Child Care Center","Annies Childcare & Learning Center","9630 Ostrowski Way","","","Brainerd","MN","56401-1615","Crow Wing","","Active","Annie's Childcare & Learning Center, Inc.","64 ","Ages Served: Infants Toddlers Preschool School-Age","Maximum number of school-age children in the preschool classroom is five.","Services: Day Program","Minnesota Department of Human Services","09/04/2007","01/01/2026","12/31/2026","   ","",
"1066782","Child Care Center","Annies Childcare & Learning Center","501 W College Dr","","","Brainerd","MN","56401-3904","Crow Wing","","Active","Annie's Childcare & Learning Center, Inc.","84 ","Ages Served: Infants Toddlers Preschool School-Age","None","Services: Day Program","Minnesota Department of Human Services","11/11/2013","01/01/2026","12/31/2026","   ","",
"2002395","Child Care Center","Annunciation Catholic School Preschool","525 W 54th St","","","Minneapolis","MN","55419     ","Hennepin","","Active","The Church of the Annunciation of Minneapolis","50 ","Ages Served: Preschool","Per State Fire Marshal, the Facility does not meet requirements but may temporarily be occupied until 10/24/26 pending completion of orders.","Services: Day Program","Minnesota Department of Human Services","06/01/2026","08/28/2026","12/31/2026","   ","",
"1053178","Child Care Center","Apple Academy Learning Center LLC","1845 Main St","","","Centerville","MN","55038-9794","Anoka","(651) 762-8911","Active","Apple Academy Learning Center LLC","123","Ages Served: Infants Toddlers Preschool School-Age","Maximum number of toddlers in the Green Preschool Room is 8.","Services: Day Program","Minnesota Department of Human Services","01/28/2009","01/01/2026","12/31/2026","   ","",
"1074885","Child Care Center","Apple Academy Learning Center LLC Wyoming","26427 Forest Blvd","","","Wyoming","MN","55092     ","Chisago","(651) 462-8772","Active","Apple Academy Learning Center- Wyoming L. L. C.","98 ","Ages Served: Infants Toddlers Preschool","None","Services: Day Program","Minnesota Department of Human Services","01/26/2015","01/01/2026","12/31/2026","   ","",
"1114837","Child Care Center","Apple Academy Learning Plus LLC","5350 E Viking Blvd","","","Wyoming","MN","55092     ","Chisago","(651) 502-8782","Active","Apple Academy Learning Plus LLC","28 ","Ages Served: Infants","Per Health Inspector, no food may be stored on site until kitchen is finished.","Services: Day Program","Minnesota Department of Human Services","04/12/2023","01/01/2026","12/31/2026","   ","",
"1087704","Child Care Center","Apple Child Care Center Inc","3110 Emerson Ave N","","","Minneapolis","MN","55411-1366","Hennepin","(612) 395-5215","Active","Apple Child Care Center Inc.","82 ","Ages Served: Infants Toddlers Preschool School-Age","None","Services: Day Program","Minnesota Department of Human Services","11/27/2017","01/01/2026","12/31/2026","   ","",
"2001655","Child Care Center","Apple Child Care Inc.","2800 1st Ave S","","","Minneapolis","MN","55408     ","Hennepin","(612) 200-8939","Active","Apple Child Care Inc","80 ","Ages Served: Infants Toddlers Preschool School-Age","None","Services: Day Program","Minnesota Department of Human Services","08/03/2026","08/03/2026","12/31/2026","   ","",
"830687","Child Care Center","Apple Lane Community Child Care Center","1900 8th Ave NW","","","Austin","MN","55912-1473","Mower","","Active","Apple Lane Community Child Care Center","198","Ages Served: Infants Toddlers Preschool School-Age","None","Services: Day Program","Minnesota Department of Human Services","04/01/1998","01/01/2026","12/31/2026","   ","",
"800103","Child Care Center","Apple Tree Learning Center","1250 Industrial Park","","","Eveleth","MN","55734     ","St. Louis","","Active","Iron Range Learning and Development Center","148","Ages Served: Infants Toddlers Preschool School-Age","None","Services: Day Program","Minnesota Department of Human Services","04/15/1982","01/01/2026","12/31/2026","   ","",
"1036683","Child Care Center","Apple Valley Head Start","14603 Hayes Rd","","","Apple Valley","MN","55124     ","Dakota","","Active","Scott-Carver-Dakota CAP Agency, Inc.","20 ","Ages Served: Preschool","None","Services: Day Program","Minnesota Department of Human Services","09/12/2005","01/01/2026","12/31/2026","   ","",
"1005117","Child Care Center","Appleseed Montessori School & Child Care Center, Inc.","6601 Bloomington Ave","","","Richfield","MN","55423     ","Hennepin","(612) 866-0038","Active","Appleseed Montessori School, Inc.","103","Ages Served: Infants Toddlers Preschool","None","Services: Day Program","Minnesota Department of Human Services","07/05/2000","01/01/2026","12/31/2026","   ","",
"1077407","Child Care Center","Appletime Inc","21051 John Milless Dr","","","Rogers","MN","55374-9464","Hennepin","","Active","Appletime Inc.","115","Ages Served: Infants Toddlers Preschool School-Age","None","Services: Day Program","Minnesota Department of Human Services","01/01/2016","01/01/2026","12/31/2026","   ","",
"1033610","Child Care Center","Ark of Angels Montessori Preschool","213 Willard St E","","","Stillwater","MN","55082-5114","Washington","(651) 379-1269","Active","St. Croix Catholic School","30 ","Ages Served: Preschool","None","Services: Day Program","Minnesota Department of Human Services","09/06/2005","01/29/2026","12/31/2026","   ","",
"1107052","Child Care Center","ARTA Child Care Inc","3401 Chicago Ave","","","Minneapolis","MN","55407-2107","Hennepin","(612) 886-2223","Pending Reopening as of 10/17/2025","ARTA Child Care Inc.","33 ","Ages Served: Infants Toddlers Preschool School-Age","Maximum number of infants in the Infant/Toddler Classroom is 4 children.","Services: Day Program","Minnesota Department of Human Services","01/01/2022","01/01/2026","12/31/2026","   ","",
"1116684","Child Care Center","Ascension Catholic School","1726 DuPont Ave N","","","Minneapolis","MN","55411-3219","Hennepin","(612) 436-0219","Active","The Church of the Ascension of Minneapolis, Minnesota","20 ","Ages Served: Preschool","None","Services: Day Program","Minnesota Department of Human Services","02/21/2023","01/01/2026","12/31/2026","   ","",
"1009422","Child Care Center","Ascension Lutheran Preschool","15870 46th Ave N","","","Plymouth","MN","55446-2176","Hennepin","(763) 559-0579","Active","Ascension Evangelical Lutheran Church, Inc. of Plymouth, Minnesota","40 ","Ages Served: Preschool","None","Services: Day Program","Minnesota Department of Human Services","09/05/2001","01/13/2026","12/31/2026","   ","",
"1117155","Child Care Center","Asho Child Care Center","1402 1st Ave S","","","Minneapolis","MN","55403     ","Hennepin","(763) 267-2825","Conditional as of 08/23/2025","Asho Child Care Center LLC","88 ","Ages Served: Infants Toddlers Preschool School-Age","Conditional License from 8/23/2025 through 8/23/2027.","Services: Day Program","Minnesota Department of Human Services","11/28/2023","01/01/2026","12/31/2026","   ","",
"800130","Child Care Center","Associated Preschool","800 Havana Rd","","","Owatonna","MN","55060     ","Steele","(507) 451-0041","Active","The Associated Church, Owatonna, Minnesota","24 ","Ages Served: Preschool","None","","Minnesota Department of Human Services","10/01/1963","01/01/2026","12/31/2026","   ","",
"2001643","Child Care Center","Assumption Catholic School Pre-Kindergarten","2310 7th Ave E","","","Hibbing","MN","55746     ","St. Louis","(218) 263-3054","Active","Assumption Catholic School/Blessed Sacrament","20 ","Ages Served: Preschool","None","Services: Day Program","Minnesota Department of Human Services","04/13/2026","04/13/2026","12/31/2026","   ","",
"1081337","Child Care Center","Aubrey Della Early Childhood Family Development Center","6415 Brooklyn Blvd","","","Brooklyn Center","MN","55429-2174","Hennepin","(763) 535-7422","Active","Parents in Community Action, Inc.","84 ","Ages Served: Infants Toddlers Preschool","None","Services: Day Program","Minnesota Department of Human Services","06/21/2016","01/01/2026","12/31/2026","   ","",
"1100425","Child Care Center","Auntys Child Care Center","4801 Cooke St","","","Duluth","MN","55804-2461","St. Louis","(218) 522-4512","Active","Aunty's Child Care LLC","87 ","Ages Served: Toddlers Preschool School-Age","None","Services: Day Program","Minnesota Department of Human Services","09/26/2019","01/01/2026","12/31/2026","   ","",
"2001557","Child Care Center","Avail Academy Edina Junior Kindergarten","4015 Inglewood Ave S","","","Edina","MN","55416     ","Hennepin","(952) 927-5304","Active","Calvin Christian School of Minneapolis","20 ","Ages Served: Preschool","None","Services: Day Program","Minnesota Department of Human Services","08/27/2025","09/03/2026","12/31/2026","   ","",
"2001556","Child Care Center","Avail Academy North Junior Kindergarten","8966 Pierce St NE","","","Blaine","MN","55434     ","Anoka","(763) 785-0135","Active","Calvin Christian School of Minneapolis","20 ","Ages Served: Preschool","None","Services: Day Program","Minnesota Department of Human Services","08/27/2025","09/03/2026","12/31/2026","   ","",
"2001631","Child Care Center","Aventuras Group","14100 Valley View Rd","","","Eden Prairie","MN","55344     ","Hennepin","(612) 655-1195","Active","aventuras group LIMITED LIABILITY COMPANY","52 ","Ages Served: Infant;Toddler;Preschool","None","Services: Day Program","Minnesota Department of Human Services","05/19/2025","05/19/2025","12/31/2025","   ","",
"1086727","Child Care Center","Ayah Child Care Center Inc","500 40th Ave NE","","","Minneapolis","MN","55421-3851","Anoka","(763) 710-5050","Closed as of 05/18/2026","Ayah Child Care Center, Inc.","16 ","Ages Served: School-Age","Per City: Total capacity of license numbers 1086727 and 1085776 cannot exceed 41 children & at least 75 square feet of outside play area per max capacity is required.; Per State Fire Marshall: Approved use main level only (except storm) Any change to clas","Services: Day Program","Minnesota Department of Human Services","02/20/2018","01/01/2026","12/31/2026","   ","",
"1085776","Child Care Center","Ayah Child Care Center Inc","508 40th Ave NE","","","Minneapolis","MN","55421-3833","Anoka","(763) 710-5050","Closed as of 05/18/2026","Ayah Child Care Center, Inc.","28 ","Ages Served: Infants Toddlers Preschool","Per City: Total capacity of license numbers 1086727 and 1085776 cannot exceed 41 children and at least 75 square feet of outside play area per max capacity is required.; Per Fire: The room with no ext. exit door is app. only for children at least 2 1/2 yr","Services: Day Program","Minnesota Department of Human Services","02/20/2018","01/14/2026","12/31/2026","   ","",
"2000091","Child Care Center","Ayeeyo Childcare Inc.","4123 E Lake St","","","Minneapolis","MN","55406     ","Hennepin","","Active","Ayeeyo Childcare Inc.","84 ","Ages Served: Infant;Toddler;Preschool;School Age","None","Services: Day Program, School-age Child Care Program","Minnesota Department of Human Services","04/12/2024","07/10/2026","12/31/2026","   ","",
"1009585","Child Care Center","Babbitt Head Start 2142 Combination","30 South Dr Rm E","","","Babbitt","MN","55706-1108","St. Louis","(218) 827-3101","Active","Arrowhead Economic Opportunity Agency, Inc.","20 ","Ages Served: Preschool","None","Services: Day Program","Minnesota Department of Human Services","09/27/2000","01/01/2026","12/31/2026","   ","",
"1114241","Child Care Center","Baby Halimo Child Care Inc.","510 Cedar Ave S # 200","","","Minneapolis","MN","55454-1219","Hennepin","(612) 416-0206","Closed as of 05/28/2026","Baby Halimo Child Care Inc.","53 ","Ages Served: Infants Toddlers Preschool School-Age","None","Services: Day Program","Minnesota Department of Human Services","08/29/2023","01/14/2026","12/31/2026","   ","",
"1044125","Child Care Center","Babys Space","2438 18th Ave S","","","Minneapolis","MN","55404     ","Hennepin","(612) 729-5171","Active","Baby's Space: A Place to Grow","174","Ages Served: Infants Toddlers Preschool School-Age","None","Services: Day Program","Minnesota Department of Human Services","11/01/2006","01/01/2026","12/31/2026","   ","",
"810959","Child Care Center","Bagley Head Start","15 Clearwater Ave NW","","","Bagley","MN","56621-8512","Clearwater","(218) 694-7000","Closed as of 06/03/2026","Inter-County Community Council","20 ","Ages Served: Preschool","None","Services: Day Program","Minnesota Department of Human Services","03/10/1997","01/01/2026","12/31/2026","   ","",
"2001609","Child Care Center","Bamboo Early Learning","562 Highway 55","","","Hamel","MN","55340     ","Hennepin","(612) 206-5771","Active","Bamboo Early Learning LLC","31 ","Ages Served: Infants Toddlers Preschool","None","Services: Day Program","Minnesota Department of Human Services","07/14/2025","01/01/2026","12/31/2026","   ","",
"800157","Child Care Center","Barnesville Child Day Care Center","405 2nd St SE","","","Barnesville","MN","56514-3608","Clay","(218) 354-7542","Active","The Barnesville Child Day Care Center, Inc.","64 ","Ages Served: Infants Toddlers Preschool School-Age","None","Services: Day Program","Minnesota Department of Human Services","11/03/1975","01/01/2026","12/31/2026","   ","",
"1006478","Child Care Center","Bassett Creek Montessori and Daycare Center","6250 Wayzata Blvd","","","Golden Valley","MN","55416-1210","Hennepin","(952) 525-1500","Active","Rohan & Helen De Alwis","38 ","Ages Served: Infants Toddlers Preschool School-Age","Maximum number of school age children in the Preschool Classroom is 6.","Services: Day Program","Minnesota Department of Human Services","09/11/2000","01/01/2026","12/31/2026","   ","",
"810840","Child Care Center","Battle Creek Head Start","2181 Suburban Ave","","","Saint Paul","MN","55119-4610","Ramsey","(651) 730-1663","Active","Community Action Partnership of Ramsey and Washington Counties","75 ","Ages Served: Infants Toddlers Preschool","Maximum number of infant aged children in Classroom 4 is 8.","Services: Day Program","Minnesota Department of Human Services","10/21/1996","01/01/2026","12/31/2026","   ","",
"2000336","Child Care Center","Beautiful Beginnings Learning Center","4900 Xerxes Ave N","","","Minneapolis","MN","55430     ","Hennepin","(612) 860-6862","Active","Beautiful Beginnings Learning Center LLC","30 ","Ages Served: Infants Toddlers Preschool","None","Services: Day Program","Minnesota Department of Human Services","12/03/2024","01/01/2026","12/31/2026","   ","",
"1000966","Child Care Center","Beautiful Savior Child Development Center","5005 Northwest Blvd","","","Plymouth","MN","55442-3504","Hennepin","","Active","Beautiful Savior Lutheran Church of Plymouth","138","Ages Served: Infants Toddlers Preschool","Per the State Fire Marshal, temporary occupancy granted until 10/3/26.","Services: Day Program","Minnesota Department of Human Services","09/13/1999","01/01/2026","12/31/2026","   ","",
"1118798","Child Care Center","Becks Montessori Accelerated Learning Center","4194 Pilot Knob Rd","","","Eagan","MN","55122-1816","Dakota","(651) 686-7984","Active","Premier MN Eagan LLC","101","Ages Served: Infants Toddlers Preschool School-Age","None","Services: Day Program","Minnesota Department of Human Services","08/19/2023","01/01/2026","12/31/2026","   ","",
"2000191","Child Care Center","BeeLoved Child Care Center","3737 Bellaire Ave Ste A","","","White Bear Lake","MN","55110     ","Ramsey","(651) 202-8597","Active","BeeLoved Child Care Center LLC","21 ","Ages Served: Infants Toddlers Preschool School-Age","None","Services: Day Program","Minnesota Department of Human Services","06/06/2025","06/06/2025","12/31/2025","   ","",
"1080698","Child Care Center","BEGIN Program at St Marys","311 Colorado Ave","","","Morris","MN","56267-1444","Stevens","(320) 589-1704","Active","Assumption Church","20 ","Ages Served: Preschool","None","Services: Day Program","Minnesota Department of Human Services","09/06/2016","01/01/2026","12/31/2026","   ","",
"800179","Child Care Center","Bemidji Head Start","1601 Conifer Ave NW","","","Bemidji","MN","56601-4867","Beltrami","(218) 751-4631","Active","Bi-County Community Action Programs Inc.","132","Ages Served: Infants Toddlers Preschool","Maximum number of infants in the Pine Classroom is 4.","Services: Day Program","Minnesota Department of Human Services","04/08/1970","01/01/2026","12/31/2026","   ","",
"1065673","Child Care Center","Berea Lutheran Preschool","9308 Rich Valley Blvd","","","Inver Grove Heights","MN","55077-4429","Dakota","(651) 994-1074","Active","Berea Evangelical Lutheran Church","12 ","Ages Served: Preschool","None","Services: Day Program","Minnesota Department of Human Services","08/06/2013","01/01/2026","12/31/2026","   ","",
"800184","Child Care Center","Berean Education Center DBA Berean Preschool","309 County Road 42 E","","","Burnsville","MN","55306-4522","Dakota","(952) 223-1814","Active","Berean Education Center","133","Ages Served: Preschool;School Age","None","Services: Day Program","Minnesota Department of Human Services","08/01/1981","01/01/2026","12/31/2026","   ","",
"830852","Child Care Center","Bernie's Montessori School Inc","1100 E 66th St","","","Richfield","MN","55423-2638","Hennepin","","Active","Bernie's Montessori School, Inc.","86 ","Ages Served: Infants Toddlers Preschool","Maximum number of children in the building at one time is 84 due to fire code.","Services: Day Program","Minnesota Department of Human Services","10/12/1998","01/01/2026","12/31/2026","   ","",
"2001774","Child Care Center","Best Childcare LLC","2515 E 26th St","","","Minneapolis","MN","55406     ","Hennepin","(651) 246-5905","Active","Best Childcare LLC","132","Ages Served: Infants Toddlers Preschool School-Age","None","Services: Day Program, School-age Child Care Program","Minnesota Department of Human Services","05/05/2026","07/16/2026","12/31/2026","   ","",
"1028873","Child Care Center","Bet Shalom Yeladim Preschool","13613 Orchard Rd","","","Minnetonka","MN","55305-4048","Hennepin","(952) 933-8525","Active","Bet Shalom","69 ","Ages Served: Infants Toddlers Preschool","None","Services: Day Program","Minnesota Department of Human Services","09/03/2004","01/01/2026","12/31/2026","   ","",
"1066499","Child Care Center","Bethel Child Care Center","5232 Irvine Ave NW","","","Bemidji","MN","56601-8598","Beltrami","(218) 444-4746","Active","Bethel Lutheran Church","68 ","Ages Served: Infants Toddlers Preschool School-Age","None","Services: Day Program","Minnesota Department of Human Services","11/18/2013","01/01/2026","12/31/2026","   ","",
"1036264","Child Care Center","Bethesda All Stars c/o Bethesda Lutheran Church","401 40th Ave S","","","Moorhead","MN","56560     ","Clay","(701) 212-6637","Active","Bethesda Evangelical Lutheran Church of Moorhead","47 ","Ages Served: Preschool School-Age","47 Preschool/School Age Combination not to exceed 47 school age.","Services: Day Program","Minnesota Department of Human Services","01/01/2006","01/01/2026","12/31/2026","   ","",
"800194","Child Care Center","Bethlehem Child Care Center","3141 43rd Ave S","","","Minneapolis","MN","55406-2248","Hennepin","(612) 721-2290","Active","The Bethlehem Evangelical Covenant Church, of Minneapolis, Minnesota","86 ","Ages Served: Preschool School-Age","Maximum number of Preschool is 59","Services: Day Program","Minnesota Department of Human Services","10/27/1982","03/18/2026","12/31/2026","   ","",
"2000146","Child Care Center","Bethlehem Head Start","418 8th Ave NE","","","Brainerd","MN","56401     ","Crow Wing","(218) 829-3330","Active","Tri-County Community Action Partnership, Inc.","24 ","Ages Served: Infant;Toddler","Maximum number of Infants under the age of 12 months in the EHS1 classroom is 2.; Maximum number of Infants under the age of 12 months in the CCP1 classroom is 2.; Maximum number of Infants under the age of 12 months in the CCP2 classroom is 3.","Services: Day Program","Minnesota Department of Human Services","06/10/2024","01/01/2026","12/31/2026","   ","",
"809985","Child Care Center","Bethlehem Lutheran Early Childhood Center","4310 County Road 137","","","Saint Cloud","MN","56301-3782","Stearns","(320) 251-6775","Active","Bethlehem Lutheran Church","80 ","Ages Served: Toddlers Preschool","None","Services: Day Program","Minnesota Department of Human Services","02/09/1996","01/01/2026","12/31/2026","   ","",
"1114420","Child Care Center","Big Adventures Child Care Center","15079 22nd Ave NE","","","Little Falls","MN","56345-4199","Morrison","","Active","Big Adventures Child Care Center LLC","66 ","Ages Served: Infants Toddlers Preschool School-Age","Maximum number of school age children in the older preschool classroom is five.","Services: Day Program","Minnesota Department of Human Services","09/05/2022","01/01/2026","12/31/2026","   ","",
"1117962","Child Care Center","Big Wonder Child Care","60 Kent St","","","Saint Paul","MN","55102-2232","Ramsey","(612) 240-5547","Active","Big Wonder Child Care","45 ","Ages Served: Preschool School-Age","None","Services: Day Program","Minnesota Department of Human Services","08/07/2023","01/01/2026","12/31/2026","   ","",
"1083745","Child Care Center","Big Woods Child Care Center","305 13th St S","","","Delano","MN","55328     ","Wright","(763) 972-2176","Active","Big Woods Child Care Center Inc.","212","Ages Served: Infants Toddlers Preschool School-Age","None","Services: Day Program","Minnesota Department of Human Services","01/27/2017","01/01/2026","12/31/2026","   ","",
"1057299","Child Care Center","Bilingual Child Care & Education Center Inc","1125 County Road B W","","","Roseville","MN","55113-4302","Ramsey","(651) 644-2405","Active","Bilingual Child Care & Education Center Inc","103","Ages Served: Infants Toddlers Preschool","None","Services: Day Program","Minnesota Department of Human Services","09/07/2010","01/01/2026","12/31/2026","   ","",
"1095965","Child Care Center","Bilingual Child Care & Education Center, INC","720 Wildwood Rd","","","Mahtomedi","MN","55115-1852","Washington","","Active","Bilingual Child Care & Education Center Inc","106","Ages Served: Infants Toddlers Preschool","None","Services: Day Program","Minnesota Department of Human Services","01/28/2019","01/01/2026","12/31/2026","   ","",
"830742","Child Care Center","Blackduck Head Start","372 Summit Ave W","","","Blackduck","MN","56630-2137","Beltrami","(218) 835-7164","Active","Bi-County Community Action Programs Inc.","10 ","Ages Served: Toddlers","None","Services: Day Program","Minnesota Department of Human Services","08/03/1998","01/01/2026","12/31/2026","   ","",
"1098139","Child Care Center","Blackjack Babies","848 Chestnut St","","","Dawson","MN","56232     ","Lac Qui Parle","(507) 430-1005","Active","Dawson-Boyd Public School District 0378-01","41 ","Ages Served: Infants Toddlers","None","Services: Day Program","Minnesota Department of Human Services","05/06/2019","01/01/2026","12/31/2026","   ","",
"2001629","Child Care Center","Blake Child Learning Center Inc","8353 Excelsior Blvd","","","Hopkins","MN","55343     ","Hennepin","(952) 292-0333","Active","Blake Child Learning Center Inc","51 ","Ages Served: Infant;Toddler;Preschool;School Age","None","Services: Day Program","Minnesota Department of Human Services","04/14/2025","01/01/2026","12/31/2026","   ","",
"1117080","Child Care Center","Blake Early Learning Center","110 Blake Rd S","","","Hopkins","MN","55343-2021","Hennepin","(952) 988-3400","Active","The Blake School","183","Ages Served: Preschool School-Age","None","Services: Day Program","Minnesota Department of Human Services","08/31/2023","01/01/2026","12/31/2026","   ","",
"802398","Child Care Center","Blessed Trinity Preschool","7540 Penn Ave S","","","Richfield","MN","55423-3629","Hennepin","(612) 866-6906","Active","Blessed Trinity Catholic School of Richfield, Minnesota","40 ","Ages Served: Preschool","Maximum number of school age children in the program is 15.","Services: Day Program","Minnesota Department of Human Services","01/09/1979","01/01/2026","12/31/2026","   ","",
"2001559","Child Care Center","Blissful Beginnings Child Care","211 Cleveland St S","","","Cambridge","MN","55008     ","Isanti","(763) 657-9529","Active","Blissful Beginnings Child Care","49 ","Ages Served: Infants Toddlers Preschool","None","Services: Day Program","Minnesota Department of Human Services","10/09/2024","01/01/2026","12/31/2026","   ","",
"2001769","Child Care Center","Blissful Beginnings Child Care","820 Howe Ave","","","Mora","MN","55051     ","Kanabec","(763) 657-9529","Active","Blissful Beginnings Child Care","37 ","Ages Served: Infants Toddlers Preschool","None","Services: Day Program","Minnesota Department of Human Services","12/02/2025","12/02/2025","12/31/2025","   ","",
"1097990","Child Care Center","Bloom Early Learning","3755 Dunkirk Ln N","","","Plymouth","MN","55446-3003","Hennepin","","Active","Bloom Early Learning","46 ","Ages Served: Infants Toddlers Preschool","None","Services: Day Program","Minnesota Department of Human Services","06/17/2019","01/01/2026","12/31/2026","   ","",
"1005558","Child Care Center","Bloom Early Learning","17805 County Road 6","","","Plymouth","MN","55447-2904","Hennepin","","Active","Bloom Early Learning","72 ","Ages Served: Infants Toddlers Preschool","None","Services: Day Program","Minnesota Department of Human Services","06/29/2000","01/01/2026","12/31/2026","   ","",
"1087036","Child Care Center","Blooming Kids Child Care Center Inc","1209 W Saint Germain St","","","Saint Cloud","MN","56301-3457","Stearns","(320) 223-4902","Active","Blooming Kids Child Care Center Inc","113","Ages Served: Infants Toddlers Preschool School-Age","None","Services: Day Program","Minnesota Department of Human Services","01/01/2018","01/01/2026","12/31/2026","   ","",
"2001929","Child Care Center","Bloomstone Childcare Center LLC","50 10th Ave S","","","Waite Park","MN","56387     ","Stearns","(320) 237-1575","Active","Bloomstone Childcare Center L.L.C.","18 ","Ages Served: Preschool School-Age","Per State Fire Marshal no children under 2 1/2 years of age.","Services: Day Program, School-age Child Care Program","Minnesota Department of Human Services","06/04/2026","06/04/2026","12/31/2026","   ","",
"2000267","Child Care Center","Blossom Bridge Child Care","5525 141st St N","","","Hugo","MN","55038     ","Washington","(651) 300-9554","Active","Blossom Bridge Childcare Hugo LLC","81 ","Ages Served: Infants Toddlers Preschool","None","Services: Day Program","Minnesota Department of Human Services","09/17/2024","01/01/2026","12/31/2026","   ","",
"804602","Child Care Center","Brainerd Head Start","2410 Oak St","","","Brainerd","MN","56401-3814","Crow Wing","(218) 829-2410","Active","Tri-County Community Action Partnership, Inc.","108","Ages Served: Infants Toddlers Preschool","None","Services: Day Program","Minnesota Department of Human Services","02/27/1992","01/01/2026","12/31/2026","   ","",
"800229","Child Care Center","Breck School Preschool and Extended Care","123 Ottawa Ave N","","","Minneapolis","MN","55422-5124","Hennepin","(763) 381-8221","Active","Breck School","80 ","Ages Served: Preschool","None","Services: Day Program","Minnesota Department of Human Services","09/08/1975","01/01/2026","12/31/2026","   ","",
"1116546","Child Care Center","Bridge Academy of Early Learning","19805 Headwaters Blvd N","","","Forest Lake","MN","55025-4900","Washington","","Active","Growing Generations Child Development Center Forest Lake LLC","154","Ages Served: Infants Toddlers Preschool School-Age","None","Services: Day Program","Minnesota Department of Human Services","03/06/2023","10/28/2025","12/31/2026","   ","",
"1055403","Child Care Center","Bridge to Knowledge Montessori","11337 Flintwood St NW","","","Coon Rapids","MN","55448     ","Anoka","(763) 780-5111","Active","HaenaCorp, Inc.","42 ","Ages Served: Infants Toddlers Preschool School-Age","None","Services: Day Program","Minnesota Department of Human Services","11/13/2009","01/01/2026","12/31/2026","   ","",
"2000123","Child Care Center","Bright Academy Childcare Center, LLC","1790 Lexington Ave N Ste C","Ste C","","Saint Paul","MN","55113     ","Ramsey","(651) 219-4110","Pending Reopening as of 03/21/2026","Bright Academy Childcare Center, LLC","66 ","Ages Served: Infants Toddlers Preschool School-Age","None","Services: Day Program","Minnesota Department of Human Services","03/14/2025","01/01/2026","12/31/2026","   ","",
"1113956","Child Care Center","Bright Beginnings Academy","100 Cobblestone Ln","","","Burnsville","MN","55337     ","Dakota","","Active","Little Newtons Operating, LLC","84 ","Ages Served: Infants Toddlers Preschool","None","Services: Day Program","Minnesota Department of Human Services","07/24/2023","01/01/2026","12/31/2026","   ","",
"1111720","Child Care Center","Bright Beginnings Academy","12325 Highway 55","","","Plymouth","MN","55441     ","Hennepin","(763) 231-0527","Active","Little Newtons Operating, LLC","262","Ages Served: Infants Toddlers Preschool School-Age","None","Services: Day Program","Minnesota Department of Human Services","01/01/2024","01/01/2026","12/31/2026","   ","",
"1115165","Child Care Center","Bright Beginnings Childcare & Learning Center","4817 Viking Blvd NE","","","East Bethel","MN","55092-9558","Anoka","(612) 309-4134","Active","Bright Beginnings Childcare and Learning Center LLC","66 ","Ages Served: Infants Toddlers Preschool","None","Services: Day Program","Minnesota Department of Human Services","03/06/2023","01/01/2026","12/31/2026","   ","",
"1085255","Child Care Center","Bright Beginnings Childcare & Learning Center","11318 North Ave","","","Chisago City","MN","55013-9821","Chisago","(651) 257-0577","Active","Bright Beginnings Childcare and Learning Center LLC","53 ","Ages Served: Infants Toddlers Preschool","None","Services: Day Program","Minnesota Department of Human Services","12/05/2017","01/01/2026","12/31/2026","   ","",
"1102022","Child Care Center","Bright Beginnings Early Childcare Center LLC","9675 63rd Ave N","","","Maple Grove","MN","55369-6253","Hennepin","(763) 531-1889","Active","Bright Beginnings Early Childcare Center LLC","37 ","Ages Served: Infants Toddlers Preschool","None","Services: Day Program","Minnesota Department of Human Services","01/01/2021","01/01/2026","12/31/2026","   ","",
"2001582","Child Care Center","Bright Beginnings-Ms. Nicole's Early Learning Center","236 15th Ave SW","","","Baudette","MN","56623     ","Lake of the Woods","","Active","Nicole Gate DBA Bright Beginnings Pre-K","20 ","Ages Served: Preschool","Per health inspector, the facility may offer pre-packaged, single-serve, non-time/temperature control for safety (TCS) snacks.; Per State Fire Marshal temporary occupancy granted until September 30,2026.","Services: Day Program","Minnesota Department of Human Services","09/09/2025","11/18/2025","12/31/2026","   ","",
"1055759","Child Care Center","Bright Child Child Development Center Inc","110 6th Ave N","","","Princeton","MN","55371-1626","Mille Lacs","","Active","Bright Child, Inc.","107","Ages Served: Infants Toddlers Preschool School-Age","None","Services: Day Program","Minnesota Department of Human Services","01/11/2010","01/01/2026","12/31/2026","   ","",
"1098104","Child Care Center","Bright Future Academy Corp","1541 5th Ave S","","","South Saint Paul","MN","55075     ","Dakota","(651) 457-4116","Active","Bright Future Academy Corp","73 ","Ages Served: Infants Toddlers Preschool School-Age","None","Services: Day Program","Minnesota Department of Human Services","04/13/2020","01/01/2026","12/31/2026","   ","",
"1121505","Child Care Center","Bright Future Child Care Center","5139 Brooklyn Blvd","","","Brooklyn Center","MN","55429-3404","Hennepin","(612) 486-2812","Active","Bright Future Child Care Center LLC","24 ","Ages Served: Toddlers Preschool School-Age","None","Services: Day Program","Minnesota Department of Human Services","10/28/2024","01/01/2026","12/31/2026","   ","",
"1058249","Child Care Center","Bright Horizons Children's Centers LLC dba: Mayo Employees Back-Up CCC","3535 40th Ave NW Ste 100","","","Rochester","MN","55901-1769","Olmsted","(507) 282-2707","Active","Bright Horizons Children's Centers LLC","181","Ages Served: Infants Toddlers Preschool School-Age","None","Services: Day Program","Minnesota Department of Human Services","09/20/2010","01/01/2026","12/31/2026","   ","",
"1059651","Child Care Center","Bright Horizons Childrens Centers LLC dba Allianz Bright Beginnings","5901 Golden Hills Dr","","","Golden Valley","MN","55416-1225","Hennepin","(763) 765-6600","Active","Bright Horizons Children's Centers LLC","100","Ages Served: Infants Toddlers Preschool","None","Services: Day Program","Minnesota Department of Human Services","05/16/2011","01/01/2026","12/31/2026","   ","",
"1037617","Child Care Center","Bright Horizons Minneapolis at Tenth Street","34 S 10th St","","","Minneapolis","MN","55403-2033","Hennepin","(612) 332-7800","Active","Bright Horizons Children's Centers LLC","52 ","Ages Served: Infants Toddlers Preschool School-Age","None","Services: Day Program","Minnesota Department of Human Services","09/12/2005","01/01/2026","12/31/2026","   ","",
"1037620","Child Care Center","Bright Horizons Minnetonka","111 Cheshire Ln Ste 900","","","Minnetonka","MN","55305-1054","Hennepin","(952) 473-1467","Active","Bright Horizons Children's Centers LLC","48 ","Ages Served: Infants Toddlers Preschool School-Age","None","Services: Day Program","Minnesota Department of Human Services","09/12/2005","01/01/2026","12/31/2026","   ","",
"1037619","Child Care Center","Bright Horizons Woodbury","8147 Globe Dr Ste 110","","","Woodbury","MN","55125-3374","Washington","(651) 501-7722","Active","Bright Horizons Children's Centers LLC","75 ","Ages Served: Infants Toddlers Preschool School-Age","None","Services: Day Program","Minnesota Department of Human Services","09/12/2005","01/01/2026","12/31/2026","   ","",
"1080450","Child Care Center","Bright Minds Child Care Inc","3504 Snelling Ave","","","Minneapolis","MN","55406     ","Hennepin","","Active","Bright Minds Child Care Center Inc.","64 ","Ages Served: Infants Toddlers Preschool School-Age","None","Services: Day Program","Minnesota Department of Human Services","07/22/2016","03/12/2026","12/31/2026","   ","",
"801996","Child Care Center","Bright Prospects Cooperative Preschool","2730 E 31st St","","","Minneapolis","MN","55406-1923","Hennepin","(612) 470-4183","Active","Bright Prospects Cooperative Preschool","15 ","Ages Served: Preschool","None","Services: Day Program","Minnesota Department of Human Services","01/01/1999","01/01/2026","12/31/2026","   ","",
"1111869","Child Care Center","Bright Side Daycare LLC","3424 E Lake St","","","Minneapolis","MN","55406-2150","Hennepin","(612) 306-7304","Active","Bright Side Daycare LLC","91 ","Ages Served: Infants Toddlers Preschool School-Age","None","Services: Day Program","Minnesota Department of Human Services","03/30/2022","08/26/2026","12/31/2026","   ","",
"1075984","Child Care Center","Bright Star Daycare","4923 W Frontage Rd N","","","Rochester","MN","55901     ","Olmsted","(507) 258-5845","Active","Bright Star Daycare LLC","72 ","Ages Served: Infants Toddlers Preschool School-Age","None","Services: Day Program","Minnesota Department of Human Services","03/26/2015","01/07/2026","12/31/2026","   ","",
"1065075","Child Care Center","Bright Stars Learning Center Inc","7836 2nd Ave S","","","Bloomington","MN","55420-1206","Hennepin","(952) 888-4341","Active","Bright Stars Learning Center Inc.","114","Ages Served: Infants Toddlers Preschool School-Age","None","Services: Day Program","Minnesota Department of Human Services","06/10/2013","01/01/2026","12/31/2026","   ","",
"1064579","Child Care Center","Bright Start Child Care Center Inc","1197 University Ave W # 106","","","Saint Paul","MN","55104-4124","Ramsey","","Active","Bright Start Child Care Center Inc","153","Ages Served: Infants Toddlers Preschool School-Age","None","Services: Day Program","Minnesota Department of Human Services","01/03/2013","01/01/2026","12/31/2026","   ","",
"2002147","Child Care Center","Brightness Academy LLC","3150 W Park Dr","","","Burnsville","MN","55306     ","Dakota","(612) 352-0635","Active","Brightness Academy LLC","85 ","Ages Served: Infants Toddlers Preschool School-Age","None","Services: Day Program, School-age Child Care Program","Minnesota Department of Human Services","04/06/2026","04/06/2026","12/31/2026","   ","",
"1113280","Child Care Center","Broadmain Academy Inc","119 Broadway St NE","","","Minneapolis","MN","55413     ","Hennepin","(612) 584-4131","Active","Broadmain Academy Inc","73 ","Ages Served: Infants Toddlers Preschool School-Age","None","Services: Day Program","Minnesota Department of Human Services","07/11/2022","01/01/2026","12/31/2026","   ","",
"800252","Child Care Center","Brookdale Christian Center Daycare","6030 Xerxes Ave N","","","Brooklyn Center","MN","55430-2314","Hennepin","(763) 561-0148","Active","Brookdale Christian Daycare Center","62 ","Ages Served: Infants Toddlers Preschool","None","Services: Day Program","Minnesota Department of Human Services","11/01/1964","01/01/2026","12/31/2026","   ","",
"1097461","Child Care Center","Brookdale Learning Center Ltd.","7808 Yates Ave N","","","Brooklyn Park","MN","55443-3025","Hennepin","(763) 205-4693","Active","Brookdale Learning Center Ltd","110","Ages Served: Infants Toddlers Preschool School-Age","None","Services: Day Program","Minnesota Department of Human Services","04/30/2019","06/17/2026","12/31/2026","   ","",
"2001770","Child Care Center","Bruce Vento","409 Case Ave","","","Saint Paul","MN","55130     ","Ramsey","(651) 603-5807","Active","Community Action Partnership of Ramsey and Washington Counties","40 ","Ages Served: Preschool","None","Services: Day Program","Minnesota Department of Human Services","09/03/2025","07/21/2026","12/31/2026","   ","",
"1053996","Child Care Center","Bubbling Brook Child Care","6221 Rice Lake Rd","","","Duluth","MN","55803-9346","St. Louis","(218) 721-4699","Active","Waters of Life","128","Ages Served: Infants Toddlers Preschool School-Age","None","Services: Day Program","Minnesota Department of Human Services","09/15/2009","01/01/2026","12/31/2026","   ","",
"802059","Child Care Center","Building Blocks Christian Preschool","61 Mississippi St NE","","","Fridley","MN","55432-4318","Anoka","(763) 574-7445","Active","Redeemer Lutheran Church","20 ","Ages Served: Preschool","None","Services: Day Program","Minnesota Department of Human Services","10/01/1962","01/01/2026","12/31/2026","   ","",
"1101716","Child Care Center","Building Blocks Early Learning Center","32962 Vickers St NE","","","Cambridge","MN","55008-7832","Isanti","","Active","Christ Evangelical Lutheran Church of Cambridge, Minnesota","12 ","Ages Served: Toddler;Preschool","None","Services: Day Program","Minnesota Department of Human Services","12/31/2019","01/01/2026","12/31/2026","   ","",
"2002018","Child Care Center","Building Blocks Learning Center and Childcare","610 Summit Dr","","","Fairmont","MN","56031     ","Martin","(507) 235-5021","Active","Lakeview Methodist Health Care Center","96 ","Ages Served: Infants Toddlers Preschool School-Age","None","Services: Day Program, Drop-in Child Care Program","Minnesota Department of Human Services","01/01/2026","07/07/2026","12/31/2026","   ","",
"1080554","Child Care Center","Burnsville Learning Center Inc","12190 County Road 11","","","Burnsville","MN","55337-3018","Dakota","(952) 882-2908","Closed as of 06/11/2026","Burnsville Learning Center Inc","126","Ages Served: Infants Toddlers Preschool School-Age","None","Services: Day Program","Minnesota Department of Human Services","11/07/2016","01/01/2026","12/31/2026","   ","",
"1073055","Child Care Center","Butterfly Hill Nature Preschool Inc","2210 6th Ave E","","","Alexandria","MN","56308-2183","Douglas","(320) 763-0130","Active","Butterfly Hill Nature Preschool, Inc.","40 ","Ages Served: Preschool","None","Services: Day Program","Minnesota Department of Human Services","09/02/2014","01/01/2026","12/31/2026","   ","",
"2000092","Child Care Center","Cadence Academy of Victoria","7840 Victoria Dr","","","Victoria","MN","55386     ","Carver","(952) 443-3196","Active","Cadence Education, LLC","98 ","Ages Served: Infant;Toddler;Preschool","None","Services: Day Program","Minnesota Department of Human Services","08/12/2024","01/01/2026","12/31/2026","   ","",
"2000094","Child Care Center","Cadence Academy of Waconia","240 E Frontage Rd","","","Waconia","MN","55387-1861","Carver","(952) 442-8698","Closed as of 09/04/2026","Cadence Education, LLC","74 ","Ages Served: Infants Toddlers Preschool School-Age","None","Services: Day Program","Minnesota Department of Human Services","09/03/2024","01/01/2026","12/31/2026","   ","",
"800289","Child Care Center","Calvary Child Care Center","7520 Golden Valley Rd","","","Golden Valley","MN","55427-4506","Hennepin","(763) 541-9774","Active","Calvary Lutheran Church of Golden Valley","76 ","Ages Served: Infants Toddlers Preschool","None","Services: Day Program","Minnesota Department of Human Services","10/18/1982","01/01/2026","12/31/2026","   ","",
"800387","Child Care Center","Calvary Lutheran Pre-kindergarten","7520 Golden Valley Rd","","","Golden Valley","MN","55427-4506","Hennepin","(763) 545-5933","Active","Calvary Lutheran Church of Golden Valley","54 ","Ages Served: Toddler;Preschool","None","Services: Day Program","Minnesota Department of Human Services","10/01/1961","08/25/2026","12/31/2026","   ","",
"800290","Child Care Center","Calvary Lutheran Preschool","605 Douglas St","","","Alexandria","MN","56308-1732","Douglas","(320) 763-5178","Active","Calvary Lutheran Church","62 ","Ages Served: Preschool","None","Services: Day Program","Minnesota Department of Human Services","05/10/1990","01/01/2026","12/31/2026","   ","",
"800291","Child Care Center","Calvary Lutheran Preschool","2508 Washington Ave SE","","","Bemidji","MN","56601-8847","Beltrami","(218) 751-1893","Active","Calvary Lutheran Church of Bemidji","65 ","Ages Served: Preschool","None","Services: Day Program","Minnesota Department of Human Services","09/15/1986","01/01/2026","12/31/2026","   ","",
"1110823","Child Care Center","Calvary Preschool and Early Learning Center","18360 Minnetonka Blvd","","","Wayzata","MN","55391-3232","Hennepin","(763) 545-5933","Active","Calvary Lutheran Church of Golden Valley","44 ","Ages Served: Toddlers Preschool","None","Services: Day Program","Minnesota Department of Human Services","01/01/2022","01/01/2026","12/31/2026","   ","",
"1078627","Child Care Center","Canoga Park Childcare","1301 Canoga Park Dr","","","Marshall","MN","56258     ","Lyon","(507) 929-9872","Active","Canoga Park Childcare LLC","38 ","Ages Served: Infants Toddlers Preschool","None","Services: Day Program","Minnesota Department of Human Services","10/09/2015","01/01/2026","12/31/2026","   ","",
"1083723","Child Care Center","Canoga Park Childcare West","702 E Southview Dr","","","Marshall","MN","56258     ","Lyon","(507) 532-9503","Active","Canoga Park Childcare LLC","74 ","Ages Served: Infants Toddlers Preschool School-Age","Per state fire marshal, doors between two buildings must be self-closing and remain closed at all times.","Services: Day Program","Minnesota Department of Human Services","03/13/2017","01/01/2026","12/31/2026","   ","",
"1113937","Child Care Center","CAPS Care","511 W Main St","","","Caledonia","MN","55921-1869","Houston","(507) 408-0060","Active","Caledonia Public School District 0299-01","33 ","Ages Served: Infants Toddlers","None","Services: Day Program","Minnesota Department of Human Services","08/15/2022","01/01/2026","12/31/2026","   ","",
"2001863","Child Care Center","Care Corner Day Care","265 Saint Andrews Dr","","","Mankato","MN","56001     ","Blue Earth","(507) 469-9165","Active","Care Corner Day Care LLC","134","Ages Served: Infants Toddlers Preschool School-Age","None","Services: Day Program","Minnesota Department of Human Services","12/03/2025","01/01/2026","12/31/2026","   ","",
"1106439","Child Care Center","CareOne Childcare Center","116 E 32nd St Ste 100","","","Minneapolis","MN","55408     ","Hennepin","(612) 584-3340","Active","CareOne Childcare Center,Inc","76 ","Ages Served: Infants Toddlers Preschool School-Age","None","Services: Day Program","Minnesota Department of Human Services","06/28/2021","01/01/2026","12/31/2026","   ","",
"800314","Child Care Center","Caring for Children","5835 Lyndale Ave S","","","Minneapolis","MN","55419-2221","Hennepin","(612) 866-1632","Active","Richfield United Methodist Church of Minneapolis","80 ","Ages Served: Infants Toddlers Preschool","None","Services: Day Program","Minnesota Department of Human Services","10/01/1984","01/01/2026","12/31/2026","   ","",
"800319","Child Care Center","Carol Matheys Center for Children & Families","6060 43rd St N","","","Oakdale","MN","55128-2500","Washington","(651) 777-6668","Active","Carol Matheys Center for Children & Families, Inc.","62 ","Ages Served: Preschool School-Age","None","Services: Day Program","Minnesota Department of Human Services","10/19/1970","01/01/2026","12/31/2026","   ","",
"800320","Child Care Center","Carol's Corner Child Care Center","3120 Labore Rd","","","Saint Paul","MN","55109     ","Ramsey","(651) 484-9774","Active","Carol's Corner Child Care Center","21 ","Ages Served: Preschool School-Age","Maximum number of Schoolage in the Preschool/School age classroom is 10","Services: Day Program","Minnesota Department of Human Services","04/24/1973","01/01/2026","12/31/2026","   ","",
"1105682","Child Care Center","Carondelet Catholic School","2900 W 44th St","","","Minneapolis","MN","55410-1551","Hennepin","(612) 920-9075","Active","Carondelet Catholic School","30 ","Ages Served: Preschool","None","Services: Day Program","Minnesota Department of Human Services","02/15/2021","01/01/2026","12/31/2026","   ","",
"1121510","Child Care Center","Casa de Corazon","4000 W 76th St","","","Edina","MN","55435     ","Hennepin","(952) 846-8656","Active","Zuby LLC","161","Ages Served: Infants Toddlers Preschool","None","Services: Day Program","Minnesota Department of Human Services","01/02/2024","01/01/2026","12/31/2026","   ","",
"2002328","Child Care Center","Casa de Corazón","220 1st Ave NE","","","Minneapolis","MN","55413     ","Hennepin","(612) 274-7198","Active","Little Hearts Learning LLC","61 ","Ages Served: Infants Toddlers Preschool","None","Services: Day Program","Minnesota Department of Human Services","05/19/2026","05/19/2026","12/31/2026","   ","",
"2000102","Child Care Center","Casa de Corazón - Edina 50th and France","5101 France Ave S","","","Minneapolis","MN","55410     ","Hennepin","(612) 886-2453","Active","Bilingual Babies LLC","111","Ages Served: Infants Toddlers Preschool","None","Services: Day Program","Minnesota Department of Human Services","05/28/2024","01/01/2026","12/31/2026","   ","",
"1104825","Child Care Center","Casa de Corazón - Highland Park","770 Howell St S","","","Saint Paul","MN","55116-4414","Ramsey","(651) 456-8608","Active","Bilingual Babies LLC","133","Ages Served: Infants Toddlers Preschool","None","Services: Day Program","Minnesota Department of Human Services","12/14/2020","01/01/2026","12/31/2026","   ","",
"1065654","Child Care Center","Casa de Corazon Inc","8351 Elm Creek Blvd N","","","Maple Grove","MN","55369-4617","Hennepin","(763) 416-3992","Active","Casa de Corazon, Inc.","184","Ages Served: Infants Toddlers Preschool","None","Services: Day Program","Minnesota Department of Human Services","03/10/2014","01/01/2026","12/31/2026","   ","",
"1056212","Child Care Center","Casa de Corazon Inc","3928 Nicollet Ave","","","Minneapolis","MN","55409     ","Hennepin","(612) 824-7831","Active","Casa de Corazon, Inc.","118","Ages Served: Infants Toddlers Preschool","None","Services: Day Program","Minnesota Department of Human Services","02/22/2010","01/01/2026","12/31/2026","   ","",
"1115271","Child Care Center","Casa de Corazon Rochester","970 34th Ave NW","","","Rochester","MN","55901-6600","Olmsted","(507) 735-6532","Active","Casa de Corazon, Inc.","128","Ages Served: Infants Toddlers Preschool","None","Services: Day Program","Minnesota Department of Human Services","02/27/2023","01/01/2026","12/31/2026","   ","",
"2001739","Child Care Center","Casa de Corazón-Woodbury","7805 Hudson Rd Ste 100","","","Woodbury","MN","55125     ","Washington","(612) 464-0496","Active","Dreams Balandra LLC","117","Ages Served: Infant;Toddler;Preschool","None","Services: Day Program","Minnesota Department of Human Services","07/07/2025","01/01/2026","12/31/2026","   ","",
"1120743","Child Care Center","Casino Assembly of God Child Care Center","10387 49th Ave SW","","","Pillager","MN","56473-2148","Cass","(218) 515-3650","Active","Casino Assembly of God","38 ","Ages Served: Infants Toddlers Preschool School-Age","None","Services: Day Program","Minnesota Department of Human Services","04/01/2024","01/01/2026","12/31/2026","   ","",
"1119290","Child Care Center","CC Cares Childcare Center","3261 Rosewood St","","","Pequot Lakes","MN","56472     ","Crow Wing","(218) 821-6975","Active","CC Cares Childcare Center LLC","34 ","Ages Served: Infants Toddlers Preschool School-Age","Maximum number of School age is Five.","Services: Day Program","Minnesota Department of Human Services","07/27/2023","01/01/2026","12/31/2026","   ","",
"1101525","Child Care Center","CCM Health Child Care Center","1025 N 13th St","","","Montevideo","MN","56265     ","Chippewa","","Active","CCM Health","64 ","Ages Served: Infants Toddlers Preschool","None","Services: Day Program","Minnesota Department of Human Services","01/13/2020","04/06/2026","12/31/2026","   ","",
"1088659","Child Care Center","CCRR Head Start Empowerment Center","930 40th St NW","","","Rochester","MN","55901-4273","Olmsted","(507) 251-6814","Active","Child Care Resource and Referral, Inc.","81 ","Ages Served: Infants Toddlers Preschool","None","Services: Day Program","Minnesota Department of Human Services","10/09/2017","01/01/2026","12/31/2026","   ","",
"1104279","Child Care Center","CCRR-NW","2830 18th Ave NW","","","Rochester","MN","55901-7610","Olmsted","(507) 601-7087","Active","Child Care Resource and Referral, Inc.","66 ","Ages Served: Infants Toddlers Preschool","None","Services: Day Program","Minnesota Department of Human Services","08/31/2020","01/01/2026","12/31/2026","   ","",
"1121623","Child Care Center","CDLC of Chanhassen","7750 Galpin Blvd","","","Chanhassen","MN","55317     ","Carver","(763) 780-6147","Active","CDLC Early Learning LLC","420","Ages Served: Infants Toddlers Preschool School-Age","None","Services: Day Program","Minnesota Department of Human Services","04/03/2025","01/01/2026","12/31/2026","   ","",
"1121624","Child Care Center","CDLC of Maple Grove","13001 62nd Pl N","","","Maple Grove","MN","55369-6374","Hennepin","(763) 785-5263","Active","CDLC Early Learning LLC","401","Ages Served: Infants Toddlers Preschool School-Age","None","Services: Day Program","Minnesota Department of Human Services","03/20/2025","01/01/2026","12/31/2026","   ","",
"1081002","Child Care Center","Cedar Child Care Center Inc","3011 Cedar Ave S","","","Minneapolis","MN","55407-1805","Hennepin","(651) 497-5257","Active","Cedar Child Care Center, Inc.","69 ","Ages Served: Infants Toddlers Preschool School-Age","Per building inspector, max capacity of 100 children.","Services: Day Program","Minnesota Department of Human Services","07/26/2017","05/27/2026","12/31/2026","   ","",
"1103854","Child Care Center","Cedar Gland Child Care Center Inc","1525 Glenwood Ave","","","Minneapolis","MN","55405-1227","Hennepin","(612) 377-3447","Active","Cedar Gland Child Care Center Inc.","76 ","Ages Served: Infants Toddlers Preschool School-Age","None","Services: Day Program","Minnesota Department of Human Services","11/02/2020","01/01/2026","12/31/2026","   ","",
"1094333","Child Care Center","Cedar Kids, Inc","2429 N Cedar Ave","","","Owatonna","MN","55060-1244","Steele","(507) 444-0601","Active","Cedar Kids, Inc.","124","Ages Served: Toddlers Preschool School-Age","None","Services: Day Program","Minnesota Department of Human Services","10/15/2018","01/01/2026","12/31/2026","   ","",
"1100086","Child Care Center","Cedar Mountain Cougar Cub Child Care Center","215 2nd Ave E","","","Franklin","MN","55333-4409","Renville","(507) 557-2254","Active","Cedar Mountain School District 2754-01","50 ","Ages Served: Infants Toddlers Preschool School-Age","Maximum number of school age in the Preschool/School Age Classroom is 5 children.; Limited to a max of 5 school-age children in the preschool classroom.","Services: Day Program","Minnesota Department of Human Services","09/16/2019","01/01/2026","12/31/2026","   ","",
"1065928","Child Care Center","Cedar Riverside Child Care Center LLC","404 Cedar Ave S","","","Minneapolis","MN","55454-1033","Hennepin","(612) 338-5399","Active","Cedar Riverside Child Care Center LLC","56 ","Ages Served: Infants Toddlers Preschool School-Age","None","Services: Day Program","Minnesota Department of Human Services","08/19/2013","04/06/2026","12/31/2026","   ","",
"1060410","Child Care Center","Celebrate Preschool Celebration Lutheran Church","1500 Pine Cone Rd","","","Sartell","MN","56377-2187","Stearns","(320) 255-0488","Active","Celebration Lutheran Church","18 ","Ages Served: Preschool","None","Services: Day Program","Minnesota Department of Human Services","08/11/2011","01/01/2026","12/31/2026","   ","",
"1108080","Child Care Center","Celebration Academy","16655 Kenyon Ave","","","Lakeville","MN","55044-8934","Dakota","(952) 232-1920","Active","Celebration Church","94 ","Ages Served: Infants Toddlers Preschool School-Age","None","Services: Day Program","Minnesota Department of Human Services","10/18/2021","01/01/2026","12/31/2026","   ","",
"1060749","Child Care Center","Centaur Beginnings","5910 Shingle Creek Pkwy Ste 1A","","","Brooklyn Center","MN","55430-2322","Hennepin","(763) 272-8533","Closed as of 06/09/2026","Brooklyn Center School District 0286-01","28 ","Ages Served: Infants Toddlers Preschool","None","Services: Day Program","Minnesota Department of Human Services","11/15/2012","01/01/2026","12/31/2026","   ","",
"2001878","Child Care Center","Central Academy Inc.","1711 Central Ave NE","","","Minneapolis","MN","55413     ","Hennepin","(612) 295-2979","Active","Central Academy Inc.","61 ","Ages Served: Infants Toddlers Preschool School-Age","None","Services: Day Program, School-age Child Care Program","Minnesota Department of Human Services","05/06/2026","05/06/2026","12/31/2026","   ","",
"1012883","Child Care Center","Central Lutheran Church Child Care Center","259 W Wabasha St","","","Winona","MN","55987-3259","Winona","(507) 452-5493","Active","Central Lutheran Church","84 ","Ages Served: Infants Toddlers Preschool School-Age","None","Services: Day Program","Minnesota Department of Human Services","08/23/2001","01/01/2026","12/31/2026","   ","",
"2001520","Child Care Center","Central Minnesota Montessori School","2410 1st St N","","","Saint Cloud","MN","56303     ","Stearns","(320) 223-1057","Active","Central Minnesota Montessori School","40 ","Ages Served: Preschool;School Age","None","Services: Day Program","Minnesota Department of Human Services","12/02/2024","01/01/2026","12/31/2026","   ","",
"2000089","Child Care Center","Centrallowry Academy Inc.","2332 Central Ave NE","","","Minneapolis","MN","55418     ","Hennepin","(612) 203-3593","Active","Centrallowry Academy Inc.","59 ","Ages Served: Infants Toddlers Preschool School-Age","None","Services: Day Program, School-age Child Care Program","Minnesota Department of Human Services","06/24/2024","01/01/2026","12/31/2026","   ","",
"2001714","Child Care Center","CH Childcare LLC","2201 37th Ave NE","","","Minneapolis","MN","55421     ","Anoka","(651) 734-3483","Active","CH Childcare LLC","58 ","Ages Served: Infants Toddlers Preschool School-Age","There is a 10 child maximum occupancy in the Toddler, Preschool, School Age 1, School Age 2, and School Age 3 classrooms per the State Fire Marshal.","Services: Day Program, School-age Child Care Program","Minnesota Department of Human Services","05/23/2026","05/23/2026","12/31/2026","   ","",
"2001928","Child Care Center","Champion Child Care LLC","460 Lexington Pkwy N","","","Saint Paul","MN","55104     ","Ramsey","(612) 707-1038","Active","Champion Child Care LLC","100","Ages Served: Infants Toddlers Preschool School-Age","None","Services: Day Program, School-age Child Care Program","Minnesota Department of Human Services","08/01/2026","08/10/2026","12/31/2026","   ","",
"830823","Child Care Center","Chaska Head Start","303 E 6th St","","","Chaska","MN","55318-2103","Carver","(952) 567-8209","Active","Scott-Carver-Dakota CAP Agency, Inc.","20 ","Ages Served: Preschool","None","Services: Day Program","Minnesota Department of Human Services","09/10/1998","01/01/2026","12/31/2026","   ","",
"1106491","Child Care Center","Chester Creek Montessori","1602 E 2nd St","","","Duluth","MN","55812-1656","St. Louis","(218) 721-8381","Active","RSH Education LLC","20 ","Ages Served: Preschool","Per state fire marshal, no more than 5 children under 30 months of age","Services: Day Program","Minnesota Department of Human Services","01/19/2023","01/01/2026","12/31/2026","   ","",
"1099629","Child Care Center","Chicago Child Care Center Inc.","1910 Chicago Ave","","","Minneapolis","MN","55404-1903","Hennepin","(612) 644-7184","Active","Chicago Child Care Center Inc.","114","Ages Served: Infants Toddlers Preschool School-Age","None","Services: Day Program","Minnesota Department of Human Services","10/31/2019","01/20/2026","12/31/2026","   ","",
"804236","Child Care Center","Child Care Resource & Referral Head Start","1026 E Center St","","","Rochester","MN","55904-4658","Olmsted","(507) 287-2020","Active","Child Care Resource and Referral, Inc.","188","Ages Served: Infants Toddlers Preschool","None","Services: Day Program","Minnesota Department of Human Services","09/30/1991","01/01/2026","12/31/2026","   ","",
"800371","Child Care Center","Child Care Resource and Referral Head Start","411 S 1st Ave Ste A","Suite A","","Albert Lea","MN","56007     ","Freeborn","(507) 379-5160","Active","Child Care Resource and Referral, Inc.","56 ","Ages Served: Toddlers Preschool","None","Services: Day Program","Minnesota Department of Human Services","09/18/1986","01/01/2026","12/31/2026","   ","",
"800376","Child Care Center","Child Development and Learning Center","13801 Fairview Dr","","","Burnsville","MN","55337-8316","Dakota","(952) 435-8105","Active","Prince of Peace Lutheran Church of Burnsville, Minnesota","100","Ages Served: Preschool","None","Services: Day Program","Minnesota Department of Human Services","10/06/1971","01/01/2026","12/31/2026","   ","",
"800379","Child Care Center","Child Garden Total Environment Montessori School","1601 Laurel Ave","","","Minneapolis","MN","55403-1205","Hennepin","(612) 377-1698","Active","Child Garden Total Environment Montessori School, Inc.","207","Ages Served: Infants Toddlers Preschool","None","Services: Day Program","Minnesota Department of Human Services","09/04/1979","01/01/2026","12/31/2026","   ","",
"1095744","Child Care Center","Child's Play of St Cloud of MN, INC","1401 W Saint Germain St","","","Saint Cloud","MN","56301-4177","Stearns","(320) 259-4540","Active","Child's Play of St. Cloud MN Inc.","82 ","Ages Served: Infants Toddlers Preschool School-Age","None","Services: Day Program","Minnesota Department of Human Services","10/01/2018","01/01/2026","12/31/2026","   ","",
"2001736","Child Care Center","Children First Childcare, Inc","2512 W Broadway Ave","","","Minneapolis","MN","55411     ","Hennepin","(612) 296-8737","Active","Children First Childcare, Inc","87 ","Ages Served: Infants Toddlers Preschool School-Age","None","Services: Day Program","Minnesota Department of Human Services","10/13/2025","01/01/2026","12/31/2026","   ","",
"1007151","Child Care Center","Children First Christian Preschool","2100 Riverview Dr","","","Little Falls","MN","56345-4402","Morrison","","Active","First Lutheran Church of Little Falls, Minnesota","32 ","Ages Served: Preschool","None","Services: Day Program","Minnesota Department of Human Services","09/29/2000","03/25/2026","12/31/2026","   ","",
"1025811","Child Care Center","Children of Grace Childcare Education Center","4010 9th Ave W","","","Hibbing","MN","55746-3005","St. Louis","(218) 263-5683","Active","Grace Lutheran Church","81 ","Ages Served: Infants Toddlers Preschool School-Age","None","Services: Day Program","Minnesota Department of Human Services","09/22/2003","01/01/2026","12/31/2026","   ","",
"830355","Child Care Center","Children of Hope Preschool","5730 179th Ln NW","","","Anoka","MN","55303-3332","Anoka","(763) 753-2057","Active","Children of Hope Preschool","40 ","Ages Served: Preschool School-Age","None","Services: Day Program","Minnesota Department of Human Services","09/01/1997","01/01/2026","12/31/2026","   ","",
"1088719","Child Care Center","Children of Joy Preschool","825 Golf Ave SW","","","Pine City","MN","55063-5016","Pine","(320) 629-2985","Active","Children of Joy Preschool","20 ","Ages Served: Preschool","None","Services: Day Program","Minnesota Department of Human Services","01/02/2018","01/01/2026","12/31/2026","   ","",
"800396","Child Care Center","Children's Corner Early Learning Center","3821 Abbott Dr","","","Willmar","MN","56201-9560","Kandiyohi","","Active","Willmar Assembly of God Church","62 ","Ages Served: Infants Toddlers Preschool","None","Services: Day Program","Minnesota Department of Human Services","06/07/1972","01/01/2026","12/31/2026","   ","",
"800394","Child Care Center","Children's Corner Learning Center","2300 College Way","P O Box 696","","Fergus Falls","MN","56537-1062","Otter Tail","(218) 739-2847","Active","Fergus Falls Community Child Care Center, Inc.","89 ","Ages Served: Infants Toddlers Preschool School-Age","None","Services: Day Program","Minnesota Department of Human Services","09/16/1971","01/01/2026","12/31/2026","   ","",
"800398","Child Care Center","Children's Country Preschool","11024 Church St NE","","","Hanover","MN","55341-4035","Wright","","Active","Children's Country Preschool","52 ","Ages Served: Preschool School-Age","Not To Exceed 5 School Age","Services: Day Program","Minnesota Department of Human Services","09/04/1973","01/01/2026","12/31/2026","   ","",
"800399","Child Care Center","Children's Day Montessori","3124 Southway Dr","","","Saint Cloud","MN","56301-9589","Stearns","(320) 251-0865","Active","Children's Day Montessori, Inc.","80 ","Ages Served: Preschool School-Age","None","Services: Day Program","Minnesota Department of Human Services","11/01/1986","01/01/2026","12/31/2026","   ","",
"1014894","Child Care Center","Children's Discovery Academy of Early Learning","3665 Talmage Cir","","","Saint Paul","MN","55110-4103","Ramsey","(651) 653-9871","Active","Children's Discovery Child Care & Learning Centers, Inc.","134","Ages Served: Infants Toddlers Preschool","None","Services: Day Program","Minnesota Department of Human Services","01/02/2002","01/01/2026","12/31/2026","   ","",
"1014899","Child Care Center","Children's Discovery Academy of Early Learning","433 Little Canada Rd E","","","Little Canada","MN","55117-1696","Ramsey","","Active","Children's Discovery Child Care & Learning Centers, Inc.","118","Ages Served: Infants Toddlers Preschool","None","Services: Day Program","Minnesota Department of Human Services","01/02/2002","01/01/2026","12/31/2026","   ","",
"800403","Child Care Center","Children's Farm School","13241 30th St N","","","Stillwater","MN","55082-1325","Washington","(651) 439-7745","Active","The Children's Farm, Inc.","20 ","Ages Served: Preschool","None","Services: Day Program","Minnesota Department of Human Services","09/01/1976","01/01/2026","12/31/2026","   ","",
"809321","Child Care Center","Children's House","150 Wiecking Ctr # Mn","","","Mankato","MN","56001-6061","Blue Earth","(507) 389-1645","Active","Minnesota State Colleges and Universities - Mankato","90 ","Ages Served: Infants Toddlers Preschool","None","Services: Day Program","Minnesota Department of Human Services","06/21/1995","01/01/2026","12/31/2026","   ","",
"800419","Child Care Center","Children's Kingdom Preschool","911 S Prairie Ave","","","Fairmont","MN","56031-3023","Martin","(507) 235-2650","Active","Saint John Vianney Catholic Church of Fairmont, Minnesota","20 ","Ages Served: Preschool","None","Services: Day Program","Minnesota Department of Human Services","08/17/1990","01/01/2026","12/31/2026","   ","",
"1005240","Child Care Center","Children's Way Preschool","3382 Lexington Ave N","","","Shoreview","MN","55126-8108","Ramsey","(651) 484-5719","Active","Presbyterian Church of the Way","20 ","Ages Served: Preschool","Facility may be temporarily occupied until 10/23/26 per Deputy State Fire Marshal.","Services: Day Program","Minnesota Department of Human Services","08/25/2000","01/01/2026","12/31/2026","   ","",
"810864","Child Care Center","Children's Workshop","2190 W Wayzata Blvd","","","Long Lake","MN","55356-9587","Hennepin","","Active","Children's Workshop","121","Ages Served: Infants Toddlers Preschool School-Age","Maximum number of school age children in the Maple, Birch and River Rooms is 25.","Services: Day Program","Minnesota Department of Human Services","10/01/1996","01/01/2026","12/31/2026","   ","",
"1057341","Child Care Center","Childrens Corner","320 6th Ave SW","","","Perham","MN","56573-1508","Otter Tail","(218) 346-5440","Active","Fergus Falls Community Child Care Center, Inc.","65 ","Ages Served: Infants Toddlers Preschool","None","Services: Day Program","Minnesota Department of Human Services","06/14/2010","01/01/2026","12/31/2026","   ","",
"804270","Child Care Center","Chisholm Head Start","301 4th St SW","","","Chisholm","MN","55719     ","St. Louis","","Active","Arrowhead Economic Opportunity Agency, Inc.","20 ","Ages Served: Preschool","None","Services: Day Program","Minnesota Department of Human Services","11/01/1976","09/08/2026","12/31/2026","   ","",
"806293","Child Care Center","Christ Church Preschool","15849 90th St NE","","","Otsego","MN","55330-7449","Wright","(763) 441-5097","Active","Christ Church of Otsego","40 ","Ages Served: Preschool","None","Services: Day Program","Minnesota Department of Human Services","09/13/1993","01/01/2026","12/31/2026","   ","",
"802378","Child Care Center","Christ Community Lutheran Preschool","512 County Road 10 NW","","","Watertown","MN","55388-8405","Carver","(952) 955-1419","Active","Watertown Lutheran Elementary School","20 ","Ages Served: Preschool","None","Services: Day Program","Minnesota Department of Human Services","03/27/1990","01/01/2026","12/31/2026","   ","",
"1092943","Child Care Center","Christ Lutheran Little Lambs Preschool","13815 Cherrywood Dr","","","Baxter","MN","56425-8514","Crow Wing","(218) 829-4105","Active","Christ Evangelical Lutheran Church of Baxter","20 ","Ages Served: Preschool","None","Services: Day Program","Minnesota Department of Human Services","06/18/2018","01/01/2026","12/31/2026","   ","",
"1107825","Child Care Center","Christ Lutheran Preschool","2475 17th Ave E","","","North St Paul","MN","55109-1898","Ramsey","(651) 777-1450","Active","Christ Ev.Lutheran Church of North St. Paul","20 ","Ages Served: Preschool","None","Services: Day Program","Minnesota Department of Human Services","09/07/2021","01/01/2026","12/31/2026","   ","",
"802475","Child Care Center","Christ Memorial Tender Learning Center","13501 Sunset Trl","","","Plymouth","MN","55441-5405","Hennepin","","Active","Christ Memorial Lutheran Church","91 ","Ages Served: Infants Toddlers Preschool","None","Services: Day Program","Minnesota Department of Human Services","11/06/1986","01/01/2026","12/31/2026","   ","",
"2003120","Child Care Center","Christ the King","PO Box 186","PO Box 186","","Browerville","MN","56438     ","Todd","(320) 594-6114","Active","Christ the King School","36 ","Ages Served: Preschool School-Age","Facility does not meet requirements but may temporarily be occupied until 10/17/26, pending completion of orders. Please schedule a follow up visit once corrections have been made.","Services: Day Program","Minnesota Department of Human Services","09/08/2026","09/08/2026","12/31/2026","   ","",
"1001317","Child Care Center","Christian Day Child Academy","16075 Hawthorn Path","","","Lakeville","MN","55044-7570","Dakota","(952) 431-2025","Closed as of 05/21/2026","Christian Day Child Academy","29 ","Ages Served: Preschool","None","Services: Day Program","Minnesota Department of Human Services","08/16/1999","01/01/2026","12/31/2026","   ","",
"2001741","Child Care Center","Christina's Child Care Center Too","7516 Brooklyn Blvd","","","Brooklyn Park","MN","55443     ","Hennepin","(763) 390-5870","Active","Christina's Child Care Center Too","163","Ages Served: Infants Toddlers Preschool School-Age","None","Services: Day Program, School-age Child Care Program","Minnesota Department of Human Services","05/05/2026","05/05/2026","12/31/2026","   ","",
"1059534","Child Care Center","Christinas Child Care Center Inc","5510 W Broadway Ave","","","Crystal","MN","55428-3577","Hennepin","(763) 390-5870","Active","Christinas Child Care Center Inc","121","Ages Served: Infants Toddlers Preschool School-Age","None","Services: Day Program","Minnesota Department of Human Services","05/16/2011","01/01/2026","12/31/2026","   ","",
"2001701","Child Care Center","Circulo de Amigos","2830 Cedar Ave S","","","Minneapolis","MN","55407     ","Hennepin","(218) 839-4459","Active","ALATYR CIRCULO LLC","78 ","Ages Served: Infant;Toddler;Preschool","None","Services: Day Program","Minnesota Department of Human Services","04/18/2025","01/01/2026","12/31/2026","   ","",
"1120143","Child Care Center","Circulo de Ninos","7000 Hinton Ave S","","","Cottage Grove","MN","55016-1809","Washington","(507) 301-7254","Active","Alatyr LLC","47 ","Ages Served: Infants Toddlers Preschool","None","Services: Day Program","Minnesota Department of Human Services","09/02/2025","01/01/2026","12/31/2026","   ","",
"1061168","Child Care Center","City of Lakes Waldorf School","2344 Nicollet Ave Ste 100","","","Minneapolis","MN","55404-3374","Hennepin","","Active","City of Lakes Waldorf School","38 ","Ages Served: Toddler;Preschool;School Age","None","Services: Day Program","Minnesota Department of Human Services","11/20/2014","01/01/2026","12/31/2026","   ","",
"800494","Child Care Center","Civic League Day Nursery","427 6th Ave SW","","","Rochester","MN","55902-3233","Olmsted","(507) 282-5368","Active","Civic League Day Nursery","70 ","Ages Served: Toddlers Preschool","None","Services: Day Program","Minnesota Department of Human Services","03/01/1930","01/01/2026","12/31/2026","   ","",
"1107822","Child Care Center","Clinton Learning Center, Inc.","3012 Clinton Ave Ste 2","","","Minneapolis","MN","55408     ","Hennepin","(612) 532-2967","Closed as of 04/01/2026","Clinton Learning Center, Inc.","88 ","Ages Served: Infants Toddlers Preschool School-Age","None","Services: Day Program","Minnesota Department of Human Services","08/29/2022","01/01/2026","12/31/2026","   ","",
"1053470","Child Care Center","Close to My Heart","1740 Van Dyke St # Attn","","","Maplewood","MN","55109-4715","Ramsey","","Active","Close to My Heart","130","Ages Served: Infants Toddlers Preschool School-Age","None","Services: Day Program","Minnesota Department of Human Services","03/16/2009","01/01/2026","12/31/2026","   ","",
"1115014","Child Care Center","Cloud Academy LLC","405 33rd Ave N","","","Saint Cloud","MN","56303     ","Stearns","(320) 217-2849","Closed as of 04/29/2026","Cloud Academy LLC","88 ","Ages Served: Infants Toddlers Preschool School-Age","None","Services: Day Program","Minnesota Department of Human Services","12/06/2022","01/01/2026","12/31/2026","   ","",
"1114077","Child Care Center","Clover Montessori School","1025 Dodd Rd","","","West St Paul","MN","55118-1113","Dakota","(651) 494-8001","Active","Clover Montessori School LLC","44 ","Ages Served: Toddlers Preschool School-Age","Maximum number of school age in the Children's House classroom is ten.","Services: Day Program","Minnesota Department of Human Services","11/07/2022","01/01/2026","12/31/2026","   ","",
"804115","Child Care Center","Cobber Kids","1306 3rd Ave S","","","Moorhead","MN","56560-2944","Clay","(218) 299-4204","Active","Concordia College","64 ","Ages Served: Toddlers Preschool","None","Services: Day Program","Minnesota Department of Human Services","08/16/1991","01/01/2026","12/31/2026","   ","",
"1060544","Child Care Center","Common Roots Montessori School","1021 Bandana Blvd E Ste 111","Ste 111","","Saint Paul","MN","55108     ","Ramsey","(651) 222-1555","Active","Common Roots Montessori School","74 ","Ages Served: Toddlers Preschool School-Age","No more than 20 school aged children in the program between the two preschool classrooms.","Services: Day Program","Minnesota Department of Human Services","11/18/2011","01/01/2026","12/31/2026","   ","",
"1034020","Child Care Center","Community Alliance Preschool","408 Elm St W","","","Detroit Lakes","MN","56501-2305","Becker","(218) 847-2266","Active","Community Alliance Church of Detroit Lakes","30 ","Ages Served: Preschool","None","Services: Day Program","Minnesota Department of Human Services","09/06/2005","01/01/2026","12/31/2026","   ","",
"800523","Child Care Center","Community Child Care Center","1250 Fifield Ave","","","Falcon Heights","MN","55108-1158","Ramsey","(651) 645-8958","Active","Community Child Care Center, Inc.","50 ","Ages Served: Toddlers Preschool","None","Services: Day Program","Minnesota Department of Human Services","03/19/1975","01/01/2026","12/31/2026","   ","",
"1060643","Child Care Center","Community Christian Preschool","1300 19th Ave SW","","","Willmar","MN","56201-5010","Kandiyohi","(320) 403-5080","Active","Community Christian School of Willmar","40 ","Ages Served: Preschool","None","Services: Day Program","Minnesota Department of Human Services","11/01/2011","01/01/2026","12/31/2026","   ","",
"1063678","Child Care Center","Community of Saints Regional Catholic Preschool Program","335 Hurley St E","","","Saint Paul","MN","55118-1605","Dakota","(651) 457-2510","Active","Community of Saints Regional Catholic School","40 ","Ages Served: Preschool","None","Services: Day Program","Minnesota Department of Human Services","05/31/2013","01/01/2026","12/31/2026","   ","",
"800543","Child Care Center","Como Early Learning Center","1024 27th Ave SE","","","Minneapolis","MN","55414-2702","Hennepin","(612) 331-8340","Active","Como Early Learning Center","50 ","Ages Served: Toddlers Preschool","None","Services: Day Program","Minnesota Department of Human Services","09/22/1975","01/01/2026","12/31/2026","   ","",
"1087459","Child Care Center","Compass Child Care","2853 Northdale Blvd NW","","","Coon Rapids","MN","55433-2821","Anoka","(763) 208-3576","Active","Compass Child Care LLC","96 ","Ages Served: Infants Toddlers Preschool School-Age","None","Services: Day Program","Minnesota Department of Human Services","10/02/2017","01/01/2026","12/31/2026","   ","",
"1103751","Child Care Center","Compass Child Care","1438 215th Ave NE","","","Cedar","MN","55011-4703","Anoka","(763) 381-1616","Active","Compass Child Care LLC","87 ","Ages Served: Infants Toddlers Preschool School-Age","None","Services: Day Program","Minnesota Department of Human Services","07/13/2020","01/01/2026","12/31/2026","   ","",
"2001650","Child Care Center","Compass Child Care","38500 Tanger Dr","","","North Branch","MN","55056     ","Chisago","(763) 381-1616","Active","Compass Child Care LLC","74 ","Ages Served: Infants Toddlers Preschool","None","Services: Day Program","Minnesota Department of Human Services","03/28/2025","01/01/2026","12/31/2026","   ","",
"1099968","Child Care Center","Compass Child Care - University","10041 University Ave NE","","","Blaine","MN","55434-8013","Anoka","(763) 273-4452","Active","Compass Child Care LLC","135","Ages Served: Infants Toddlers Preschool School-Age","None","Services: Day Program","Minnesota Department of Human Services","09/03/2019","01/01/2026","12/31/2026","   ","",
"1102085","Child Care Center","Compass Child Care LLC","302 Credit Union Dr","","","Isanti","MN","55040-4008","Isanti","(763) 444-3774","Active","Compass Child Care LLC","92 ","Ages Served: Infants Toddlers Preschool School-Age","None","Services: Day Program","Minnesota Department of Human Services","01/14/2020","01/01/2026","12/31/2026","   ","",
"1112041","Child Care Center","Compass Child Care, LLC.","8035 Riverdale Dr NW","","","Ramsey","MN","55303-7229","Anoka","(763) 381-1616","Active","Compass Child Care LLC","121","Ages Served: Infants Toddlers Preschool School-Age","None","Services: Day Program","Minnesota Department of Human Services","04/18/2022","01/01/2026","12/31/2026","   ","",
"810856","Child Care Center","Congdon Creek Preschool","2310 E 4th St","","","Duluth","MN","55812-1430","St. Louis","(218) 724-5257","Active","Congdon Creek Preschool, Inc.","35 ","Ages Served: Preschool School-Age","None","Services: Day Program","Minnesota Department of Human Services","10/01/1996","01/01/2026","12/31/2026","   ","",
"1099795","Child Care Center","Connections LLC","4576 232nd St N","","","Forest Lake","MN","55025-9302","Washington","(651) 982-2773","Active","Connections LLC","30 ","Ages Served: School-Age","None","Services: Day Program","Minnesota Department of Human Services","09/16/2019","01/01/2026","12/31/2026","   ","",
"1009811","Child Care Center","Convent of the Visitation School-Montessori","2455 Visitation Dr","","","Mendota Heights","MN","55120     ","Dakota","","Active","The Convent and Academy of the Visitation","40 ","Ages Served: Preschool","None","Services: Day Program","Minnesota Department of Human Services","07/17/2000","01/01/2026","12/31/2026","   ","",
"1088047","Child Care Center","Cook County Child Care Center","105 W 5th St","","","Grand Marais","MN","55604-1337","Cook","(218) 387-3386","Active","Duluth Area Family YMCA","42 ","Ages Served: Infants Toddlers Preschool","None","Services: Day Program","Minnesota Department of Human Services","03/05/2018","01/01/2026","12/31/2026","   ","",
"800552","Child Care Center","Coon Rapids Early Learning Center","10506 Hanson Blvd NW","","","Coon Rapids","MN","55433-4131","Anoka","(763) 755-2412","Active","Coon Rapids United Methodist Church","114","Ages Served: Infants Toddlers Preschool School-Age","None","Services: Day Program","Minnesota Department of Human Services","04/01/1969","01/01/2026","12/31/2026","   ","",
"1012286","Child Care Center","Cornerstone Christian Preschool","13045 Fremont Ave","","","Zimmerman","MN","55398-9417","Sherburne","(763) 856-4561","Active","St. John Lutheran Church of Zimmerman","30 ","Ages Served: Preschool","Per state fire marshal, occupancy of lower level classroom for 10 children only.","Services: Day Program","Minnesota Department of Human Services","09/04/2001","01/01/2026","12/31/2026","   ","",
"1069402","Child Care Center","Cornerstone Early Learning Center","4790 Rosemary Way","","","Hugo","MN","55038     ","Anoka","(651) 444-1144","Active","Christ Ev.Lutheran Church of North St. Paul","74 ","Ages Served: Infants Toddlers Preschool School-Age","None","Services: Day Program","Minnesota Department of Human Services","09/02/2014","02/02/2026","12/31/2026","   ","",
"1051310","Child Care Center","Cornerstone Montessori School","1611 Ames Ave","","","Saint Paul","MN","55106     ","Ramsey","(651) 774-5000","Active","Montessori Training Center of Minnesota, Inc.","72 ","Ages Served: Toddlers Preschool School-Age","Maximum number of school agers in Children's House 1 and Children's House 2 is 25.","Services: Day Program","Minnesota Department of Human Services","08/25/2008","01/01/2026","12/31/2026","   ","",
"1094332","Child Care Center","Cornerstone Preschool and Childcare","305 Elm St","","","Farmington","MN","55024-1028","Dakota","(651) 344-7123","Active","Cornerstone Preschool and Childcare LLC","142","Ages Served: Infants Toddlers Preschool School-Age","None","Services: Day Program","Minnesota Department of Human Services","11/05/2018","01/01/2026","12/31/2026","   ","",
"1063762","Child Care Center","Cosmos Head Start","101 Vesta St S","","","Cosmos","MN","56228     ","Meeker","(320) 235-0850","Active","United Community Action Partnership, Inc.","20 ","Ages Served: Preschool","None","Services: Day Program","Minnesota Department of Human Services","09/17/2012","01/01/2026","12/31/2026","   ","",
"1110097","Child Care Center","Cotter Early Childhood Center","511 Hilbert St","","","Winona","MN","55987     ","Winona","(507) 452-2890","Active","Cotter Schools","244","Ages Served: Infants Toddlers Preschool","None","Services: Day Program","Minnesota Department of Human Services","04/06/2022","01/01/2026","12/31/2026","   ","",
"1029614","Child Care Center","Country School House Daycare Center, Inc.","21919 Typo Creek Dr NE","","","Wyoming","MN","55092-9451","Anoka","","Active","Country School House Daycare Center, Inc.","49 ","Ages Served: Infants Toddlers Preschool","None","Services: Day Program","Minnesota Department of Human Services","11/30/2004","01/01/2026","12/31/2026","   ","",
"800577","Child Care Center","Cradle Club","4530 W 77th St Ste 100","","","Edina","MN","55435-2600","Hennepin","(952) 831-4828","Active","The Cradle Club, Inc.","243","Ages Served: Infants Toddlers Preschool School-Age","None","Services: Day Program","Minnesota Department of Human Services","09/14/1989","01/01/2026","12/31/2026","   ","",
"800522","Child Care Center","Creative Early Learning Center","8 W 60th St","","","Minneapolis","MN","55419-2553","Hennepin","(612) 861-4303","Active","Richfield Evangelical Lutheran Church","160","Ages Served: Infants Toddlers Preschool School-Age","None","Services: Day Program","Minnesota Department of Human Services","03/19/1975","02/20/2026","12/31/2026","   ","",
"1062681","Child Care Center","Creative Kids Academy Inc","2180 N Shore Dr","","","Wayzata","MN","55391     ","Hennepin","(952) 473-1225","Active","Creative Kids Academy, Inc.","99 ","Ages Served: Infants Toddlers Preschool School-Age","None","Services: Day Program","Minnesota Department of Human Services","06/01/2012","01/01/2026","12/31/2026","   ","",
"1053441","Child Care Center","Creative Kids Academy Inc","1135 W Highway 10","","","Anoka","MN","55303     ","Anoka","(763) 323-4067","Active","Creative Kids Academy, Inc.","110","Ages Served: Infants Toddlers Preschool School-Age","None","Services: Day Program","Minnesota Department of Human Services","03/27/2009","01/01/2026","12/31/2026","   ","",
"1053442","Child Care Center","Creative Kids Academy Inc","9100 N Service Dr","","","Circle Pines","MN","55014-3864","Anoka","(763) 780-4087","Active","Creative Kids Academy, Inc.","99 ","Ages Served: Infants Toddlers Preschool School-Age","None","Services: Day Program","Minnesota Department of Human Services","03/27/2009","01/01/2026","12/31/2026","   ","",
"1053443","Child Care Center","Creative Kids Academy Inc","5394 Edgewood Dr","","","Mounds View","MN","55112-1402","Ramsey","(763) 792-4077","Active","Creative Kids Academy, Inc.","126","Ages Served: Infants Toddlers Preschool School-Age","None","Services: Day Program","Minnesota Department of Human Services","03/27/2009","01/01/2026","12/31/2026","   ","",
"1053444","Child Care Center","Creative Kids Academy Inc","1980 Center St","","","Centerville","MN","55038     ","Anoka","(651) 429-4097","Active","Creative Kids Academy, Inc.","88 ","Ages Served: Infants Toddlers Preschool","None","Services: Day Program","Minnesota Department of Human Services","03/27/2009","01/01/2026","12/31/2026","   ","",
"1055189","Child Care Center","Creative Kids Academy Inc","12455 62nd Pl N","","","Maple Grove","MN","55369     ","Hennepin","(763) 559-3700","Active","Creative Kids Academy, Inc.","99 ","Ages Served: Infants Toddlers Preschool School-Age","None","Services: Day Program","Minnesota Department of Human Services","08/31/2009","01/01/2026","12/31/2026","   ","",
"1056456","Child Care Center","Creative Kids Academy Inc","15200 Wayzata Blvd","","","Wayzata","MN","55391     ","Hennepin","(952) 473-2557","Active","Creative Kids Academy, Inc.","92 ","Ages Served: Infant;Toddler;Preschool;School Age","None","Services: Day Program","Minnesota Department of Human Services","03/09/2010","01/01/2026","12/31/2026","   ","",
"1077315","Child Care Center","Creative Kids Academy Inc","14185 Essex Ave","","","Apple Valley","MN","55124     ","Dakota","(952) 423-5566","Active","Creative Kids Academy, Inc.","72 ","Ages Served: Infants Toddlers Preschool School-Age","Maximum number of school age in the PreK classroom is 5","Services: Day Program","Minnesota Department of Human Services","06/08/2015","01/01/2026","12/31/2026","   ","",
"1083770","Child Care Center","Creative Kids Academy Inc","19277 Vernon St NW","","","Elk River","MN","55330     ","Sherburne","(763) 441-5550","Active","Creative Kids Academy, Inc.","99 ","Ages Served: Infants Toddlers Preschool School-Age","Per zoning official, max capacity of facility is 99.","Services: Day Program","Minnesota Department of Human Services","01/01/2017","01/01/2026","12/31/2026","   ","",
"1109140","Child Care Center","Creative Kids Academy Inc","1800 Coon Rapids Blvd NW","","","Coon Rapids","MN","55433     ","Anoka","(763) 205-1640","Active","Creative Kids Academy, Inc.","76 ","Ages Served: Infants Toddlers Preschool School-Age","None","Services: Day Program","Minnesota Department of Human Services","06/01/2021","01/01/2026","12/31/2026","   ","",
"1111830","Child Care Center","Creative Kids Academy Inc","13160 Fremont Ave","","","Zimmerman","MN","55398     ","Sherburne","(763) 856-0010","Active","Creative Kids Academy, Inc.","71 ","Ages Served: Infants Toddlers Preschool School-Age","Maximum number of school age in the preschool/school age classroom is 2.","Services: Day Program","Minnesota Department of Human Services","12/14/2021","01/01/2026","12/31/2026","   ","",
"1100126","Child Care Center","Creative Kids Academy Inc","11078 170th Ave NW","","","Elk River","MN","55330     ","Sherburne","(763) 777-9100","Active","Creative Kids Academy, Inc.","93 ","Ages Served: Infants Toddlers Preschool School-Age","None","Services: Day Program","Minnesota Department of Human Services","07/09/2019","01/01/2026","12/31/2026","   ","",
"1114264","Child Care Center","Creative Kids Academy Inc","2617 Duluth St","","","Maplewood","MN","55109     ","Ramsey","(651) 490-7734","Active","Creative Kids Academy, Inc.","55 ","Ages Served: Infants Toddlers Preschool","None","Services: Day Program","Minnesota Department of Human Services","07/11/2022","01/01/2026","12/31/2026","   ","",
"1081752","Child Care Center","Creative Minds Early Learning Center LLC","1641 Commerce Dr","","","North Mankato","MN","56003-1913","Nicollet","(507) 779-6383","Active","Creative Minds Early Learning Center LLC","63 ","Ages Served: Infants Toddlers Preschool","None","Services: Day Program","Minnesota Department of Human Services","08/29/2016","01/01/2026","12/31/2026","   ","",
"2002011","Child Care Center","Creative Stars Academy Childcare and Learning Center II","301 S Mantorville Ave","Suite 500","","Kasson","MN","55944     ","Dodge","(507) 634-6004","Closed as of 05/23/2026","Creative Stars Academy Childcare and Learning Center II","61 ","Ages Served: Infants Toddlers Preschool School-Age","Per the State Fire Marshal, the Toddler 1 and Toddler 2 classrooms have a max capacity of 10 children in each classroom.","Services: Day Program","Minnesota Department of Human Services","11/10/2025","01/01/2026","12/31/2026","   ","",
"1084850","Child Care Center","Creative Wonders Childcare","1960 Cliff Lake Rd Ste 104A Ste 104B","","","Eagan","MN","55122-2438","Dakota","(651) 454-1264","Active","Suite140B LLC","54 ","Ages Served: Infants Toddlers Preschool School-Age","None","Services: Day Program","Minnesota Department of Human Services","05/08/2017","01/01/2026","12/31/2026","   ","",
"1077423","Child Care Center","Creative Wonders Childcare Co","5985 Carmen Ave","","","Inver Grove Heights","MN","55076-4416","Dakota","(651) 340-8270","Active","Creative Wonders Childcare Co","76 ","Ages Served: Infants Toddlers Preschool School-Age","None","Services: Day Program","Minnesota Department of Human Services","05/22/2015","01/01/2026","12/31/2026","   ","",
"2000075","Child Care Center","Creative Wonders Childcare Co","310 Division St","","","Farmington","MN","55024     ","Dakota","(651) 260-5344","Active","Creative Wonders Childcare Co","63 ","Ages Served: Infants Toddlers Preschool School-Age","None","Services: Day Program","Minnesota Department of Human Services","07/03/2024","01/01/2026","12/31/2026","   ","",
"2001733","Child Care Center","Creciendo Learning Club","4100 66th St E","","","Inver Grove Heights","MN","55076     ","Dakota","(612) 453-6768","Active","Creciendo Learning Club LLC","30 ","Ages Served: School-Age","None","Services: Day Program, School-age Child Care Program","Minnesota Department of Human Services","09/15/2025","01/01/2026","12/31/2026","   ","",
"1094966","Child Care Center","Creekside Children Place","5730 Grove St","","","Edina","MN","55436-2200","Hennepin","(952) 926-1410","Active","Creekside Children's Place, Inc.","98 ","Ages Served: Toddlers Preschool","None","Services: Day Program","Minnesota Department of Human Services","01/02/2019","01/01/2026","12/31/2026","   ","",
"801496","Child Care Center","Creekside Montessori School","106 E Diamond Lake Rd","","","Minneapolis","MN","55419-1925","Hennepin","(612) 825-5914","Active","Creekside Montessori School","103","Ages Served: Toddlers Preschool","None","Services: Day Program","Minnesota Department of Human Services","10/01/1961","01/01/2026","12/31/2026","   ","",
"1066309","Child Care Center","Cross of Christ Lutheran Preschool","9931 Foley Blvd NW","","","Coon Rapids","MN","55433-5204","Anoka","(763) 786-0637","Active","Cross of Christ Evangelical Lutheran Church","46 ","Ages Served: Preschool","None","Services: Day Program","Minnesota Department of Human Services","08/22/2013","01/01/2026","12/31/2026","   ","",
"800596","Child Care Center","Cross View Early Childhood Center","6645 McCauley Trl W","","","Edina","MN","55439     ","Hennepin","(952) 941-0009","Active","Cross View Lutheran Church","128","Ages Served: Infants Toddlers Preschool School-Age","None","Services: Day Program","Minnesota Department of Human Services","09/08/1987","01/01/2026","12/31/2026","   ","",
"800600","Child Care Center","Crossroads Preschool","4225 Gettysburg Ave N","","","New Hope","MN","55428-4742","Hennepin","(763) 536-3239","Active","New Hope Church","60 ","Ages Served: Preschool","None","Services: Day Program","Minnesota Department of Human Services","10/01/1966","01/01/2026","12/31/2026","   ","",
"800574","Child Care Center","Crossview Covenant Church","2000 Howard Dr W","","","North Mankato","MN","56003-1510","Nicollet","(507) 388-2222","Active","Crossview Covenant Church","113","Ages Served: Toddlers Preschool","None","Services: Day Program","Minnesota Department of Human Services","10/20/1971","01/01/2026","12/31/2026","   ","",
"804968","Child Care Center","Crown Christian Preschool","7515 269th Ave NW","","","Saint Francis","MN","55070-9345","Isanti","(763) 856-2099","Active","Crown Christian Preschool","20 ","Ages Served: Preschool","None","Services: Day Program","Minnesota Department of Human Services","01/01/1999","01/01/2026","12/31/2026","   ","",
"1100326","Child Care Center","Crown of Life Preschool","115 Crusader Ave W","","","Saint Paul","MN","55118-4428","Dakota","(651) 451-3832","Active","Crown of Life Evangelical Church","30 ","Ages Served: Preschool","None","Services: Day Program","Minnesota Department of Human Services","08/31/2020","01/01/2026","12/31/2026","   ","",
"1115111","Child Care Center","Crystal's Cuddle Bugs Childcare Center - Lakeville LLC","20044 Kenwood Trl","","","Lakeville","MN","55044-5404","Dakota","(651) 363-7060","Active","Crystal's Cuddle Bugs Childcare Center - Lakeville, LLC","170","Ages Served: Infants Toddlers Preschool School-Age","None","Services: Day Program","Minnesota Department of Human Services","10/16/2023","01/01/2026","12/31/2026","   ","",
"1093042","Child Care Center","Crystals Cuddle Bugs Childcare Center","5089 208th St W","","","Farmington","MN","55024-7934","Dakota","(651) 230-9333","Active","Crystals Cuddle Bugs Childcare Center - Farmington, LLC","119","Ages Served: Infants Toddlers Preschool School-Age","Maximum number of school age in the Preschool 2 classroom is 10 children.","Services: Day Program","Minnesota Department of Human Services","07/30/2018","01/01/2026","12/31/2026","   ","",
"1078336","Child Care Center","Crystals Cuddle Bugs Childcare Center","14865 S Robert Trl","","","Rosemount","MN","55068-3108","Dakota","(651) 900-0245","Active","Crystals Cuddle Bugs Childcare Center LLC","116","Ages Served: Infants Toddlers Preschool School-Age","None","Services: Day Program","Minnesota Department of Human Services","08/31/2015","01/01/2026","12/31/2026","   ","",
"1086313","Child Care Center","Dakota Learning Center Inc","436 Gateway Blvd","","","Burnsville","MN","55337-2559","Dakota","(952) 479-7280","Active","Dakota Learning Center Inc","112","Ages Served: Infants Toddlers Preschool School-Age","None","Services: Day Program","Minnesota Department of Human Services","07/27/2017","01/01/2026","12/31/2026","   ","",
"1011679","Child Care Center","David's Christian Learning Center","4101 Washington St NE","","","Columbia Heights","MN","55421     ","Anoka","(763) 789-4030","Active","St. Matthew Lutheran Church","74 ","Ages Served: Infants Toddlers Preschool","No children under 2.5 years of age may occupy this classroom.; The toddler/preschool classroom requires a 1-7 ratio when toddlers are present.; Per the Fire Marshal, temporary occupancy granted until 6/30/2026.; Per the Fire Marshal, temporary occupancy g","Services: Day Program","Minnesota Department of Human Services","11/19/2001","01/01/2026","12/31/2026","   ","",
"1074753","Child Care Center","Dawn of Discovery","19280 Evans St NW","","","Elk River","MN","55330-1076","Sherburne","(763) 241-7179","Active","Dawn of Discovery LLC","116","Ages Served: Infants Toddlers Preschool","None","Services: Day Program","Minnesota Department of Human Services","01/01/2015","09/08/2026","12/31/2026","   ","",
"1116493","Child Care Center","Degan Daycare","1545 E Lake St","","","Minneapolis","MN","55407-1742","Hennepin","(952) 992-0043","Active","Degan Daycare INC","110","Ages Served: Infants Toddlers Preschool School-Age","None","Services: Day Program","Minnesota Department of Human Services","05/29/2023","04/01/2026","12/31/2026","   ","",
"1048336","Child Care Center","Dei Spring Academy and Child Care","418 5th Ave S","","","Cold Spring","MN","56320-1467","Stearns","(320) 685-7700","Active","Gloria Dei Lutheran Church of Cold Spring, Minnesota","56 ","Ages Served: Infants Toddlers Preschool","None","Services: Day Program","Minnesota Department of Human Services","10/22/2007","01/01/2026","12/31/2026","   ","",
"1107333","Child Care Center","Dei Spring Academy and Child Care Center","601 Red River Ave S","","","Cold Spring","MN","56320     ","Stearns","(320) 686-0119","Active","Gloria Dei Lutheran Church of Cold Spring, Minnesota","22 ","Ages Served: Preschool","None","Services: Day Program","Minnesota Department of Human Services","06/01/2021","01/01/2026","12/31/2026","   ","",
"1083442","Child Care Center","Discover Magical Moments West","2790 Commerce Dr NW","","","Rochester","MN","55901-2262","Olmsted","(507) 529-9390","Active","DMMDC West LLC","184","Ages Served: Infants Toddlers Preschool School-Age","None","Services: Day Program","Minnesota Department of Human Services","06/05/2017","01/01/2026","12/31/2026","   ","",
"1091840","Child Care Center","DiscoverTree Childcare Center LLC","1290 E Burns Valley Rd","","","Winona","MN","55987-4107","Winona","(507) 884-1942","Active","DiscoverTree Childcare Center, LLC","76 ","Ages Served: Infants Toddlers Preschool","None","Services: Day Program","Minnesota Department of Human Services","03/12/2018","01/01/2026","12/31/2026","   ","",
"800655","Child Care Center","Discovery Days Preschool","201 Maple St","","","Lowry","MN","56349     ","Pope","","Active","Discovery Days Preschool","20 ","Ages Served: Preschool","None","Services: Day Program","Minnesota Department of Human Services","05/10/1989","07/30/2026","12/31/2026","   ","",
"2001875","Child Care Center","Discovery Head Start","700 7th St S","","","Waite Park","MN","56387     ","Stearns","(320) 253-8110","Closed as of 06/10/2026","Reach-Up Incorporated","18 ","Ages Served: Preschool","None","Services: Day Program","Minnesota Department of Human Services","10/06/2025","01/01/2026","12/31/2026","   ","",
"1118144","Child Care Center","Discovery Hill","1707 Technology Dr NE","","","Willmar","MN","56201-3387","Kandiyohi","(320) 235-7271","Active","Loving Arms Childcare, LLC","73 ","Ages Served: Infants Toddlers Preschool School-Age","None","Services: Day Program","Minnesota Department of Human Services","06/26/2023","01/01/2026","12/31/2026","   ","",
"1086726","Child Care Center","Discovery Kids","1800 Nevada Ave","","","Benson","MN","56215     ","Swift","(320) 843-2710","Active","Benson Public School District 0777-01","42 ","Ages Served: Infants Toddlers Preschool","None","Services: Day Program","Minnesota Department of Human Services","09/05/2017","01/01/2026","12/31/2026","   ","",
"1051430","Child Care Center","Discovery Montessori Academy","8938 33rd St","","","Princeton","MN","55371     ","Mille Lacs","","Active","Discovery Montessori Academy, Inc.","46 ","Ages Served: Preschool School-Age","None","Services: Day Program","Minnesota Department of Human Services","09/01/2008","01/01/2026","12/31/2026","   ","",
"800657","Child Care Center","Discovery Place","623 Highway 32 S","","","Thief River Falls","MN","56701     ","Pennington","","Active","The Discovery Place","156","Ages Served: Infants Toddlers Preschool School-Age","Facility does NOT meet requirements but may temporarily be occupied until 9/30/26 pending completion of orders.","Services: Day Program","Minnesota Department of Human Services","10/19/1971","02/24/2026","12/31/2026","   ","",
"1002183","Child Care Center","Dodge Nature Preschool","1715 Charlton St","","","West St Paul","MN","55118-3810","Dakota","(651) 455-4555","Active","Thomas Irvine Dodge Nature Center","60 ","Ages Served: Preschool School-Age","None","Services: Day Program","Minnesota Department of Human Services","08/24/2000","01/01/2026","12/31/2026","   ","",
"1114965","Child Care Center","Dream Weaver Childcare","12025 Corey Tracts Rd","","","Hibbing","MN","55746     ","St. Louis","(218) 262-1796","Active","Dream Weaver Childcare","31 ","Ages Served: Infant;Toddler;Preschool;School Age","None","Services: Day Program","Minnesota Department of Human Services","05/19/2023","01/01/2026","12/31/2026","   ","",
"2001613","Child Care Center","Dreamers Child Care","10026 University Ave NW","","","Coon Rapids","MN","55448     ","Anoka","(763) 432-7866","Active","Dreamers Child Care LLC","80 ","Ages Served: Infant;Toddler;Preschool","None","Services: Day Program","Minnesota Department of Human Services","07/16/2025","07/05/2025","12/31/2025","   ","",
"1088578","Child Care Center","Dreamers Child Care LLC","6304 Highway 65 NE","","","Fridley","MN","55432     ","Anoka","(612) 806-5371","Active","Dreamers Child Care LLC","60 ","Ages Served: Infants Toddlers Preschool","None","Services: Day Program","Minnesota Department of Human Services","02/16/2018","01/01/2026","12/31/2026","   ","",
"1113020","Child Care Center","Duluth Preschool of Fine Arts and Education LLC","1108 E 8th St","","","Duluth","MN","55805-1651","St. Louis","(218) 576-6706","Active","Duluth Preschool of Fine Arts and Education LLC","20 ","Ages Served: Preschool","None","Services: Day Program","Minnesota Department of Human Services","07/01/2022","01/01/2026","12/31/2026","   ","",
"1003329","Child Care Center","Eagan Coachman Head Start","3370 Coachman Rd","","","Eagan","MN","55121-1855","Dakota","(651) 322-3515","Active","Scott-Carver-Dakota CAP Agency, Inc.","20 ","Ages Served: Preschool","None","Services: Day Program","Minnesota Department of Human Services","01/10/2000","01/01/2026","12/31/2026","   ","",
"1119234","Child Care Center","Eagan Montessori Academy & Child Care Center","1250 Lone Oak Rd","","","Eagan","MN","55121-2103","Dakota","(651) 452-3277","Active","Little Wonders Minnesota LLC","107","Ages Served: Infants Toddlers Preschool School-Age","Maximum number of school age in the PreK classroom is ten.","Services: Day Program","Minnesota Department of Human Services","06/30/2023","01/01/2026","12/31/2026","   ","",
"1080543","Child Care Center","Eagan Montessori Academy South","1970 Rahncliff Ct Ste 100","","","Eagan","MN","55122-3414","Dakota","(651) 788-7318","Active","Shepherd Child Care Inc","189","Ages Served: Infants Toddlers Preschool School-Age","None","Services: Day Program","Minnesota Department of Human Services","06/22/2016","01/01/2026","12/31/2026","   ","",
"1048769","Child Care Center","Eagan Opperman Head Start","550 Opperman Dr","","","Saint Paul","MN","55123     ","Dakota","(651) 306-7503","Active","Scott-Carver-Dakota CAP Agency, Inc.","20 ","Ages Served: Preschool","None","Services: Day Program","Minnesota Department of Human Services","09/10/2007","01/01/2026","12/31/2026","   ","",
"1059365","Child Care Center","Eagle Care","420 S 2nd St","","","La Crescent","MN","55947     ","Houston","(608) 615-3140","Active","The Church of the Crucifixion of La Crescent, Minnesota","104","Ages Served: Infants Toddlers Preschool School-Age","None","Services: Day Program","Minnesota Department of Human Services","01/01/2012","01/01/2026","12/31/2026","   ","",
"2002334","Child Care Center","Eagle Center LLC","8101 Nicollet Ave S","","","Bloomington","MN","55420     ","Hennepin","(615) 424-2615","Active","Eagle Center LLC","83 ","Ages Served: Infants Toddlers Preschool School-Age","Maximum of fourteen toddlers allowed.","Services: Day Program, School-age Child Care Program","Minnesota Department of Human Services","05/20/2026","05/20/2026","12/31/2026","   ","",
"800370","Child Care Center","Eagle Nest Child Care Center","604 Main St E","","","Mapleton","MN","56065-2070","Blue Earth","(507) 524-4541","Active","Child Care Center of Mapleton, Inc.","22 ","Ages Served: Infants Toddlers","None","Services: Day Program","Minnesota Department of Human Services","06/20/1973","01/01/2026","12/31/2026","   ","",
"1063676","Child Care Center","Early Advantage Developmental Child Care Center LLC","507 Frontage Rd NE","","","Byron","MN","55920-1598","Olmsted","(507) 775-2636","Active","Early Advantage Developmental Child Care Center LLC","189","Ages Served: Infants Toddlers Preschool School-Age","Maximum number of school age in PreK 2 classroom is ten.","Services: Day Program","Minnesota Department of Human Services","10/23/2012","01/01/2026","12/31/2026","   ","",
"1116498","Child Care Center","Early Childhood Academy","469 12th St","","","Red Wing","MN","55066-3433","Goodhue","(651) 388-8905","Active","Early Childhood Academy Red Wing LLC","162","Ages Served: Infants Toddlers Preschool School-Age","Maximum number of School Age in the Pre-K classroom is 10.","Services: Day Program","Minnesota Department of Human Services","05/17/2023","01/01/2026","12/31/2026","   ","",
"1117938","Child Care Center","Early Childhood Academy - Belle Plaine","900 E South St","","","Belle Plaine","MN","56011-2163","Scott","(952) 873-3331","Active","Early Childhood Academy BP&NP LLC","61 ","Ages Served: Infants Toddlers Preschool","None","Services: Day Program","Minnesota Department of Human Services","07/31/2023","01/01/2026","12/31/2026","   ","",
"1117940","Child Care Center","Early Childhood Academy - New Prague","1501 1st St NE","","","New Prague","MN","56071     ","Scott","(952) 758-5437","Active","Early Childhood Academy BP&NP LLC","121","Ages Served: Infants Toddlers Preschool School-Age","None","Services: Day Program","Minnesota Department of Human Services","07/31/2023","01/01/2026","12/31/2026","   ","",
"2002335","Child Care Center","Early Childhood Academy - WBL","5065 Stewart Ave","","","Saint Paul","MN","55110     ","Ramsey","(651) 773-1406","Active","Early Childhood Academy NSP & WBL, LLC","91 ","Ages Served: Infants Toddlers Preschool","None","Services: Day Program","Minnesota Department of Human Services","07/01/2026","07/01/2026","12/31/2026","   ","",
"2001987","Child Care Center","Early Childhood Academy Maple Grove LLC","11199 96th Ave N","","","Maple Grove","MN","55369     ","Hennepin","(763) 425-7777","Active","Early Childhood Academy Maple Grove LLC","124","Ages Served: Infants Toddlers Preschool School-Age","None","Services: Day Program","Minnesota Department of Human Services","06/01/2026","06/01/2026","12/31/2026","   ","",
"802569","Child Care Center","Early Childhood Development Center","2900 University Ave","","","Crookston","MN","56716-5000","Polk","","Active","University of Minnesota - Crookston","43 ","Ages Served: Infant;Toddler;Preschool","None","Services: Day Program","Minnesota Department of Human Services","05/23/1990","01/01/2026","12/31/2026","   ","",
"1075558","Child Care Center","Early Childhood Family Development Training Center","300 E 43rd St","","","Minneapolis","MN","55409     ","Hennepin","(612) 822-7422","Active","Parents in Community Action, Inc.","66 ","Ages Served: Infants Toddlers Preschool","None","Services: Day Program","Minnesota Department of Human Services","04/20/2015","01/01/2026","12/31/2026","   ","",
"801582","Child Care Center","Early Education Center Moorhead State University","1213 6th St S # Lommen","","","Moorhead","MN","56560-3429","Clay","(218) 477-2214","Active","Minnesota State Colleges and Universities - Moorhead","74 ","Ages Served: Toddlers Preschool","None","Services: Day Program","Minnesota Department of Human Services","05/18/1989","01/01/2026","12/31/2026","   ","",
"1097182","Child Care Center","Early Einstein's Learning Center","1209 Center Ave W","","","Dilworth","MN","56529-1352","Clay","(218) 287-8988","Active","Early Einstein's Learning Center Inc.","96 ","Ages Served: Infants Toddlers Preschool School-Age","None","Services: Day Program","Minnesota Department of Human Services","01/01/2019","01/01/2026","12/31/2026","   ","",
"1101408","Child Care Center","Early Explorers Child Care & Preschool, INC","2935 13th St S","","","Moorhead","MN","56560-5103","Clay","(218) 512-0322","Active","Early Explorers Child Care & Preschool, Inc.","115","Ages Served: Infants Toddlers Preschool School-Age","None","Services: Day Program","Minnesota Department of Human Services","01/02/2020","01/01/2026","12/31/2026","   ","",
"802411","Child Care Center","Early Head Start Staples","616 4th St NE","","","Staples","MN","56479-2273","Todd","(320) 360-2420","Active","Tri-County Community Action Partnership, Inc.","23 ","Ages Served: Infants Toddlers Preschool","None","Services: Day Program","Minnesota Department of Human Services","01/26/1971","01/01/2026","12/31/2026","   ","",
"2001697","Child Care Center","Early Steps Learning Foundation INC","6122 42nd Ave N","","","Crystal","MN","55422     ","Hennepin","(763) 200-2532","Active","Early Steps Learning Foundation","71 ","Ages Served: Toddlers Preschool School-Age","None","Services: Day Program","Minnesota Department of Human Services","12/20/2025","01/01/2026","12/31/2026","   ","",
"1112176","Child Care Center","Early Success Center LLC","357 Ulysses St NE","","","Minneapolis","MN","55413-2602","Hennepin","(612) 886-1061","Pending Reopening as of 02/17/2026","Early Success Center LLC","49 ","Ages Served: Infants Toddlers Preschool School-Age","None","Services: Day Program","Minnesota Department of Human Services","04/20/2023","06/08/2026","12/31/2026","   ","",
"1042526","Child Care Center","Early Ventures Learning Center","700 Lincoln Pkwy","","","Northfield","MN","55057-1350","Rice","(507) 645-1245","Active","Northfield Public School District 0659-01","88 ","Ages Served: Infants Toddlers Preschool","None","Services: Day Program","Minnesota Department of Human Services","08/16/2006","01/01/2026","12/31/2026","   ","",
"1099265","Child Care Center","Early Years Academy","1687 Main St N","","","Pine City","MN","55063-5787","Pine","(320) 322-5134","Active","Early Years Academy Inc","79 ","Ages Served: Infants Toddlers Preschool School-Age","None","Services: Day Program","Minnesota Department of Human Services","09/03/2019","01/01/2026","12/31/2026","   ","",
"1080915","Child Care Center","Early Years Academy Inc","807 Main St N Ste B","","","Cambridge","MN","55008-1201","Isanti","(763) 645-1297","Active","Early Years Academy Inc","79 ","Ages Served: Infants Toddlers Preschool School-Age","None","Services: Day Program","Minnesota Department of Human Services","09/19/2016","01/01/2026","12/31/2026","   ","",
"1110601","Child Care Center","East Ridge KinderCare","4025 Benjamin Dr","","","Woodbury","MN","55129-2278","Washington","(651) 461-7160","Active","KinderCare Education LLC","136","Ages Served: Infants Toddlers Preschool","None","Services: Day Program","Minnesota Department of Human Services","09/17/2021","01/01/2026","12/31/2026","   ","",
"2001861","Child Care Center","East Side Roots Child Care","329 5th Ave SE","","","East Grand Forks","MN","56721     ","Polk","(218) 773-1086","Active","Karlie Raeann Weber","57 ","Ages Served: Infants Toddlers Preschool School-Age","None","Services: Day Program, School-age Child Care Program","Minnesota Department of Human Services","06/01/2026","06/01/2026","12/31/2026","   ","",
"1111235","Child Care Center","East YMCA Head Start","875 Arcade St","","","Saint Paul","MN","55106     ","Ramsey","(651) 382-5991","Active","Community Action Partnership of Ramsey and Washington Counties","80 ","Ages Served: Preschool","None","Services: Day Program","Minnesota Department of Human Services","09/12/2022","07/21/2026","12/31/2026","   ","",
"806196","Child Care Center","Easter Preschool","4200 Pilot Knob Rd","","","Eagan","MN","55122-1822","Dakota","(651) 452-3680","Active","Easter Preschool","40 ","Ages Served: Preschool","None","Services: Day Program","Minnesota Department of Human Services","09/07/1993","01/01/2026","12/31/2026","   ","",
"802041","Child Care Center","Eastside A & B Headstart Childcare Ctr Early Headstart Child Care Ctr","1250 Johnson Rd","","","Saint Cloud","MN","56304-1255","Benton","(320) 253-8110","Active","Reach-Up Incorporated","59 ","Ages Served: Infants Toddlers Preschool","The maximum number of infants in the Early Head Start Child Care Center classroom is two.","Services: Day Program","Minnesota Department of Human Services","02/01/1982","01/01/2026","12/31/2026","   ","",
"1084378","Child Care Center","Eastside C, D, E","358 Highway 10 S","","","Saint Cloud","MN","56304-1244","Benton","(320) 253-8110","Active","Reach-Up Incorporated","51 ","Ages Served: Preschool","None","Services: Day Program","Minnesota Department of Human Services","04/03/2017","01/01/2026","12/31/2026","   ","",
"1015880","Child Care Center","Ebenezer Intergenerational Day Program","13820 Community Dr","","","Burnsville","MN","55337-4519","Dakota","(952) 898-3576","Active","Ebenezer Society","74 ","Ages Served: Infants Toddlers Preschool School-Age","None","Services: Day Program","Minnesota Department of Human Services","03/19/2002","01/01/2026","12/31/2026","   ","",
"2002244","Child Care Center","ECC Hermantown","4770 Hermantown Rd","","","Hermantown","MN","55811     ","St. Louis","(218) 565-2305","Active","Ecclesia","82 ","Ages Served: Infants Toddlers Preschool","None","Services: Day Program","Minnesota Department of Human Services","06/01/2026","06/01/2026","12/31/2026","   ","",
"1102873","Child Care Center","ECC St. Anthony","1028 E 8th St","","","Duluth","MN","55805     ","St. Louis","(218) 833-7311","Active","Ecclesia","57 ","Ages Served: Infants Toddlers Preschool School-Age","None","Services: Day Program","Minnesota Department of Human Services","06/10/2022","01/01/2026","12/31/2026","   ","",
"804086","Child Care Center","Eden Prairie Montessori Learning Center","7455 Market Place Dr","","","Eden Prairie","MN","55344-3635","Hennepin","(952) 944-8466","Active","Eden Prairie Montessori Learning Center, Inc.","80 ","Ages Served: Infants Toddlers Preschool School-Age","Maximum number of School Age in the Pre -Casa 2 classroom is 5.","Services: Day Program","Minnesota Department of Human Services","08/12/1991","01/01/2026","12/31/2026","   ","",
"1088544","Child Care Center","Eden Prairie Montessori South Inc","8098 Glen Ln","","","Eden Prairie","MN","55344-5354","Hennepin","(952) 941-2971","Active","Eden Prairie Montessori South, Inc.","60 ","Ages Served: Infants Toddlers Preschool","None","Services: Day Program","Minnesota Department of Human Services","10/19/2017","01/01/2026","12/31/2026","   ","",
"1077401","Child Care Center","Edgcumbe Montessori & Day Care","2149 Edgcumbe Rd","","","Saint Paul","MN","55116     ","Ramsey","(651) 698-8059","Conditional as of 10/26/2025","Edgcumbe Montessori & Daycare L. L. C.","51 ","Ages Served: Infants Toddlers Preschool","Conditional License until October 15, 2027.","Services: Day Program","Minnesota Department of Human Services","06/09/2015","01/01/2026","12/31/2026","   ","",
"1115268","Child Care Center","Edina Daycare - West Campus","4940 W 77th St","","","Edina","MN","55435-4805","Hennepin","(952) 600-2531","Active","Edina Daycare LLC","91 ","Ages Served: Infants Toddlers Preschool","None","Services: Day Program","Minnesota Department of Human Services","04/20/2023","01/01/2026","12/31/2026","   ","",
"1091032","Child Care Center","Edina Daycare LLC","3205 W 76th St Ste 2","","","Edina","MN","55435-5244","Hennepin","(952) 229-4988","Active","Edina Daycare LLC","65 ","Ages Served: Infants Toddlers Preschool","None","Services: Day Program","Minnesota Department of Human Services","04/30/2018","01/01/2026","12/31/2026","   ","",
"800721","Child Care Center","Edina Morningside Preschool","4201 Morningside Rd","","","Edina","MN","55416-5029","Hennepin","(952) 926-6555","Active","Edina Morningside Community Church United Church of Christ","35 ","Ages Served: Preschool","None","Services: Day Program","Minnesota Department of Human Services","01/01/1946","01/01/2026","12/31/2026","   ","",
"2000283","Child Care Center","Edna Child Care, Inc.","3424 Wooddale Ave S","","","Saint Louis Park","MN","55416     ","Hennepin","(612) 978-5061","Active","Edna Child Care, Inc.","65 ","Ages Served: Infant;Toddler;Preschool;School Age","None","Services: Day Program","Minnesota Department of Human Services","01/20/2025","02/17/2026","12/31/2026","   ","",
"1063373","Child Care Center","El Bosque Encantado","15033 Highway 13 S # 2000","","","Prior Lake","MN","55372-2144","Scott","(612) 670-1805","Active","El Bosque Encantado, LLC","80 ","Ages Served: Toddlers Preschool","None","Services: Day Program","Minnesota Department of Human Services","08/19/2013","01/01/2026","12/31/2026","   ","",
"800727","Child Care Center","Elim Preschool/Elim Baptist Church","685 13th Ave NE","","","Minneapolis","MN","55413-1459","Hennepin","(612) 789-1063","Active","Elim Preschool, Inc.","40 ","Ages Served: Preschool","None","Services: Day Program","Minnesota Department of Human Services","10/01/1962","01/01/2026","12/31/2026","   ","",
"1120194","Child Care Center","Ely Adventure School","13813 Otter Rd","","","Ely","MN","55731     ","Lake","(651) 395-9401","Active","Ely Adventure School Inc","20 ","Ages Served: Preschool School-Age","None","Services: Day Program","Minnesota Department of Human Services","09/04/2024","01/01/2026","12/31/2026","   ","",
"800734","Child Care Center","Ely Head Start","600 E Harvey St","","","Ely","MN","55731-1614","St. Louis","(218) 365-3284","Pending Reopening as of 05/17/2025","Arrowhead Economic Opportunity Agency, Inc.","20 ","Ages Served: Preschool","None","Services: Day Program","Minnesota Department of Human Services","03/28/1988","01/01/2026","12/31/2026","   ","",
"2002637","Child Care Center","Emanuel Early Learning Center","18169 County Road 50","","","Hamburg","MN","55339     ","Carver","(952) 467-4000","Active","Emanuel Early Learning Center Inc","42 ","Ages Served: Infants Toddlers Preschool","None","Services: Day Program","Minnesota Department of Human Services","08/05/2026","08/05/2026","12/31/2026","   ","",
"2002212","Child Care Center","Emerge Learning Center Inc","3012 Clinton Ave Ste 2","","","Minneapolis","MN","55408     ","Hennepin","(612) 760-7723","Active","Emerge Learning Center Inc","88 ","Ages Served: Infants Toddlers Preschool School-Age","None","Services: Day Program","Minnesota Department of Human Services","05/25/2026","05/25/2026","12/31/2026","   ","",
"1047403","Child Care Center","Endless Journey Child Care","7411 Airport View Dr SW","","","Rochester","MN","55902-1894","Olmsted","(507) 281-2142","Active","Endless Journey Child Care, Inc.","113","Ages Served: Infants Toddlers Preschool School-Age","None","Services: Day Program","Minnesota Department of Human Services","08/22/2007","01/01/2026","12/31/2026","   ","",
"1081103","Child Care Center","EPIC Endeavors Preschool Academy","20 9th St SE","","","Rochester","MN","55904-6423","Olmsted","(507) 319-5709","Active","Save & Give, LLC","40 ","Ages Served: Preschool School-Age","None","Services: Day Program","Minnesota Department of Human Services","07/05/2016","01/01/2026","12/31/2026","   ","",
"1030989","Child Care Center","Epiphany Catholic Preschool","11001 Hanson Blvd NW","","","Minneapolis","MN","55433-4142","Anoka","(763) 755-7341","Active","The Church of the Epiphany of Coon Rapids, Minnesota","40 ","Ages Served: Preschool","None","Services: Day Program","Minnesota Department of Human Services","08/17/2004","01/01/2026","12/31/2026","   ","",
"1077416","Child Care Center","Escuela Mundial Child Care Center Inc","14180 Commerce Ave NE Ste 500","","","Prior Lake","MN","55372-1483","Scott","(952) 479-1178","Active","Escuela Mundial Child Care Center Inc.","96 ","Ages Served: Infants Toddlers Preschool School-Age","None","Services: Day Program","Minnesota Department of Human Services","11/02/2015","01/01/2026","12/31/2026","   ","",
"1081768","Child Care Center","Esko Minis Childcare and Preschool","2 Beth Ann Dr","","","Esko","MN","55733-5502","Carlton","(218) 879-5035","Active","Mini Mos LLC","102","Ages Served: Infants Toddlers Preschool","Not to Exceed 30 Infants; Not to Exceed 33 Toddlers; Not to Exceed 47 Infants/Toddlers","Services: Day Program","Minnesota Department of Human Services","08/15/2016","01/01/2026","12/31/2026","   ","",
"800747","Child Care Center","Especially For Children","6223 Dell Rd","","","Eden Prairie","MN","55346-1122","Hennepin","(952) 934-1119","Active","Especially for Children, Inc.","116","Ages Served: Infants Toddlers Preschool School-Age","Maximum number of school age in the Monkey classroom is 15","Services: Day Program","Minnesota Department of Human Services","09/01/1988","01/01/2026","12/31/2026","   ","",
"800748","Child Care Center","Especially For Children","3370 Coachman Rd","","","Eagan","MN","55121-1855","Dakota","(651) 452-0043","Active","Especially for Children, Inc.","99 ","Ages Served: Infants Toddlers Preschool School-Age","Maximum number of school age in the Preschool 3 classroom is 15.","Services: Day Program","Minnesota Department of Human Services","08/22/1988","01/01/2026","12/31/2026","   ","",
"800753","Child Care Center","Especially for Children","3300 Edinborough Way Ste 120","","","Edina","MN","55435-5942","Hennepin","(952) 835-0505","Active","Especially for Children, Inc.","124","Ages Served: Infants Toddlers Preschool School-Age","Maximum number of school age in the PreK classroom is 15.","Services: Day Program","Minnesota Department of Human Services","03/06/1987","01/01/2026","12/31/2026","   ","",
"807783","Child Care Center","Especially For Children","2 S Pine Dr Ste H","","","Circle Pines","MN","55014-1848","Anoka","(763) 786-9410","Active","Especially for Children, Inc.","98 ","Ages Served: Infants Toddlers Preschool School-Age","None","Services: Day Program","Minnesota Department of Human Services","07/19/1994","01/01/2026","12/31/2026","   ","",
"808858","Child Care Center","Especially For Children","8885 Evergreen Blvd NW","","","Coon Rapids","MN","55433-6041","Anoka","(763) 784-0901","Active","Especially for Children, Inc.","77 ","Ages Served: Infants Toddlers Preschool","None","Services: Day Program","Minnesota Department of Human Services","01/01/1999","01/01/2026","12/31/2026","   ","",
"1118093","Child Care Center","Especially for Children","3908 Stevens Ave","","","Minneapolis","MN","55409-1661","Hennepin","(612) 588-9700","Active","Especially for Children, Inc.","124","Ages Served: Infants Toddlers Preschool School-Age","Maximum number of school age in the Fawn classroom is 15","Services: Day Program","Minnesota Department of Human Services","05/30/2023","01/01/2026","12/31/2026","   ","",
"830311","Child Care Center","Especially For Children, Inc.","6125 Cahill Ave","","","Inver Grove Heights","MN","55076-1525","Dakota","(651) 450-1994","Active","Especially for Children, Inc.","119","Ages Served: Infants Toddlers Preschool","None","Services: Day Program","Minnesota Department of Human Services","08/18/1997","01/01/2026","12/31/2026","   ","",
"830752","Child Care Center","Especially For Children, Inc.","5015 W 70th St","","","Edina","MN","55439     ","Hennepin","(952) 946-9971","Active","Especially for Children, Inc.","143","Ages Served: Infants Toddlers Preschool School-Age","None","Services: Day Program","Minnesota Department of Human Services","09/01/1996","01/01/2026","12/31/2026","   ","",
"830650","Child Care Center","Especially For Children, Inc.","5133 W 98th St","","","Bloomington","MN","55437-2040","Hennepin","(952) 831-1435","Active","Especially for Children, Inc.","66 ","Ages Served: Infants Toddlers Preschool School-Age","None","Services: Day Program","Minnesota Department of Human Services","03/23/1998","01/01/2026","12/31/2026","   ","",
"1090496","Child Care Center","Eureka Kids Inc","3675 9th St NW","","","Rochester","MN","55901-6680","Olmsted","(507) 322-6700","Active","Eureka Kids Inc.","100","Ages Served: Infants Toddlers Preschool","None","Services: Day Program","Minnesota Department of Human Services","07/30/2018","01/01/2026","12/31/2026","   ","",
"1113672","Child Care Center","Eureka Kids Inc.","3640 9th St NW","","","Rochester","MN","55901-6685","Olmsted","(507) 226-8263","Active","Eureka Kids Inc.","107","Ages Served: Infants Toddlers Preschool School-Age","Toddler Prep not to exceed eleven toddlers, per Fire Marshal.","Services: Day Program","Minnesota Department of Human Services","08/29/2022","01/01/2026","12/31/2026","   ","",
"802003","Child Care Center","Eveleth Gilbert Head Start","902 Clay Ct","","","Eveleth","MN","55734     ","St. Louis","(218) 744-7703","Active","Arrowhead Economic Opportunity Agency, Inc.","20 ","Ages Served: Preschool","None","Services: Day Program","Minnesota Department of Human Services","08/31/1969","01/01/2026","12/31/2026","   ","",
"1106261","Child Care Center","Evelyn Marsh Children Learning Center","4900 Nathan Ln N","","","Plymouth","MN","55442-3156","Hennepin","(763) 561-7021","Active","Evelyn Marsh Children Learning Center","73 ","Ages Served: Infants Toddlers Preschool School-Age","None","Services: Day Program","Minnesota Department of Human Services","05/03/2021","01/01/2026","12/31/2026","   ","",
"1107423","Child Care Center","Everbrook Academy","6275 Loftus Ln","","","Savage","MN","55378-3900","Scott","(651) 478-2579","Active","Everbrook Academy LLC","150","Ages Served: Infants Toddlers Preschool School-Age","None","Services: Day Program","Minnesota Department of Human Services","06/07/2021","03/31/2026","12/31/2026","   ","",
"1109539","Child Care Center","Everbrook Academy","15831 Emperor Ave","","","Apple Valley","MN","55124-7860","Dakota","(952) 243-4391","Active","Everbrook Academy LLC","176","Ages Served: Infants Toddlers Preschool School-Age","None","Services: Day Program","Minnesota Department of Human Services","01/01/2022","01/01/2026","12/31/2026","   ","",
"1109542","Child Care Center","Everbrook Academy","4150 Knob Dr","","","Eagan","MN","55122-1872","Dakota","(952) 855-7173","Active","Everbrook Academy LLC","159","Ages Served: Infants Toddlers Preschool School-Age","None","Services: Day Program","Minnesota Department of Human Services","01/01/2022","01/01/2026","12/31/2026","   ","",
"1109545","Child Care Center","Everbrook Academy","9201 Mitchell Rd","","","Eden Prairie","MN","55347-2639","Hennepin","(952) 856-2690","Active","Everbrook Academy LLC","109","Ages Served: Infants Toddlers Preschool School-Age","None","Services: Day Program","Minnesota Department of Human Services","01/01/2022","01/01/2026","12/31/2026","   ","",
"1109547","Child Care Center","Everbrook Academy","12100 80th Ave N","","","Maple Grove","MN","55369-4775","Hennepin","(763) 208-4227","Active","Everbrook Academy LLC","189","Ages Served: Infants Toddlers Preschool School-Age","None","Services: Day Program","Minnesota Department of Human Services","01/01/2022","01/01/2026","12/31/2026","   ","",
"1109549","Child Care Center","Everbrook Academy","14730 Excelsior Blvd","","","Minnetonka","MN","55345-6606","Hennepin","(952) 977-9956","Active","Everbrook Academy LLC","124","Ages Served: Infants Toddlers Preschool","None","Services: Day Program","Minnesota Department of Human Services","01/01/2022","01/01/2026","12/31/2026","   ","",
"1109560","Child Care Center","Everbrook Academy","4379 95th Ave N","","","Brooklyn Park","MN","55443-1501","Hennepin","(763) 424-1110","Active","Everbrook Academy LLC","178","Ages Served: Infants Toddlers Preschool School-Age","None","Services: Day Program","Minnesota Department of Human Services","01/01/2022","03/30/2026","12/31/2026","   ","",
"2002006","Child Care Center","Everbrook Academy","8677 Parsons Ave NE","","","Otsego","MN","55330     ","Wright","(320) 299-2148","Active","Everbrook Academy LLC","150","Ages Served: Infants Toddlers Preschool School-Age","None","Services: Day Program","Minnesota Department of Human Services","02/16/2026","02/16/2026","12/31/2026","   ","",
"2001949","Child Care Center","Everbrook Academy","6869 Laketowne Pl NE","","","Albertville","MN","55301     ","Wright","(612) 353-8242","Active","Everbrook Academy LLC","150","Ages Served: Infants Toddlers Preschool School-Age","None","Services: Day Program","Minnesota Department of Human Services","02/13/2026","02/13/2026","12/31/2026","   ","",
"1081820","Child Care Center","Everbrook Academy","9620 Tamarack Rd","","","Woodbury","MN","55125-2617","Washington","(651) 739-6088","Active","Tutor Time Learning Centers, LLC","134","Ages Served: Infants Toddlers Preschool School-Age","None","Services: Day Program","Minnesota Department of Human Services","08/22/2016","01/01/2026","12/31/2026","   ","",
"801731","Child Care Center","Evergreen Montessori","6700 46th Pl N","","","Minneapolis","MN","55428-5129","Hennepin","(763) 535-3553","Active","Evergreen Montessori, Inc.","40 ","Ages Served: Preschool School-Age","Not to exceed 9 school age children in the center.","Services: Day Program","Minnesota Department of Human Services","09/03/1986","01/01/2026","12/31/2026","   ","",
"804894","Child Care Center","Excelsior Covenant Preschool","19955 Excelsior Blvd","","","Excelsior","MN","55331     ","Hennepin","(952) 474-1684","Active","Excelsior Covenant Church","80 ","Ages Served: Toddlers Preschool","None","Services: Day Program","Minnesota Department of Human Services","01/01/1999","01/01/2026","12/31/2026","   ","",
"800763","Child Care Center","Eyota Kids Korner, Inc.","511 Jefferson Ave SW","","","Eyota","MN","55934-9763","Olmsted","(507) 545-2506","Active","Eyota Kids Korner, Inc.","77 ","Ages Served: Infants Toddlers Preschool School-Age","Maximum number of school age in the Pre K classroom is ten.","Services: Day Program","Minnesota Department of Human Services","08/31/1990","01/01/2026","12/31/2026","   ","",
"1060828","Child Care Center","Fahiye Child Care Center","519 Jackson St # A","","","Saint Paul","MN","55101-2321","Ramsey","(952) 356-6045","Closed as of 04/29/2026","Fahiye Childcare Center LLC","43 ","Ages Served: Infants Toddlers Preschool School-Age","Maximum number of Preschool in the Preschool Classroom is fourteen.","Services: Day Program","Minnesota Department of Human Services","08/01/2012","01/01/2026","12/31/2026","   ","",
"1060641","Child Care Center","Fairy Tale Academy","13500 26th Ave N","","","Plymouth","MN","55441-3611","Hennepin","","Active","Little Fairy Tale Inc.","124","Ages Served: Toddlers Preschool School-Age","Maximum number of school age children in the Pre-K classroom is ten.","Services: Day Program","Minnesota Department of Human Services","08/22/2011","01/01/2026","12/31/2026","   ","",
"1018859","Child Care Center","Faithful Beginnings at Divine Mercy Catholic School","139 Mercy Dr","","","Faribault","MN","55021     ","Rice","(507) 334-7706","Active","The Catholic Church of Divine Mercy of Faribault","60 ","Ages Served: Preschool","None","Services: Day Program","Minnesota Department of Human Services","11/22/2002","08/10/2026","12/31/2026","   ","",
"1099738","Child Care Center","Faithful Beginnings at Good Shepherd","145 Jersey Ave S","","","Golden Valley","MN","55426-1527","Hennepin","","Active","The Church of The Good Shepherd, of Minneapolis, Minnesota","62 ","Ages Served: Preschool","None","Services: Day Program","Minnesota Department of Human Services","09/03/2019","01/01/2026","12/31/2026","   ","",
"801057","Child Care Center","Faithful Beginnings at Holy Trinity Catholic School","745 6th Ave S","","","South Saint Paul","MN","55075-3034","Dakota","(651) 455-1437","Active","The Church of The Holy Trinity of South St Paul","40 ","Ages Served: Preschool","None","Services: Day Program","Minnesota Department of Human Services","05/28/1987","01/01/2026","12/31/2026","   ","",
"1029703","Child Care Center","Faithful Beginnings at Immaculate Conception Catholic School","4030 Jackson St NE","","","Columbia Heights","MN","55421-2929","Anoka","(763) 788-9065","Active","The Church of the Immaculate Conception of Columbia Heights","57 ","Ages Served: Preschool School-Age","None","Services: Day Program","Minnesota Department of Human Services","09/01/2004","01/01/2026","12/31/2026","   ","",
"830221","Child Care Center","Faithful Beginnings at Maternity of Mary St Andrews School","592 Arlington Ave W","","","Saint Paul","MN","55117     ","Ramsey","(651) 489-1459","Active","The Church of the Maternity of the Blessed Virgin, Saint Paul, Minnesota","40 ","Ages Served: Preschool","None","Services: Day Program","Minnesota Department of Human Services","06/01/1997","01/01/2026","12/31/2026","   ","",
"1024748","Child Care Center","Faithful Beginnings at Saint John Preschool","2621 McMenemy St","","","Little Canada","MN","55117-1638","Ramsey","(651) 288-3220","Active","St. John's Church of Little Canada, Minnesota","83 ","Ages Served: Preschool School-Age","None","Services: Day Program","Minnesota Department of Human Services","10/23/2003","01/01/2026","12/31/2026","   ","",
"802215","Child Care Center","Faithful Beginnings at Shakopee Area Catholic School","2700 17th Ave E","","","Shakopee","MN","55379-4443","Scott","(952) 445-3387","Active","Shakopee Area Catholic School","110","Ages Served: Preschool","None","Services: Day Program","Minnesota Department of Human Services","09/01/1988","01/01/2026","12/31/2026","   ","",
"1086554","Child Care Center","Faithful Beginnings at St Annes School","511 N 4th St","","","Le Sueur","MN","56058-1534","Le Sueur","(507) 665-2489","Active","The Church of St. Anne of LeSueur, Minnesota","60 ","Ages Served: Preschool","None","Services: Day Program","Minnesota Department of Human Services","08/01/2018","01/01/2026","12/31/2026","   ","",
"802357","Child Care Center","Faithful Beginnings at St Marks Preschool","1983 Dayton Ave","","","Saint Paul","MN","55104-5802","Ramsey","(651) 644-5030","Active","The Church of St. Mark, St. Paul, Minnesota","70 ","Ages Served: Preschool","None","Services: Day Program","Minnesota Department of Human Services","09/23/1988","01/01/2026","12/31/2026","   ","",
"1062392","Child Care Center","Faithful Beginnings at St Michael Catholic Church","16280 Duluth Ave SE","","","Prior Lake","MN","55372-2421","Scott","(952) 447-2124","Active","Church of St. Michael of Prior Lake","80 ","Ages Served: Preschool","None","Services: Day Program","Minnesota Department of Human Services","03/26/2012","01/01/2026","12/31/2026","   ","",
"809553","Child Care Center","Faithful Beginnings at St Peter Catholic School","2620 Margaret St N","","","North St Paul","MN","55109-2361","Ramsey","(651) 777-3091","Active","The Church of St. Peter, North St. Paul, Minnesota","40 ","Ages Served: Preschool","None","Services: Day Program","Minnesota Department of Human Services","09/05/1995","01/01/2026","12/31/2026","   ","",
"1081858","Child Care Center","Faithful Beginnings at St Timothy School","215 Division St E","","","Maple Lake","MN","55358-4638","Wright","(320) 963-3417","Active","The Church of St. Timothy of Maple Lake, Minnesota","67 ","Ages Served: Preschool School-Age","None","Services: Day Program","Minnesota Department of Human Services","09/09/2016","01/01/2026","12/31/2026","   ","",
"1081555","Child Care Center","Faithful Beginnings at St Vincent de Paul Catholic School","9050 93rd Ave N","","","Brooklyn Park","MN","55445-1406","Hennepin","(763) 425-3970","Active","The Church of St Vincent de Paul of Osseo, Minnesota","40 ","Ages Served: Preschool","None","Services: Day Program","Minnesota Department of Human Services","09/06/2016","01/01/2026","12/31/2026","   ","",
"1008630","Child Care Center","Faithful Beginnings at St. John the Baptist Catholic School","835 2nd Ave NW","","","New Brighton","MN","55112-6842","Ramsey","(651) 633-8333","Active","St. John the Baptist Catholic Church","76 ","Ages Served: Preschool","None","Services: Day Program","Minnesota Department of Human Services","10/15/2001","01/01/2026","12/31/2026","   ","",
"1054139","Child Care Center","Faithful Beginnings at St. Stephen Preschool","506 Jackson St","","","Anoka","MN","55303-2352","Anoka","(763) 421-3236","Active","The Church of St. Stephen of Anoka, Minnesota","40 ","Ages Served: Preschool","None","Services: Day Program","Minnesota Department of Human Services","09/01/2009","01/01/2026","12/31/2026","   ","",
"1062722","Child Care Center","Faithful Beginnings at Transfiguration Catholic Preschool","6133 15th St N","","","Oakdale","MN","55128     ","Washington","(651) 501-2220","Active","Transfiguration Church of Oakdale, Minnesota","40 ","Ages Served: Preschool","None","Services: Day Program","Minnesota Department of Human Services","09/01/2012","01/01/2026","12/31/2026","   ","",
"806298","Child Care Center","Faithful Beginnings Preschool at St. John the Baptist Catholic School","215 Broadway St N","","","Jordan","MN","55352-1401","Scott","(952) 492-2030","Active","The Church of Saint John the Baptist of Jordan, Minn.","40 ","Ages Served: Preschool","None","Services: Day Program","Minnesota Department of Human Services","09/09/1993","01/01/2026","12/31/2026","   ","",
"2002501","Child Care Center","Falcon Childcare LLC","651 Arcade St","","","Saint Paul","MN","55106     ","Ramsey","(651) 352-2434","Active","Falcon Childcare LLC","67 ","Ages Served: Infants Toddlers Preschool School-Age","None","Services: Day Program","Minnesota Department of Human Services","08/05/2026","08/05/2026","12/31/2026","   ","",
"1115474","Child Care Center","Family Bahur Child Care Center Inc.","4915 Highway 52 N","","","Rochester","MN","55901     ","Olmsted","(507) 206-3525","Active","Family Bahur Child Care Center Inc","49 ","Ages Served: Infants Toddlers Preschool School-Age","None","Services: Day Program","Minnesota Department of Human Services","01/06/2023","01/01/2026","12/31/2026","   ","",
"1084741","Child Care Center","Family Center Preschool","320 Eagle Ave NE","","","Remer","MN","56672-4536","Cass","(218) 566-3636","Active","Northland Area Family Service Center","16 ","Ages Served: Preschool","None","Services: Day Program","Minnesota Department of Human Services","09/11/2017","01/01/2026","12/31/2026","   ","",
"802360","Child Care Center","Family Child Development Center","100 Nathan Ln N","","","Plymouth","MN","55441-6308","Hennepin","","Active","Family Child Development Center","91 ","Ages Served: Infants Toddlers Preschool","None","Services: Day Program","Minnesota Department of Human Services","11/16/1970","01/01/2026","12/31/2026","   ","",
"1030098","Child Care Center","Family of Christ Child Development Center","16345 Polk St NE","","","Ham Lake","MN","55304-5317","Anoka","","Active","Family of Christ Lutheran Church-Missouri Synod","172","Ages Served: Infants Toddlers Preschool","None","Services: Day Program","Minnesota Department of Human Services","09/07/2004","01/28/2026","12/31/2026","   ","",
"1018196","Child Care Center","Family of Christ Preschool","2020 Coulter Blvd","","","Chanhassen","MN","55317-5300","Carver","(952) 380-9838","Active","Family of Christ Lutheran Church","62 ","Ages Served: Toddlers Preschool","Maximum number of Toddlers or Preschool in Toddler-Puppy classroom is 12.","Services: Day Program","Minnesota Department of Human Services","08/30/2002","01/01/2026","12/31/2026","   ","",
"1105170","Child Care Center","Farmington Head Start","20600 Akin Rd","","","Farmington","MN","55024-9444","Dakota","(651) 322-3535","Active","Scott-Carver-Dakota CAP Agency, Inc.","20 ","Ages Served: Preschool","None","Services: Day Program","Minnesota Department of Human Services","10/05/2020","01/01/2026","12/31/2026","   ","",
"1057345","Child Care Center","FHMC Plymouth Inc dba: Foundation Hill Montessori & Childcare","15855 61st Ave N","","","Plymouth","MN","55446-3741","Hennepin","","Closed as of 03/14/2026","FHMC Plymouth Inc.","148","Ages Served: Infants Toddlers Preschool School-Age","None","Services: Day Program","Minnesota Department of Human Services","09/03/2010","01/01/2026","12/31/2026","   ","",
"1109455","Child Care Center","First Day Care Center LLC","1433 E Franklin Ave Ste 25","","","Minneapolis","MN","55404     ","Hennepin","(612) 872-8292","Active","First Daycare Center LLC","120","Ages Served: Infants Toddlers Preschool School-Age","None","Services: Day Program","Minnesota Department of Human Services","01/01/2022","01/01/2026","12/31/2026","   ","",
"2000286","Child Care Center","First Lutheran Church Childcare","900 Bemidji Ave N","","","Bemidji","MN","56601     ","Beltrami","(218) 444-5303","Active","First Lutheran Church","40 ","Ages Served: Infants Toddlers Preschool School-Age","None","Services: Day Program","Minnesota Department of Human Services","01/01/2026","01/01/2026","12/31/2026","   ","",
"2000167","Child Care Center","First Lutheran Church Community Preschool","1655 18th Ave E","","","Alexandria","MN","56308     ","Douglas","(320) 762-2196","Active","First Lutheran Church","40 ","Ages Served: Preschool","None","Services: Day Program","Minnesota Department of Human Services","09/03/2024","01/01/2026","12/31/2026","   ","",
"1113964","Child Care Center","First Step Child Care Center LLC","14980 Garrett Ave","","","Apple Valley","MN","55124-7547","Dakota","(952) 388-1250","Active","FirstStep Childcare Center LLC","100","Ages Served: Infants Toddlers Preschool School-Age","None","Services: Day Program","Minnesota Department of Human Services","07/01/2022","01/01/2026","12/31/2026","   ","",
"1056907","Child Care Center","First Step Early Childhood Education Center","3036 University Ave SE","","","Minneapolis","MN","55414-3316","Hennepin","(612) 617-0191","Active","FamilyWise Services","38 ","Ages Served: Infants Toddlers Preschool","None","Services: Day Program","Minnesota Department of Human Services","05/19/2010","01/01/2026","12/31/2026","   ","",
"1074352","Child Care Center","First Step Preschool & Childcare LLC","413 Proctor Ave NW","","","Elk River","MN","55330-1845","Sherburne","(763) 241-0328","Active","First Step Preschool & Childcare LLC","137","Ages Served: Toddlers Preschool","None","Services: Day Program","Minnesota Department of Human Services","09/05/2014","01/01/2026","12/31/2026","   ","",
"1067022","Child Care Center","First Steps Academy","3089 25th St NW","","","Rochester","MN","55901-7823","Olmsted","(507) 282-5437","Active","First Steps L.L.C.","97 ","Ages Served: Toddlers Preschool School-Age","Maximum number of school age in the preschool room is two.","Services: Day Program","Minnesota Department of Human Services","01/02/2014","01/01/2026","12/31/2026","   ","",
"1078613","Child Care Center","First Steps Academy","3091 25th St NW","","","Rochester","MN","55901-7823","Olmsted","(507) 282-5437","Active","First Steps L.L.C.","82 ","Ages Served: Infants Toddlers","None","Services: Day Program","Minnesota Department of Human Services","01/04/2016","01/01/2026","12/31/2026","   ","",
"1102480","Child Care Center","First Steps Academy","5450 Royal Pl NW","","","Rochester","MN","55901-1895","Olmsted","(507) 289-5437","Active","First Steps L.L.C.","97 ","Ages Served: Infants Toddlers Preschool School-Age","None","Services: Day Program","Minnesota Department of Human Services","02/03/2020","01/01/2026","12/31/2026","   ","",
"1004682","Child Care Center","First Steps Early Learning Center","414 Main St","","","La Crescent","MN","55947-1159","Houston","(507) 895-5704","Active","First Evangelical Lutheran Church","45 ","Ages Served: Infants Toddlers Preschool","None","Services: Day Program","Minnesota Department of Human Services","08/31/2000","01/01/2026","12/31/2026","   ","",
"1094407","Child Care Center","First Years Academy","583 Cherry Dr","","","Waconia","MN","55387-4578","Carver","(952) 442-4194","Active","First Years Academy Inc.","239","Ages Served: Infants Toddlers Preschool School-Age","Maximum number of Toddlers in the Preschool 1/Proddler classroom is 14.; Maximum number of Infant in the Inf/Tod Combination Toddler 1-Waddler classroom is 12","Services: Day Program","Minnesota Department of Human Services","11/19/2018","01/01/2026","12/31/2026","   ","",
"1097458","Child Care Center","Five Star Academy Inc.","535 Dale St N","","","Saint Paul","MN","55103     ","Ramsey","(612) 315-5679","Active","Five Star Academy, Inc.","44 ","Ages Served: Infants Toddlers Preschool School-Age","None","Services: Day Program","Minnesota Department of Human Services","05/06/2019","04/14/2026","12/31/2026","   ","",
"1080853","Child Care Center","Five Star Early Learning Center LLC","200 E Lyndale Ave N Ste 2","","","Minneapolis","MN","55405-1502","Hennepin","(612) 354-2450","Active","Five Star Early Learning Center LLC","57 ","Ages Served: Infants Toddlers Preschool School-Age","None","Services: Day Program","Minnesota Department of Human Services","05/10/2016","01/01/2026","12/31/2026","   ","",
"2001818","Child Care Center","Five Star Learning Center Inc","651 University Ave W","","","Saint Paul","MN","55104     ","Ramsey","(651) 706-6709","Active","FIVE STAR LEARNING CENTER INC","39 ","Ages Served: Infants Toddlers Preschool School-Age","None","Services: Day Program, School-age Child Care Program","Minnesota Department of Human Services","08/19/2026","08/19/2026","12/31/2026","   ","",
"2000180","Child Care Center","Flourish Children’s Academy","1015 30th Ave S","","","Moorhead","MN","56560     ","Clay","(218) 512-0409","Active","Flourish Children’s Academy Limited","49 ","Ages Served: Infants Toddlers Preschool School-Age","None","Services: Day Program","Minnesota Department of Human Services","06/12/2024","01/01/2026","12/31/2026","   ","",
"1111398","Child Care Center","For Kids Only","13654 Thrush St NW","","","Andover","MN","55304-3782","Anoka","","Active","Lifelong Knowledge, LLC","122","Ages Served: Infants Toddlers Preschool School-Age","None","Services: Day Program","Minnesota Department of Human Services","01/31/2022","01/01/2026","12/31/2026","   ","",
"808819","Child Care Center","Forestview Montessori","105 Forestview Ln N","","","Plymouth","MN","55441-5910","Hennepin","(763) 546-1421","Active","Forestview Montessori Inc.","54 ","Ages Served: Toddlers Preschool School-Age","Maximum number of school age children in Children's House 1 and 2 Classrooms combined is five.; Maximum number of school age children in Children's House 1 and 2 Classrooms combined is five.","Services: Day Program","Minnesota Department of Human Services","02/07/1995","01/01/2026","12/31/2026","   ","",
"1050894","Child Care Center","Foundation Hill Montessori Childcare","1750 139th Ln NW","","","Andover","MN","55304-3926","Anoka","","Active","Griffen Business Holdings, Inc.","159","Ages Served: Infants Toddlers Preschool School-Age","None","Services: Day Program","Minnesota Department of Human Services","09/02/2008","01/01/2026","12/31/2026","   ","",
"2001744","Child Care Center","Foundations Christian Academy  Pre K","17565 Central Ave NE","","","Ham Lake","MN","55304     ","Anoka","(763) 710-8336","Active","Foundations Christian Academy","10 ","Ages Served: Preschool School-Age","None","Services: Day Program","Minnesota Department of Human Services","08/29/2025","03/03/2026","12/31/2026","   ","",
"1059649","Child Care Center","Four Directions","1547 E Lake St Ste 100","","","Minneapolis","MN","55408     ","Hennepin","","Active","The Family Partnership","86 ","Ages Served: Infants Toddlers Preschool School-Age","None","Services: Day Program","Minnesota Department of Human Services","05/11/2011","01/01/2026","12/31/2026","   ","",
"1062849","Child Care Center","Four Square Early Learning Center","17750 Glasgow Ave","","","Lakeville","MN","55044-5327","Dakota","(952) 891-5437","Active","Four Square Early Learning Center, LLC","261","Ages Served: Infants Toddlers Preschool School-Age","None","Services: Day Program","Minnesota Department of Human Services","09/04/2012","01/01/2026","12/31/2026","   ","",
"804606","Child Care Center","Fraser Early Childhood Family Development Center","700 Humboldt Ave N","","","Minneapolis","MN","55411-3931","Hennepin","(612) 377-7422","Active","Parents in Community Action, Inc.","236","Ages Served: Infants Toddlers Preschool","None","Services: Day Program","Minnesota Department of Human Services","01/01/1999","01/01/2026","12/31/2026","   ","",
"802680","Child Care Center","Fraser School","2400 W 64th St","","","Richfield","MN","55423-1099","Hennepin","(612) 861-1688","Active","Fraser","106","Ages Served: Infants Toddlers Preschool School-Age","Maximum number of infant aged children in the Bees classroom is 4.; Maximum number of preschool aged children in the Frog classroom is 8.; Maximum number of school age children in the Chameleons classroom is four.","Services: Day Program","Minnesota Department of Human Services","08/31/1982","01/01/2026","12/31/2026","   ","",
"802361","Child Care Center","Frassati Catholic Academy","4690 Bald Eagle Ave","","","White Bear Lake","MN","55110-3441","Ramsey","(651) 429-7771","Active","Frassati Catholic Academy","40 ","Ages Served: Preschool","None","Services: Day Program","Minnesota Department of Human Services","08/06/1990","01/01/2026","12/31/2026","   ","",
"1023991","Child Care Center","Freshwater Learning Center","6683 Laketown Pkwy","","","Waconia","MN","55387     ","Carver","","Active","Freshwater Church of The Christian and Missionary Alliance","114","Ages Served: Infants Toddlers Preschool School-Age","No more than 90 Toddler-School Age children per day, per toilet regulations.","Services: Day Program","Minnesota Department of Human Services","08/31/2004","06/29/2026","12/31/2026","   ","",
"1045573","Child Care Center","Fun Factory Child Care Center LLC","2929 County Road 136","","","Saint Cloud","MN","56301-9017","Stearns","(320) 203-1606","Active","Funfactory Child Care, Inc.","91 ","Ages Served: Infants Toddlers Preschool School-Age","None","Services: Day Program","Minnesota Department of Human Services","04/09/2007","01/01/2026","12/31/2026","   ","",
"1118178","Child Care Center","Future Scholars Child Care Center Ltd.","2652 Chicago Ave","","","Minneapolis","MN","55407-3706","Hennepin","(612) 236-4995","Active","Future Scholars Child Care Center Ltd","56 ","Ages Served: Infants Toddlers Preschool School-Age","None","Services: Day Program","Minnesota Department of Human Services","05/08/2023","01/01/2026","12/31/2026","   ","",
"1088506","Child Care Center","Future Scholars Childcare Inc","2652 Chicago Ave","","","Minneapolis","MN","55407-3706","Hennepin","(612) 236-4995","Revoked as of 10/29/2025","Future Scholars Childcare Inc","56 ","Ages Served: Infants Toddlers Preschool School-Age","None","Services: Day Program","Minnesota Department of Human Services","10/25/2017","01/01/2024","12/31/2024","   ","",
"804169","Child Care Center","Gaetz Kiddie Kove","1325 Northway Dr","","","Saint Cloud","MN","56303     ","Stearns","(320) 255-5522","Active","Gaetz Kiddie Kare, Inc.","59 ","Ages Served: Infants Toddlers Preschool School-Age","None","Services: Day Program","Minnesota Department of Human Services","08/30/1991","01/01/2026","12/31/2026","   ","",
"2001801","Child Care Center","Gan Rochester Preschool","3703 Fairway Pl NW","","","Rochester","MN","55901     ","Olmsted","(507) 361-7501","Active","Chabad-Lubavitch of Rochester Jewish Educational & Hospitality Center","51 ","Ages Served: Infants Toddlers Preschool","None","Services: Day Program","Minnesota Department of Human Services","09/01/2025","01/01/2026","12/31/2026","   ","",
"810024","Child Care Center","Gan Shelanu Preschool","10500 Hillside Ln W","","","Minnetonka","MN","55305-2630","Hennepin","(952) 545-8694","Active","Adath Jeshurun Congregation","144","Ages Served: Infants Toddlers Preschool","None","Services: Day Program","Minnesota Department of Human Services","12/01/1995","01/01/2026","12/31/2026","   ","",
"1099244","Child Care Center","Gardner School of Minneapolis","811 Lasalle Ave Ste 150","","","Minneapolis","MN","55402-2550","Hennepin","","Active","TGS Minneapolis, LLC","160","Ages Served: Infants Toddlers Preschool","None","Services: Day Program","Minnesota Department of Human Services","06/24/2019","01/01/2026","12/31/2026","   ","",
"1111450","Child Care Center","Generations Child Care","3631 Hoffman Rd","","","Mankato","MN","56001-5816","Blue Earth","","Active","Generations Child & Memory Care LLC","55 ","Ages Served: Infants Toddlers Preschool","None","Services: Day Program","Minnesota Department of Human Services","02/14/2022","08/25/2026","12/31/2026","   ","",
"1101200","Child Care Center","Girasol Montessori School","4800 Ewing Ave S","","","Minneapolis","MN","55410-1748","Hennepin","(952) 222-7605","Active","Girasol Montessori School LLC","40 ","Ages Served: Preschool School-Age","Per state fire marshal, no more than 50 children in care until fire alarm coverage is expanded.","Services: Day Program","Minnesota Department of Human Services","11/18/2019","01/01/2026","12/31/2026","   ","",
"1117547","Child Care Center","Glacial Hills Eaglets Child Care","610 W 6th St","","","Starbuck","MN","56381-9782","Pope","","Active","Glacial Hills Elementary School","22 ","Ages Served: Infant","None","Services: Day Program","Minnesota Department of Human Services","08/28/2023","01/01/2026","12/31/2026","   ","",
"830982","Child Care Center","Glencoe Headstart Center","1400 Elliott Ave N","","","Glencoe","MN","55336     ","McLeod","","Active","United Community Action Partnership, Inc.","20 ","Ages Served: Preschool","None","Services: Day Program","Minnesota Department of Human Services","02/02/1999","08/26/2026","12/31/2026","   ","",
"809652","Child Care Center","Glendale Early Childhood Family Development Center","96 Saint Marys Ave SE","","","Minneapolis","MN","55414-3459","Hennepin","(612) 874-7422","Active","Parents in Community Action, Inc.","88 ","Ages Served: Infants Toddlers Preschool","None","Services: Day Program","Minnesota Department of Human Services","10/02/1995","01/01/2026","12/31/2026","   ","",
"2000064","Child Care Center","God's Treasures Childcare Learning Center","506 W High St","","","Winthrop","MN","55396     ","Sibley","(507) 647-4309","Active","God's Treasures Childcare Learning Center, Inc.","74 ","Ages Served: Infant;Toddler;Preschool;School Age","None","Services: Day Program, Drop-in Child Care Program, School-age Child Care Program","Minnesota Department of Human Services","06/03/2024","01/01/2026","12/31/2026","   ","",
"1088066","Child Care Center","Goddard School","7805 Great Plains Blvd","","","Chanhassen","MN","55317-7915","Carver","(952) 934-3221","Active","Errington Education Inc.","143","Ages Served: Infants Toddlers Preschool School-Age","Maximum number of School Age in the Pre/SA- Eagles classroom is 21.","Services: Day Program","Minnesota Department of Human Services","11/10/2017","01/01/2026","12/31/2026","   ","",
"1035483","Child Care Center","Gods Discovery Kids Preschool","PO Box 22","# 14770 Canada Ave W","","Rosemount","MN","55068     ","Dakota","(651) 423-4127","Active","The Well, a United Methodist Church","91 ","Ages Served: Preschool","None","Services: Day Program","Minnesota Department of Human Services","09/06/2005","01/01/2026","12/31/2026","   ","",
"1110680","Child Care Center","Gold Childcare Center","1622 Central Ave NE Ste B","","","East Grand Forks","MN","56721     ","Polk","(612) 517-4118","Conditional as of 09/12/2025","Gold Childcare Center","60 ","Ages Served: Infants Toddlers Preschool School-Age","Conditional License from 9/12/2025 through 9/12/2027.","Services: Day Program","Minnesota Department of Human Services","05/19/2023","01/01/2026","12/31/2026","   ","",
"2000244","Child Care Center","Golden Childcare LLC","1503 Highway 13 E","","","Burnsville","MN","55337     ","Dakota","(720) 909-2344","Active","Golden childcare LLC","54 ","Ages Served: Infants Toddlers Preschool School-Age","None","Services: Day Program, School-age Child Care Program","Minnesota Department of Human Services","02/25/2025","01/01/2026","12/31/2026","   ","",
"2001897","Child Care Center","Golden Days & Little Rays Daycare and Activities center","225 3rd Ave","","","Wanamingo","MN","55983     ","Goodhue","(507) 884-9107","Active","Golden Days & Little Rays Daycare and Activities Center LLC","103","Ages Served: Infants Toddlers Preschool School-Age","None","Services: Day Program, Drop-in Child Care Program, School-age Child Care Program","Minnesota Department of Human Services","01/12/2026","01/12/2026","12/31/2026","   ","",
"800905","Child Care Center","Golden Heart Child Care Center","1825 Commerce Dr","","","North Mankato","MN","56003-1801","Nicollet","(507) 625-1454","Active","Taylor Corporation","135","Ages Served: Infants Toddlers Preschool School-Age","None","Services: Day Program","Minnesota Department of Human Services","08/30/1980","01/01/2026","12/31/2026","   ","",
"2001576","Child Care Center","Golden Years Montessori","4100 W 42nd St","","","Edina","MN","55416     ","Hennepin","(952) 929-4211","Active","Golden Years 2000 Inc","105","Ages Served: Preschool","None","Services: Day Program","Minnesota Department of Human Services","01/01/2026","01/01/2026","12/31/2026","   ","",
"1011053","Child Care Center","Good News Children's Center, Inc.","2645 Broadway Ave N","","","Rochester","MN","55906-3979","Olmsted","(507) 285-1167","Active","Good News Children's Center, Inc.","77 ","Ages Served: Infants Toddlers Preschool School-Age","None","Services: Day Program","Minnesota Department of Human Services","05/07/2001","01/01/2026","12/31/2026","   ","",
"800911","Child Care Center","Good Shepherd Childcare Center","800 Home St","","","Rushford","MN","55971-8836","Fillmore","(507) 864-7714","Active","Good Shepherd Lutheran Services","66 ","Ages Served: Infants Toddlers Preschool School-Age","None","Services: Day Program","Minnesota Department of Human Services","11/01/1985","01/01/2026","12/31/2026","   ","",
"1063603","Child Care Center","Good Shepherd Church & School","151 County Road 42 E","","","Burnsville","MN","55306-5712","Dakota","(952) 432-5527","Active","Good Shepherd Evangelical Lutheran Church & School","40 ","Ages Served: Preschool","None","Services: Day Program","Minnesota Department of Human Services","09/10/2012","01/01/2026","12/31/2026","   ","",
"810552","Child Care Center","Good Shepherd Preschool","2500 7th Ave NE","","","Owatonna","MN","55060-1488","Steele","(507) 451-6821","Active","Good Shepherd Evangelical Lutheran Church of Owatonna, Minnesota, Inc.","30 ","Ages Served: Preschool","None","Services: Day Program","Minnesota Department of Human Services","09/01/1996","07/16/2026","12/31/2026","   ","",
"800869","Child Care Center","Grace Beginnings Academy","9301 Eden Prairie Rd","","","Eden Prairie","MN","55347-3903","Hennepin","(952) 224-3110","Active","Grace Church","219","Ages Served: Infants Toddlers Preschool","Maximum number of Toddlers or Preschool in Tod/Pre-Yellow 12 is 14.; Maximum number of Toddlers or Preschool in Tod/Pre- Yellow 13 is 14.","Services: Day Program","Minnesota Department of Human Services","10/06/1989","01/01/2026","12/31/2026","   ","",
"800916","Child Care Center","Grace Neighborhood Nursery School","3400 DuPont Ave S Ste 2","","","Minneapolis","MN","55408     ","Hennepin","(612) 872-8131","Active","Grace Neighborhood Nursery School","66 ","Ages Served: Toddlers Preschool","None","Services: Day Program","Minnesota Department of Human Services","09/01/1961","01/01/2026","12/31/2026","   ","",
"1044962","Child Care Center","Great Expectations Child Care","329 5th Ave SE","","","East Grand Forks","MN","56721-2181","Polk","","Closed as of 05/31/2026","Great Expectations Child Care, LLC","82 ","Ages Served: Infants Toddlers Preschool School-Age","None","Services: Day Program","Minnesota Department of Human Services","01/17/2007","01/01/2026","12/31/2026","   ","",
"1074391","Child Care Center","Great Start Montessori School Inc","2000 Merrimac Ln N","","","Plymouth","MN","55447-4698","Hennepin","(763) 553-4000","Active","Great Start Montessori School, Inc.","107","Ages Served: Infants Toddlers Preschool School-Age","Maximum number of toddlers in the Older Toddler/Preschool Room is 23.","Services: Day Program","Minnesota Department of Human Services","10/01/2014","01/01/2026","12/31/2026","   ","",
"1114639","Child Care Center","Green Life CDC","670 Wheelock Pkwy W","","","Saint Paul","MN","55117-4150","Ramsey","(651) 489-8186","Pending Reopening as of 08/30/2025","GREEN Life Child Development Center LLC","45 ","Ages Served: Infants Toddlers Preschool","None","Services: Day Program","Minnesota Department of Human Services","01/02/2023","01/01/2026","12/31/2026","   ","",
"1121660","Child Care Center","Green Lily Behavioral Health Intensive Child Care Center","2518 N Broadway Ste 120","","","Rochester","MN","55906     ","Olmsted","(507) 884-0383","Active","Green Lily Behavioral Health, LLC","30 ","Ages Served: Preschool","None","Services: Day Program","Minnesota Department of Human Services","07/01/2024","01/01/2026","12/31/2026","   ","",
"1104828","Child Care Center","Greenbrier Montessori DBA Rosebay Montessori","3400 Park Ave","","","Minneapolis","MN","55407     ","Hennepin","(612) 314-6424","Active","Greenbrier Montessori LTD","20 ","Ages Served: Preschool School-Age","None","Services: Day Program","Minnesota Department of Human Services","10/28/2020","01/01/2026","12/31/2026","   ","",
"1057573","Child Care Center","Grin N Giggles","220 Church Ave","","","Albany","MN","56307-9489","Stearns","","Active","Grin-N-Giggles Child Care Center, LLC","47 ","Ages Served: Infants Toddlers Preschool","None","Services: Day Program","Minnesota Department of Human Services","08/02/2010","01/01/2026","12/31/2026","   ","",
"1119030","Child Care Center","Grow With Me LLC","12439 Champlin Dr # 103","","","Champlin","MN","55316     ","Hennepin","(763) 337-0605","Active","Grow With Me Limited Liability Company","62 ","Ages Served: Infants Toddlers Preschool School-Age","None","Services: Day Program","Minnesota Department of Human Services","02/26/2024","01/01/2026","12/31/2026","   ","",
"1039204","Child Care Center","Grow With Us Childcare Center","2005 2nd St N","","","Princeton","MN","55371-4683","Mille Lacs","(763) 631-2244","Active","Grow With Us Child Care Center, LLC","98 ","Ages Served: Infants Toddlers Preschool School-Age","None","Services: Day Program","Minnesota Department of Human Services","02/27/2006","01/01/2026","12/31/2026","   ","",
"1098018","Child Care Center","Growing Explorers Learning Center","158 Jade Trl N","","","Lake Elmo","MN","55042-2606","Washington","(651) 505-4769","Active","Growing Explorers LLC","179","Ages Served: Infants Toddlers Preschool School-Age","None","Services: Day Program","Minnesota Department of Human Services","08/07/2019","01/01/2026","12/31/2026","   ","",
"1110476","Child Care Center","Growing Generations Child Development Center Ham Lake","13644 Radisson Rd NE","","","Ham Lake","MN","55304     ","Anoka","(763) 270-5936","Active","Growing Generations Child Development Center Ham Lake Inc.","120","Ages Served: Infants Toddlers Preschool School-Age","None","Services: Day Program","Minnesota Department of Human Services","11/15/2021","12/17/2025","12/31/2026","   ","",
"1030931","Child Care Center","Growing in Grace Preschool","410 Main St S","","","Pine City","MN","55063-1658","Pine","(320) 629-3683","Active","Zion Lutheran Church-Missouri Synod","18 ","Ages Served: Preschool","None","Services: Day Program","Minnesota Department of Human Services","09/29/2004","01/01/2026","12/31/2026","   ","",
"1106423","Child Care Center","Growing Tree Montessori, LLC","900 4th St SW","","","Waseca","MN","56093-2556","Waseca","(507) 835-5875","Active","Growing Tree Montessori LLC","73 ","Ages Served: Infants Toddlers Preschool School-Age","Maximum number of school-age in the Preschool/School-Age room is 15 school-age.","Services: Day Program","Minnesota Department of Human Services","01/01/2021","01/01/2026","12/31/2026","   ","",
"1105778","Child Care Center","Growing with Love LLC","62 W Highway 61","","","Esko","MN","55733-9701","Carlton","(218) 879-2581","Active","Growing with Love, LLC","69 ","Ages Served: Infants Toddlers Preschool School-Age","None","Services: Day Program","Minnesota Department of Human Services","10/05/2020","01/01/2026","12/31/2026","   ","",
"2000255","Child Care Center","Growing With Love, LLC","2801 Dewey Ave","","","Cloquet","MN","55720     ","Carlton","(218) 451-0526","Active","Growing with Love, LLC","24 ","Ages Served: School-Age","None","Services: School-age Child Care Program","Minnesota Department of Human Services","06/10/2024","01/01/2026","12/31/2026","   ","",
"2001748","Child Care Center","Guardian Angels Preschool","217 W 2nd St","","","Chaska","MN","55318     ","Carver","(952) 227-4000","Active","Guardian Angels Catholic Church","30 ","Ages Served: Preschool","None","Services: Day Program","Minnesota Department of Human Services","09/02/2025","01/01/2026","12/31/2026","   ","",
"2001920","Child Care Center","Guiding Light Early Learning Center","400 Franklin St SW","","","Hutchinson","MN","55350     ","McLeod","(320) 296-0123","Active","Guiding Light Early Learning Center","56 ","Ages Served: Toddlers Preschool School-Age","Per State Fire Marshal temporary occupancy granted until September 9,2026.","Services: Day Program, School-age Child Care Program","Minnesota Department of Human Services","12/08/2025","04/06/2026","12/31/2026","   ","",
"1113287","Child Care Center","HaLev Early Childhood at the J","1375 Saint Paul Ave","","","Saint Paul","MN","55116     ","Ramsey","(651) 255-4760","Active","Minnesota Jewish Community Center","162","Ages Served: Infants Toddlers Preschool","Maximum number of children under the age of 30 months in the Library is 10.; Room 115 is a Toddler/Preschool Combo Classroom.; Room 114 is a Toddler/Preschool Combo Classroom.; Room 112 is an Infant / Toddler Combo Classroom; Maximum number of Toddler Age","Services: Day Program","Minnesota Department of Human Services","01/30/2023","01/01/2026","12/31/2026","   ","",
"801164","Child Care Center","HaLev Early Childhood at the J","4330 Cedar Lake Rd S","","","Saint Louis Park","MN","55416-3700","Hennepin","(952) 381-3445","Active","Minnesota Jewish Community Center","150","Ages Served: Infants Toddlers Preschool","None","Services: Day Program","Minnesota Department of Human Services","01/01/1960","01/01/2026","12/31/2026","   ","",
"1031074","Child Care Center","Hallelujah Childcare Center","4880 Maple Grove Rd","","","Hermantown","MN","55811-3951","St. Louis","(218) 729-1818","Active","Hermantown Community Church of the Assemblies of God","128","Ages Served: Infants Toddlers Preschool School-Age","Not to Exceed 20 preschool age children in the Pre-K/School Age Classroom.","Services: Day Program","Minnesota Department of Human Services","09/14/2004","01/01/2026","12/31/2026","   ","",
"1009807","Child Care Center","Hamilton Head Start","4735 W 123rd St Ste 500","","","Savage","MN","55378     ","Scott","(952) 890-9535","Active","Scott-Carver-Dakota CAP Agency, Inc.","80 ","Ages Served: Preschool","None","Services: Day Program","Minnesota Department of Human Services","09/11/2000","01/01/2026","12/31/2026","   ","",
"2000291","Child Care Center","Hananah Childcare Center, LLC","113 24th Ave S","","","Waite Park","MN","56387     ","Stearns","(320) 472-0950","Active","Hananah Childcare Center, LLC","55 ","Ages Served: Infant;Toddler;Preschool;School Age","None","Services: Day Program","Minnesota Department of Human Services","05/05/2025","03/02/2026","12/31/2026","   ","",
"800968","Child Care Center","Hand in Hand Child Care Center","1250 Concordia Ave","","","Saint Paul","MN","55104-5479","Ramsey","(651) 641-8491","Active","Concordia University, St. Paul","46 ","Ages Served: Infants Toddlers Preschool","None","Services: Day Program","Minnesota Department of Human Services","04/01/1982","01/01/2026","12/31/2026","   ","",
"1019442","Child Care Center","Hand in Hand Christian Montessori","211 McCarrons Blvd N","","","Roseville","MN","55113-6923","Ramsey","","Active","Hand in Hand, Christian Montessori Home School Academy","104","Ages Served: Infants Toddlers Preschool School-Age","None","Services: Day Program","Minnesota Department of Human Services","09/05/2002","01/01/2026","12/31/2026","   ","",
"1108920","Child Care Center","Hand in Hand Christian Montessori (West Campus)","301 Peavey Ln","","","Wayzata","MN","55391-1524","Hennepin","(952) 300-7860","Active","Hand in Hand, Christian Montessori Home School Academy","108","Ages Served: Infants Toddlers Preschool","None","Services: Day Program","Minnesota Department of Human Services","09/01/2021","01/01/2026","12/31/2026","   ","",
"2001923","Child Care Center","HAP Montessori","240 Plato Blvd E","","","Saint Paul","MN","55107     ","Ramsey","(651) 495-9160","Pending Reopening as of 06/26/2026","Hmong American Partnership","59 ","Ages Served: Preschool;School Age","None","Services: Day Program, School-age Child Care Program","Minnesota Department of Human Services","01/05/2026","01/05/2026","12/31/2026","   ","",
"800973","Child Care Center","Happy Days Learning Center","760 E Miners Dr","","","Ely","MN","55731     ","St. Louis","(218) 504-9112","Active","Happy Days Learning Center, Inc.","46 ","Ages Served: Infants Toddlers Preschool","None","Services: Day Program","Minnesota Department of Human Services","12/12/1969","01/01/2026","12/31/2026","   ","",
"2001737","Child Care Center","Happy Hearts Child Center LLC","2701 Bloomington Ave","","","Minneapolis","MN","55407     ","Hennepin","(612) 245-2033","Active","Happy hearts child center L. L. C.","40 ","Ages Served: Infants Toddlers Preschool School-Age","None","Services: Day Program","Minnesota Department of Human Services","09/09/2025","01/01/2026","12/31/2026","   ","",
"2002228","Child Care Center","Happy Hearts Kids Center","2940 Chicago Ave","","","Minneapolis","MN","55407     ","Hennepin","(612) 452-6873","Active","Happy Hearts Kids Center L.L.C.","76 ","Ages Served: Infants Toddlers Preschool School-Age","Per Fire Marshal no more than 10 children in the Infant classroom.","Services: Day Program, School-age Child Care Program","Minnesota Department of Human Services","08/21/2026","08/21/2026","12/31/2026","   ","",
"800976","Child Care Center","Happy Time Day Care Center","203 N 25th Ave W","","","Duluth","MN","55806     ","St. Louis","(218) 722-0927","Active","Happy Time Day Care Center","85 ","Ages Served: Infants Toddlers Preschool","None","Services: Day Program","Minnesota Department of Human Services","04/03/1970","01/01/2026","12/31/2026","   ","",
"1055399","Child Care Center","Harbon Montessori Schools Inc","6180 Highway 65 NE","","","Fridley","MN","55432     ","Anoka","(651) 631-1918","Active","Harbon Montessori Schools, Inc.","34 ","Ages Served: Toddlers Preschool","None","Services: Day Program","Minnesota Department of Human Services","01/25/2010","01/01/2026","12/31/2026","   ","",
"1081001","Child Care Center","Harmony Kids Learning Center","720 Main Ave N","","","Harmony","MN","55939-8839","Fillmore","(507) 886-4552","Active","Harmony Kids Learning Center LLC","99 ","Ages Served: Infants Toddlers Preschool School-Age","None","Services: Day Program","Minnesota Department of Human Services","06/06/2016","01/01/2026","12/31/2026","   ","",
"1073644","Child Care Center","Hartley Nature Preschool","3001 Woodland Ave","","","Duluth","MN","55803-1980","St. Louis","(218) 724-6735","Active","Hartley Nature Center Corporation","48 ","Ages Served: Preschool","None","Services: Day Program","Minnesota Department of Human Services","09/02/2014","01/01/2026","12/31/2026","   ","",
"1036649","Child Care Center","Harvest Preschool","219 4th St N","","","Sauk Rapids","MN","56379-1634","Benton","(320) 529-8838","Active","Harvest Preschool, Inc.","30 ","Ages Served: Preschool","None","Services: Day Program","Minnesota Department of Human Services","09/12/2005","01/01/2026","12/31/2026","   ","",
"1053682","Child Care Center","Hastings Child Development Center","210 17th St W","","","Hastings","MN","55033-3009","Dakota","(651) 438-9119","Active","Hastings Child Development Center LLC","239","Ages Served: Infants Toddlers Preschool School-Age","None","Services: Day Program","Minnesota Department of Human Services","03/02/2009","01/01/2026","12/31/2026","   ","",
"801001","Child Care Center","Head Start Family Development Center","9574 Foley Blvd NW","","","Minneapolis","MN","55433-5537","Anoka","(763) 783-4300","Active","Anoka County Community Action Program, Inc.","320","Ages Served: Preschool","None","Services: Day Program","Minnesota Department of Human Services","11/19/1989","01/01/2026","12/31/2026","   ","",
"1119536","Child Care Center","Headstart Preschool LLC dba The Office","910 14th Ave NE # 100","","","Minneapolis","MN","55413-1511","Hennepin","(763) 432-3847","Pending Reopening as of 02/10/2026","Headstart Preschool LLC","13 ","Ages Served: Infants Toddlers Preschool","Per Building Inspector, no more than 15 children in toddler/preschool classroom","Services: Day Program","Minnesota Department of Human Services","01/02/2024","01/01/2026","12/31/2026","   ","",
"1065900","Child Care Center","Heartland Christian Academy Preschool","9914 Heartland Cir NW","","","Bemidji","MN","56601     ","Beltrami","(218) 751-1751","Active","Heartland Christian Academy, Inc.","15 ","Ages Served: Preschool","None","Services: Day Program","Minnesota Department of Human Services","09/03/2013","01/01/2026","12/31/2026","   ","",
"1078556","Child Care Center","Heartwood Montessori School Northeast Minneapolis","229 13th Ave NE","","","Minneapolis","MN","55413-1117","Hennepin","(612) 220-7504","Active","Heartwood Montessori School - Northeast","74 ","Ages Served: Toddlers Preschool School-Age","None","Services: Day Program","Minnesota Department of Human Services","09/14/2015","01/01/2026","12/31/2026","   ","",
"2001735","Child Care Center","Heather's Happy Days Daycare","411 N 57th Ave W","","","Duluth","MN","55807     ","St. Louis","(972) 607-6578","Active","Heather's Happy Days Daycare","32 ","Ages Served: Infants Toddlers Preschool","None","Services: Day Program","Minnesota Department of Human Services","10/20/2025","01/01/2026","12/31/2026","   ","",
"1100879","Child Care Center","Heaven Childcare Inc","1510 E 122nd St","","","Burnsville","MN","55337-6804","Dakota","(952) 808-6849","Active","Heaven Childcare Inc.","64 ","Ages Served: Infants Toddlers Preschool School-Age","None","Services: Day Program","Minnesota Department of Human Services","03/23/2020","03/11/2026","12/31/2026","   ","",
"801014","Child Care Center","Heavenly Sunshine Preschool","109 2nd Ave N","","","Isanti","MN","55040-4375","Isanti","(763) 444-7527","Active","Faith Lutheran Church of Isanti","30 ","Ages Served: Preschool","None","Services: Day Program","Minnesota Department of Human Services","09/01/1982","01/01/2026","12/31/2026","   ","",
"1006255","Child Care Center","Helen H. Taylor Early Childhood Family Development Center","4901 Olson Memorial Hwy","","","Minneapolis","MN","55422-5130","Hennepin","(763) 541-7422","Active","Parents in Community Action, Inc.","76 ","Ages Served: Infants Toddlers Preschool","None","Services: Day Program","Minnesota Department of Human Services","12/22/2000","01/01/2026","12/31/2026","   ","",
"1073466","Child Care Center","Heritage Christian Academy","15655 Bass Lake Rd","","","Maple Grove","MN","55311-3103","Hennepin","(763) 463-2200","Active","Heritage Christian Academy","49 ","Ages Served: Preschool","None","Services: Day Program","Minnesota Department of Human Services","09/08/2015","01/01/2026","12/31/2026","   ","",
"2002262","Child Care Center","Heritage Hmong Preschool LLC","430B Coon Rapids Blvd NW","","","Coon Rapids","MN","55433     ","Anoka","(651) 592-5702","Active","Heritage Hmong Preschool LLC","25 ","Ages Served: Preschool School-Age","Maximum number of school age children is thirteen.","Services: Day Program, School-age Child Care Program","Minnesota Department of Human Services","06/01/2026","06/01/2026","12/31/2026","   ","",
"1066401","Child Care Center","Heritage Lutheran Church","13401 Johnny Cake Ridge Rd","","","Apple Valley","MN","55124-8167","Dakota","(952) 431-6225","Active","Heritage Lutheran Church","40 ","Ages Served: Preschool","None","Services: Day Program","Minnesota Department of Human Services","08/30/2013","01/01/2026","12/31/2026","   ","",
"801025","Child Care Center","Hermantown Area Head Start","4333 Hawk Circle Dr Rm 111","","","Hermantown","MN","55811-3648","St. Louis","(218) 623-3004","Active","Arrowhead Economic Opportunity Agency, Inc.","19 ","Ages Served: Preschool","None","Services: Day Program","Minnesota Department of Human Services","12/12/1971","01/01/2026","12/31/2026","   ","",
"1081017","Child Care Center","Hey Diddle Diddle Daycare LLC","830 Sunrise Dr","","","Saint Peter","MN","56082-1203","Nicollet","(507) 720-5315","Active","Hey Diddle, Diddle Daycare L. L. C.","40 ","Ages Served: Infants Toddlers Preschool","None","Services: Day Program","Minnesota Department of Human Services","07/20/2016","01/01/2026","12/31/2026","   ","",
"801030","Child Care Center","Hi-Ho Nursery School","1770 Eleanor St","","","Worthington","MN","56187-1888","Nobles","(507) 376-4861","Active","Hi-Ho Nursery School","20 ","Ages Served: Preschool","None","Services: Day Program","Minnesota Department of Human Services","10/01/1964","08/11/2026","12/31/2026","   ","",
"801038","Child Care Center","Hibbing Head Start","2100 12th Ave E","","","Hibbing","MN","55746-1837","St. Louis","(218) 748-7317","Active","Arrowhead Economic Opportunity Agency, Inc.","80 ","Ages Served: Preschool","None","Services: Day Program","Minnesota Department of Human Services","12/23/1969","01/01/2026","12/31/2026","   ","",
"801039","Child Care Center","Hibbing Parent's Nursery School","1637 E 40th St","","","Hibbing","MN","55746     ","St. Louis","(218) 208-3567","Active","Hibbing Parents' Nursery School and Daycare, Inc.","30 ","Ages Served: Toddlers Preschool School-Age","None","Services: Day Program","Minnesota Department of Human Services","09/01/1965","01/01/2026","12/31/2026","   ","",
"2001689","Child Care Center","HIGH FIVE LEARNING LLC","1609 Southcross Dr W","","","Burnsville","MN","55306     ","Dakota","(651) 361-9290","Conditional as of 08/28/2026","HIGH FIVE LEARNING LLC","36 ","Ages Served: Infants Toddlers Preschool School-Age","None","Services: Day Program, School-age Child Care Program","Minnesota Department of Human Services","05/03/2025","01/01/2026","12/31/2026","   ","",
"1109732","Child Care Center","High Hopes Childcare, Inc.","1925 Portland Ave","","","Minneapolis","MN","55404-2713","Hennepin","(612) 423-2000","Active","High Hopes Childcare Inc.","94 ","Ages Served: Infants Toddlers Preschool School-Age","None","Services: Day Program","Minnesota Department of Human Services","12/20/2021","01/01/2026","12/31/2026","   ","",
"1009291","Child Care Center","Higher Education Childcare","3333 N 4th St","","","Minneapolis","MN","55412-2615","Hennepin","(612) 767-7371","Pending Reopening as of 01/21/2026","Higher Education Childcare","15 ","Ages Served: Preschool School-Age","Maximum number of school agers in the Preschool classroom is five.; Operate on Non-School Days Only","Services: Day Program","Minnesota Department of Human Services","01/02/2001","01/01/2026","12/31/2026","   ","",
"1082309","Child Care Center","Highland Catholic Preschool","2055 Bohland Ave","","","Saint Paul","MN","55116-1911","Ramsey","","Active","Highland Catholic School","70 ","Ages Served: Preschool","None","Services: Day Program","Minnesota Department of Human Services","10/31/2016","08/21/2026","12/31/2026","   ","",
"1074419","Child Care Center","Highland Catholic Preschool","2017 Bohland Ave","","","Saint Paul","MN","55116-1911","Ramsey","(651) 690-2477","Active","Highland Catholic School","20 ","Ages Served: Preschool","None","Services: Day Program","Minnesota Department of Human Services","02/19/2015","01/01/2026","12/31/2026","   ","",
"804243","Child Care Center","Highland Park Montessori School","1550 Summit Ave","","","Saint Paul","MN","55105     ","Ramsey","(651) 690-5327","Active","Highland Park Montessori School, Inc.","54 ","Ages Served: Toddlers Preschool School-Age","None","Services: Day Program","Minnesota Department of Human Services","10/04/1991","01/01/2026","12/31/2026","   ","",
"1076579","Child Care Center","Highland Village Montessori School","1882 Ford Pkwy","","","Saint Paul","MN","55116-1916","Ramsey","","Active","Little Stars Childcare Inc.","41 ","Ages Served: Infants Toddlers Preschool","None","Services: Day Program","Minnesota Department of Human Services","01/09/2015","01/01/2026","12/31/2026","   ","",
"801043","Child Care Center","Hillcrest Child Care Center","9100 Russell Ave S","","","Bloomington","MN","55431-2120","Hennepin","(952) 881-5330","Active","Hillcrest United Methodist Church, Bloomington, Minn.","38 ","Ages Served: Infants Toddlers Preschool","Conditional use permit states cannot exceed 38 children.","Services: Day Program","Minnesota Department of Human Services","09/01/1989","01/01/2026","12/31/2026","   ","",
"1110363","Child Care Center","Hillcrest Lutheran Academy Preschool","805 E Channing Ave","","","Fergus Falls","MN","56537-3754","Otter Tail","(218) 739-3371","Active","Hillcrest Lutheran Academy","38 ","Ages Served: Preschool","None","Services: Day Program","Minnesota Department of Human Services","01/03/2022","01/01/2026","12/31/2026","   ","",
"800696","Child Care Center","Holy Cross Preschool","6100 37th St W","","","Webster","MN","55088-2138","Rice","(952) 652-6100","Active","Holy Cross Catholic School","35 ","Ages Served: Preschool","None","Services: Day Program","Minnesota Department of Human Services","09/12/1988","01/01/2026","12/31/2026","   ","",
"1100229","Child Care Center","Holy Family Academy Pre-K","5925 W Lake St","","","Saint Louis Park","MN","55416-2019","Hennepin","(952) 925-9193","Active","The Church of the Holy Family of St. Louis Park","40 ","Ages Served: Preschool","None","Services: Day Program","Minnesota Department of Human Services","08/27/2019","01/01/2026","12/31/2026","   ","",
"2003178","Child Care Center","Holy Name of Jesus School of Medina","155 County Road 24","","","Wayzata","MN","55391     ","Hennepin","(763) 473-7901","Active","Holy Name of Jesus School of Medina","60 ","Ages Served: Preschool","None","Services: Day Program","Minnesota Department of Human Services","09/08/2026","09/08/2026","12/31/2026","   ","",
"806262","Child Care Center","Holy Nativity Christian Child Care Center","3900 Winnetka Ave N","","","New Hope","MN","55427-1207","Hennepin","(763) 591-0681","Active","Holy Nativity Christian Child Care Center","50 ","Ages Served: Infants Toddlers Preschool School-Age","Not to Exceed 5 School-Agers","Services: Day Program","Minnesota Department of Human Services","09/10/1993","01/01/2026","12/31/2026","   ","",
"1107733","Child Care Center","Holy Redeemer Preschool","501 S Whitney St","","","Marshall","MN","56258-1995","Lyon","(507) 532-6642","Active","The Church of the Holy Redeemer of Marshall Minnesota","57 ","Ages Served: Preschool","None","Services: Day Program","Minnesota Department of Human Services","09/22/2021","01/01/2026","12/31/2026","   ","",
"1049970","Child Care Center","Holy Spirit Pre School/Rochester Catholic Schools","5455 50th Ave NW","","","Rochester","MN","55901-3763","Olmsted","(507) 288-8818","Active","Rochester Catholic Schools","114","Ages Served: Toddlers Preschool","None","Services: Day Program","Minnesota Department of Human Services","08/27/2008","01/01/2026","12/31/2026","   ","",
"1101715","Child Care Center","Holy Spirit Preschool","515 Albert St S","","","Saint Paul","MN","55116     ","Ramsey","(651) 698-3353","Active","The Church of the Holy Spirit of St. Paul, Minnesota","40 ","Ages Served: Preschool","None","Services: Day Program","Minnesota Department of Human Services","09/08/2020","01/01/2026","12/31/2026","   ","",
"1076797","Child Care Center","Holy Trinity Catholic School","80 Edward St S","","","Pierz","MN","56364-1572","Morrison","","Active","Holy Trinity Catholic School","60 ","Ages Served: Preschool","Per State Fire Marshal, temporary occupancy granted until October 17, 2026.","Services: Day Program","Minnesota Department of Human Services","08/30/2016","01/01/2026","12/31/2026","   ","",
"1046394","Child Care Center","Holy Trinity Lutheran Academy","4240 Gettysburg Ave N","","","Minneapolis","MN","55428     ","Hennepin","(763) 533-0600","Active","Holy Trinity Lutheran Church","127","Ages Served: Infants Toddlers Preschool","Not to Exceed 28 Toddlers; Not to Exceed 22 Infants","Services: Day Program","Minnesota Department of Human Services","05/24/2007","01/01/2026","12/31/2026","   ","",
"1095789","Child Care Center","Holy Trinity Preschool","110 Winsted Ave W","","","Winsted","MN","55395-7901","McLeod","(320) 485-2182","Active","Holy Trinity Schools","20 ","Ages Served: Preschool School-Age","Maximum number of school age in the Preschool Room 109 classroom is 2","Services: Day Program","Minnesota Department of Human Services","11/15/2018","06/24/2026","12/31/2026","   ","",
"2001757","Child Care Center","Honeyberry Montessori and Nature Preschool","9068 20th St SW","","","Montevideo","MN","56265     ","Chippewa","(320) 368-8562","Active","Honeyberry Montessori and Nature Preschool","20 ","Ages Served: Preschool","None","Services: Day Program","Minnesota Department of Human Services","04/02/2026","04/02/2026","12/31/2026","   ","",
"2000269","Child Care Center","Honor House Academy","2420 Cleveland Ave N","","","Roseville","MN","55113     ","Ramsey","(612) 208-7817","Active","Honor House Academy","151","Ages Served: Infant;Toddler;Preschool","None","Services: Day Program, School-age Child Care Program","Minnesota Department of Human Services","08/16/2024","01/01/2026","12/31/2026","   ","",
"1061071","Child Care Center","Hooyo Childcare Center Inc","3600 Nicollet Ave","","","Minneapolis","MN","55409-1284","Hennepin","(612) 545-5779","Active","Hooyo Childcare Center Inc.","66 ","Ages Served: Infants Toddlers Preschool School-Age","None","Services: Day Program","Minnesota Department of Human Services","09/17/2012","01/01/2026","12/31/2026","   ","",
"1080852","Child Care Center","Hope Academy Child Care Center","605 Franklin Ave NE","","","Saint Cloud","MN","56304-0225","Benton","(320) 371-0847","Active","Hope Academy Childcare Center L. L. C.","98 ","Ages Served: Infants Toddlers Preschool School-Age","None","Services: Day Program","Minnesota Department of Human Services","07/13/2016","01/01/2026","12/31/2026","   ","",
"1014210","Child Care Center","Hope Christian Preschool","16898 Michael Ave","","","Hastings","MN","55033-8643","Dakota","(651) 480-2417","Active","Hope Lutheran Church of Hastings, Minnesota","33 ","Ages Served: Toddlers Preschool School-Age","Maximum number of toddler aged children in the preschool classroom is 13.","Services: Day Program","Minnesota Department of Human Services","10/01/2001","01/07/2026","12/31/2026","   ","",
"801080","Child Care Center","Hope Church School","7132 Portland Ave","","","Richfield","MN","55423     ","Hennepin","(612) 861-2720","Active","Hope Presbyterian Church of Richfield","90 ","Ages Served: Preschool School-Age","Maximum number of school age children in the Mountain and Desert Rooms is 60.","Services: Day Program","Minnesota Department of Human Services","09/10/1984","01/01/2026","12/31/2026","   ","",
"1102890","Child Care Center","Hope for Kids Childcare Center","301 W Saint Marie St","","","Duluth","MN","55803-2616","St. Louis","(218) 724-1510","Active","Hope for Kids Childcare Center","64 ","Ages Served: Infants Toddlers Preschool","None","Services: Day Program","Minnesota Department of Human Services","07/13/2020","01/01/2026","12/31/2026","   ","",
"1117158","Child Care Center","Hope Learning Center Inc","2525 Williams Dr Ste B","Suite B","","Burnsville","MN","55337     ","Dakota","(952) 808-1233","Pending Reopening as of 01/11/2026","Hope Learning Center Inc","73 ","Ages Served: Infants Toddlers Preschool School-Age","None","Services: Day Program","Minnesota Department of Human Services","04/17/2023","01/01/2026","12/31/2026","   ","",
"1078060","Child Care Center","Hopkins Montessori","14410 Brunsvold Rd","","","Minnetonka","MN","55345-5814","Hennepin","(952) 938-5235","Active","HMS LLC","44 ","Ages Served: Toddlers Preschool","None","Services: Day Program","Minnesota Department of Human Services","07/13/2015","01/01/2026","12/31/2026","   ","",
"1091896","Child Care Center","Hour Kids Walk-In Childcare","1981 Silver Bell Rd # 1300","","","Eagan","MN","55122-3174","Dakota","(651) 493-3690","Closed as of 05/24/2026","Little Feet, Big Steps LLC","56 ","Ages Served: Infants Toddlers Preschool School-Age","None","Services: Day Program","Minnesota Department of Human Services","06/04/2018","01/01/2026","12/31/2026","   ","",
"1112676","Child Care Center","Hour Kids Walk-in Childcare","2470 McKnight Rd N","","","North St Paul","MN","55109-2251","Ramsey","(651) 340-0676","Closed as of 09/05/2026","Little Feet, Big Steps LLC","14 ","Ages Served: Infants Toddlers Preschool","None","Services: Day Program","Minnesota Department of Human Services","03/14/2022","01/01/2026","12/31/2026","   ","",
"1101317","Child Care Center","Hutchinson Head Start","900 Lynn Rd SW","","","Hutchinson","MN","55350-3151","McLeod","(320) 234-0248","Active","United Community Action Partnership, Inc.","55 ","Ages Served: Toddlers Preschool","None","Services: Day Program","Minnesota Department of Human Services","10/28/2019","01/01/2026","12/31/2026","   ","",
"2001912","Child Care Center","Hutchinson Head Start Toddler 2","904 Highway 15 S Ste A","Suite A","","Hutchinson","MN","55350     ","McLeod","(320) 235-0850","Active","United Community Action Partnership, Inc.","9  ","Ages Served: Toddlers","None","Services: Day Program","Minnesota Department of Human Services","10/27/2025","01/01/2026","12/31/2026","   ","",
"1086688","Child Care Center","Hypointe Childcare LLC","8755 Upper 208th St W","","","Lakeville","MN","55044-9801","Dakota","(952) 595-6300","Active","Hypointe Childcare LLC","144","Ages Served: Infants Toddlers Preschool","None","Services: Day Program","Minnesota Department of Human Services","08/21/2017","01/01/2026","12/31/2026","   ","",
"1120352","Child Care Center","Hypointe LB LLC","3438 151st St W","","","Rosemount","MN","55068-1755","Dakota","","Active","Hypointe LB L.L.C.","69 ","Ages Served: Infants Toddlers Preschool","Per Health Inspector, all meals are catered, equipment and utensils are disposable and prepackaged and dry snacks can be served.","Services: Day Program","Minnesota Department of Human Services","09/25/2023","10/29/2025","12/31/2026","   ","",
"1059814","Child Care Center","I Care Child Center","3659 Cedar Ave S","","","Minneapolis","MN","55407     ","Hennepin","(612) 729-5555","Active","ICARECHILDCENTER LLC","56 ","Ages Served: Infants Toddlers Preschool School-Age","None","Services: Day Program","Minnesota Department of Human Services","01/30/2012","01/01/2026","12/31/2026","   ","",
"1053172","Child Care Center","IKRAM Child Care LLC","3055 Old Highway 8 Ste 110","","","Minneapolis","MN","55418-2664","Hennepin","(612) 788-4722","Active","Ikram child care LLC","41 ","Ages Served: Infants Toddlers Preschool","None","Services: Day Program","Minnesota Department of Human Services","01/01/2010","01/01/2026","12/31/2026","   ","",
"1101527","Child Care Center","Ikram Childcare Center","3504 Snelling Ave","","","Minneapolis","MN","55406-2632","Hennepin","(612) 345-7527","Revoked: Subject to Appeal as of 04/16/2026","Ikram Childcare Center LLC","62 ","Ages Served: Infants Toddlers Preschool School-Age","None","Services: Day Program","Minnesota Department of Human Services","04/24/2020","01/01/2025","12/31/2025","   ","",
"830825","Child Care Center","Immanuel Lutheran Nursery School","22591 County Road 25","","","Lewiston","MN","55952-4209","Winona","(507) 523-3143","Active","Immanuel Evangelical Lutheran Church","20 ","Ages Served: Preschool","None","Services: Day Program","Minnesota Department of Human Services","09/14/1998","01/01/2026","12/31/2026","   ","",
"801123","Child Care Center","Immanuel Lutheran Preschool","620 Bush St # 750","","","Lakefield","MN","56150-1100","Jackson","(507) 662-5860","Active","Immanuel Lutheran Church","20 ","Ages Served: Preschool","None","Services: Day Program","Minnesota Department of Human Services","01/05/1989","01/01/2026","12/31/2026","   ","",
"1048644","Child Care Center","Immanuel Lutheran Preschool","30 S Wabasha","","","Plainview","MN","55964-1399","Wabasha","(507) 534-2108","Active","Immanuel Evangelical Lutheran Church of Plainview, Minnesota","15 ","Ages Served: Preschool","None","Services: Day Program","Minnesota Department of Human Services","08/18/2008","01/01/2026","12/31/2026","   ","",
"830889","Child Care Center","Immanuel Lutheran School","4656 State 200 NW","","","Walker","MN","56484-2619","Cass","(218) 547-4139","Active","Immanuel Lutheran School","20 ","Ages Served: Preschool","None","Services: Day Program","Minnesota Department of Human Services","11/03/1998","01/01/2026","12/31/2026","   ","",
"830352","Child Care Center","Incarnation Preschool","4880 Hodgson Rd","","","Saint Paul","MN","55126     ","Ramsey","(651) 484-7213","Closed as of 05/30/2026","Incarnation Lutheran Church","48 ","Ages Served: Preschool","None","Services: Day Program","Minnesota Department of Human Services","08/21/1997","01/01/2026","12/31/2026","   ","",
"2001745","Child Care Center","Inclusion Learning Center LLC","820 40th Ave NE Ste 2","Suite # 2","","Minneapolis","MN","55421     ","Anoka","(612) 644-3201","Active","Inclusion Learning Center LLC","51 ","Ages Served: Infants Toddlers Preschool School-Age","None","Services: Day Program","Minnesota Department of Human Services","08/07/2025","08/26/2026","12/31/2026","   ","",
"2000090","Child Care Center","Inspired Beginnings Learning Academy","600 17th Ave NW","","","Austin","MN","55912     ","Mower","(507) 741-8880","Active","Bright Horizons Children's Centers LLC","130","Ages Served: Infants Toddlers Preschool School-Age","None","Services: Day Program","Minnesota Department of Human Services","05/01/2024","01/01/2026","12/31/2026","   ","",
"2001749","Child Care Center","Inspired Play Learning Center","5 Viking Dr W","","","Little Canada","MN","55117     ","Ramsey","","Active","Play Inspired Learning Center","41 ","Ages Served: Infants Toddlers Preschool","None","Services: Day Program","Minnesota Department of Human Services","09/03/2025","01/01/2026","12/31/2026","   ","",
"1119519","Child Care Center","Inspiring Minds Daycare LLC","24139 Greenway Rd","","","Forest Lake","MN","55025-4503","Chisago","(651) 276-2558","Active","Inspiring Minds Daycare LLC","63 ","Ages Served: Infants Toddlers Preschool","None","Services: Day Program","Minnesota Department of Human Services","11/17/2023","01/01/2026","12/31/2026","   ","",
"831012","Child Care Center","Intergenerational Learning Center","3386 Pilot Knob Rd","","","Eagan","MN","55121-2033","Dakota","(651) 456-9101","Closed as of 06/07/2026","Intergenerational Living & Health Care, Inc.","94 ","Ages Served: Infants Toddlers Preschool School-Age","None","Services: Day Program","Minnesota Department of Human Services","02/23/1999","01/01/2026","12/31/2026","   ","",
"801136","Child Care Center","International Falls Head Start","900 5th St","","","International Falls","MN","56649     ","Koochiching","(218) 283-9491","Active","Kootasca Community Action Inc.","8  ","Ages Served: Infants Toddlers Preschool","None","Services: Day Program","Minnesota Department of Human Services","09/01/1974","01/01/2026","12/31/2026","   ","",
"801137","Child Care Center","International School of Minnesota","6385 Beach Rd","","","Eden Prairie","MN","55344-5234","Hennepin","(952) 918-1800","Active","The International School of Minnesota, LLC","60 ","Ages Served: Preschool","None","Services: Day Program","Minnesota Department of Human Services","09/24/1985","01/01/2026","12/31/2026","   ","",
"1079867","Child Care Center","Intown Childcare Center LLC","1 W Lake St Ste 145","","","Minneapolis","MN","55408-3154","Hennepin","(612) 532-4086","Active","Intown Childcare Center, LLC","76 ","Ages Served: Infants Toddlers Preschool School-Age","None","Services: Day Program","Minnesota Department of Human Services","06/23/2016","01/01/2026","12/31/2026","   ","",
"2002235","Child Care Center","Inver Grove Heights KinderCare","7761 Amana Trl","","","Inver Grove Heights","MN","55077     ","Dakota","(253) 987-9664","Active","KinderCare Education LLC","142","Ages Served: Infants Toddlers Preschool School-Age","None","Services: Day Program","Minnesota Department of Human Services","04/15/2026","04/15/2026","12/31/2026","   ","",
"1093043","Child Care Center","Iron Range Tykes Learning Center","8520 Park Ridge Dr","","","Mountain Iron","MN","55768-2059","St. Louis","(218) 248-6881","Active","Iron Range Tykes Learning Center Inc.","100","Ages Served: Infants Toddlers Preschool School-Age","None","Services: Day Program","Minnesota Department of Human Services","11/02/2018","01/01/2026","12/31/2026","   ","",
"1057300","Child Care Center","It Starts with Luv Learning Center","2604 42nd Ave N","","","Minneapolis","MN","55412-1515","Hennepin","(612) 644-4555","Active","It Starts With Luv Learning Center LLC","39 ","Ages Served: Toddlers Preschool School-Age","Maximum capacity of 60 per Minneapolis Building Inspector.","Services: Day Program","Minnesota Department of Human Services","08/06/2012","01/01/2026","12/31/2026","   ","",
"1037699","Child Care Center","Itasca Area Schools Collaborative - Minnesota North Itasca Campus","1851 E US Highway 169","","","Grand Rapids","MN","55744-3361","Itasca","(218) 327-5850","Active","Itasca Area Schools Collaborative 6070-50","36 ","Ages Served: Preschool","None","Services: Day Program","Minnesota Department of Human Services","10/11/2005","01/01/2026","12/31/2026","   ","",
"1037698","Child Care Center","Itasca Area Schools Collaborative - West Elementary","901 SW 22nd Ave","","","Grand Rapids","MN","55744     ","Itasca","(218) 327-5850","Active","Itasca Area Schools Collaborative 6070-50","60 ","Ages Served: Preschool","None","Services: Day Program","Minnesota Department of Human Services","10/11/2005","01/01/2026","12/31/2026","   ","",
"1037696","Child Care Center","Itasca Area Schools Collaborative-King School","500 5th St SE","","","Deer River","MN","56636     ","Itasca","(218) 327-5850","Active","Itasca Area Schools Collaborative 6070-50","74 ","Ages Served: Toddlers Preschool","None","Services: Day Program","Minnesota Department of Human Services","10/11/2005","01/01/2026","12/31/2026","   ","",
"1037682","Child Care Center","Itasca Area Schools Collaborative-Nashwauk","100 Spartan Way","","","Nashwauk","MN","55769     ","Itasca","(218) 327-5850","Active","Itasca Area Schools Collaborative 6070-50","40 ","Ages Served: Preschool","None","Services: Day Program","Minnesota Department of Human Services","10/11/2005","01/01/2026","12/31/2026","   ","",
"1047610","Child Care Center","Jack & Jill Preschool","11870 Ulysses St NE Ste 100","","","Blaine","MN","55434-4180","Anoka","(763) 784-1451","Active","Unlimited Potential in Education of Blaine, Inc.","133","Ages Served: Infants Toddlers Preschool School-Age","None","Services: Day Program","Minnesota Department of Human Services","09/20/2007","01/01/2026","12/31/2026","   ","",
"1083792","Child Care Center","Jackson Head Start Classroom","115 S Highway","","","Jackson","MN","56143-1827","Jackson","(507) 847-2632","Active","United Community Action Partnership, Inc.","20 ","Ages Served: Preschool","None","Services: Day Program","Minnesota Department of Human Services","01/31/2017","01/01/2026","12/31/2026","   ","",
"1097377","Child Care Center","Jaguar Kid Connection","245 School Ave","","","Brooten","MN","56316-4749","Stearns","(320) 245-8211","Active","Belgrade-Brooten-Elrosa Public School District 2364-01","40 ","Ages Served: Infants Toddlers Preschool","None","Services: Day Program","Minnesota Department of Human Services","01/28/2019","01/01/2026","12/31/2026","   ","",
"1106057","Child Care Center","Jain Enterprises IV Inc. dba Small World Learning Center","1815 Bromley St","","","South St Paul","MN","55075-1400","Dakota","(651) 219-5103","Active","Jain Enterprises IV, Incorporated Corporation","132","Ages Served: Infants Toddlers Preschool School-Age","None","Services: Day Program","Minnesota Department of Human Services","09/21/2020","01/01/2026","12/31/2026","   ","",
"1045126","Child Care Center","Jam Hops Leap-N-Learn","1460 133rd Ln NE","","","Ham Lake","MN","55304-7045","Anoka","(763) 413-0647","Active","Jam Hops Gymnastics Factory, Inc.","29 ","Ages Served: Preschool","None","Services: Day Program","Minnesota Department of Human Services","06/06/2007","01/01/2026","12/31/2026","   ","",
"1106438","Child Care Center","Jardin Apple Valley","14615 Glazier Ave","","","Apple Valley","MN","55124-7545","Dakota","(612) 267-0545","Active","Gaona-Velazquez LLC","136","Ages Served: Infants Toddlers Preschool School-Age","None","Services: Day Program","Minnesota Department of Human Services","03/30/2021","01/01/2026","12/31/2026","   ","",
"1065655","Child Care Center","Jardin Eden Prairie","14200 Martin Dr","","","Eden Prairie","MN","55344     ","Hennepin","(952) 974-4365","Closed as of 07/01/2026","Mundo De Colores, Inc.","130","Ages Served: Infants Toddlers Preschool School-Age","None","Services: Day Program","Minnesota Department of Human Services","08/19/2013","01/01/2026","12/31/2026","   ","",
"2002233","Child Care Center","Jardin EP","14200 Martin Dr","","","Eden Prairie","MN","55344     ","Hennepin","(952) 974-4365","Active","Jardin EP LLC","126","Ages Served: Infants Toddlers Preschool School-Age","None","Services: Day Program","Minnesota Department of Human Services","07/01/2026","07/01/2026","12/31/2026","   ","",
"2000109","Child Care Center","Jardin Highland Park","542 Snelling Ave S","Ste","","Saint Paul","MN","55116     ","Ramsey","(651) 358-3798","Active","Mundo De Colores, Inc.","187","Ages Served: Infants Toddlers Preschool","None","Services: Day Program","Minnesota Department of Human Services","02/06/2025","01/01/2026","12/31/2026","   ","",
"1114963","Child Care Center","Jardin Kingfield","4626 Nicollet Ave","","","Minneapolis","MN","55419-5507","Hennepin","(612) 351-8495","Active","Mundo De Colores, Inc.","185","Ages Served: Infants Toddlers Preschool","None","Services: Day Program","Minnesota Department of Human Services","11/29/2022","01/01/2026","12/31/2026","   ","",
"1041509","Child Care Center","Jardin Longfellow","3836 Minnehaha Ave","","","Minneapolis","MN","55406     ","Hennepin","(612) 360-3196","Active","Mundo De Colores, Inc.","129","Ages Served: Infants Toddlers Preschool","None","Services: Day Program","Minnesota Department of Human Services","10/02/2006","01/01/2026","12/31/2026","   ","",
"1078900","Child Care Center","Jardin Powderhorn","4040 Bloomington Ave","","","Minneapolis","MN","55407-3331","Hennepin","(612) 824-1305","Active","Mundo De Colores, Inc.","128","Ages Served: Infants Toddlers Preschool","None","Services: Day Program","Minnesota Department of Human Services","11/16/2015","01/01/2026","12/31/2026","   ","",
"2001558","Child Care Center","Jardin Roseville","1754 Lexington Ave N","","","Roseville","MN","55113     ","Ramsey","(612) 751-3048","Active","Jardin Roseville LLC","219","Ages Served: Infants Toddlers Preschool","None","Services: Day Program","Minnesota Department of Human Services","10/12/2024","01/01/2026","12/31/2026","   ","",
"1097065","Child Care Center","Jardin Seward","3207 E Lake St","","","Minneapolis","MN","55406-2029","Hennepin","(612) 751-3048","Active","Mundo De Colores, Inc.","140","Ages Served: Infants Toddlers Preschool School-Age","None","Services: Day Program","Minnesota Department of Human Services","09/09/2019","01/01/2026","12/31/2026","   ","",
"1110004","Child Care Center","Jardin Southdale Sq","2940 W 66th St","","","Richfield","MN","55423-1939","Hennepin","(952) 999-7870","Active","Mundo De Colores, Inc.","167","Ages Served: Infants Toddlers Preschool","None","Services: Day Program","Minnesota Department of Human Services","10/12/2021","01/01/2026","12/31/2026","   ","",
"2002080","Child Care Center","Jardin St. Louis Park","4521 Highway 7","","","Saint Louis Park","MN","55416     ","Hennepin","(612) 751-3048","Active","Jardin St. Louis Park LLC","144","Ages Served: Infants Toddlers Preschool","None","Services: Day Program","Minnesota Department of Human Services","04/13/2026","04/13/2026","12/31/2026","   ","",
"1081950","Child Care Center","Jardin Summit Hill","130 Victoria St N","","","Saint Paul","MN","55104-2654","Ramsey","(651) 313-8240","Active","Mundo De Colores, Inc.","136","Ages Served: Infants Toddlers Preschool School-Age","Maximum number of school age in the Pre K classroom is fifteen.","Services: Day Program","Minnesota Department of Human Services","01/03/2017","01/01/2026","12/31/2026","   ","",
"1106019","Child Care Center","Jasmine Montessori Inc.","9012 Griggs Ave","","","Circle Pines","MN","55014-3704","Anoka","","Active","Jasmine Montessori Inc","82 ","Ages Served: Infants Toddlers Preschool School-Age","None","Services: Day Program","Minnesota Department of Human Services","01/18/2021","07/15/2026","12/31/2026","   ","",
"801160","Child Care Center","Jean Lyle Children's Center","130 Howell St N","","","Saint Paul","MN","55104-5900","Ramsey","(651) 646-9603","Active","The Jean Lyle Children's Center","55 ","Ages Served: Preschool School-Age","None","Services: Day Program","Minnesota Department of Human Services","10/25/1974","01/01/2026","12/31/2026","   ","",
"1076388","Child Care Center","Jefferson Childrens Center","4096 Stebner Rd","","","Hermantown","MN","55811-1730","St. Louis","(218) 729-1005","Active","Jefferson Child Care LLC","82 ","Ages Served: Infants Toddlers Preschool School-Age","None","Services: Day Program","Minnesota Department of Human Services","10/01/2015","01/01/2026","12/31/2026","   ","",
"1119646","Child Care Center","Jeremiah Program - Rochester Child Development Center","2915 Jeremiah Ln NW","","","Rochester","MN","55901-4450","Olmsted","(507) 215-8661","Active","Jeremiah Program","58 ","Ages Served: Infants Toddlers Preschool","None","Services: Day Program","Minnesota Department of Human Services","08/28/2023","01/01/2026","12/31/2026","   ","",
"1048639","Child Care Center","Jeremiah Program Child Development Center St Paul Campus","932 Rondo Ave","apt 302","","Saint Paul","MN","55104     ","Ramsey","(651) 332-5030","Active","Jeremiah Program","68 ","Ages Served: Infants Toddlers Preschool","None","Services: Day Program","Minnesota Department of Human Services","09/17/2007","01/01/2026","12/31/2026","   ","",
"808597","Child Care Center","Jesus Loves Me Learning Center","304 Monroe Ave","","","North Mankato","MN","56003-3030","Nicollet","(507) 345-7707","Active","St. Paul's Evangelical Lutheran Church (WELS)","108","Ages Served: Infants Toddlers Preschool","None","Services: Day Program","Minnesota Department of Human Services","12/23/1994","01/01/2026","12/31/2026","   ","",
"1040884","Child Care Center","Jesus' Lambs at Peace Preschool","2090 Commerce Dr","","","North Mankato","MN","56003-1809","Nicollet","(507) 385-7752","Active","Peace Evangelical Lutheran Church of North Mankato, Inc.","30 ","Ages Served: Preschool","None","Services: Day Program","Minnesota Department of Human Services","08/07/2006","01/01/2026","12/31/2026","   ","",
"1012280","Child Care Center","Jesus' Little Lambs Preschool","301 Altona Ave","","","Vergas","MN","56587     ","Otter Tail","(218) 342-3402","Active","Jesus' Little Lambs Preschool","24 ","Ages Served: Preschool","None","Services: Day Program","Minnesota Department of Human Services","09/04/2001","06/02/2026","12/31/2026","   ","",
"1120282","Child Care Center","Jewish Beginnings","5009 Beard Ave S","","","Minneapolis","MN","55410     ","Hennepin","(612) 488-1231","Active","Chabad's Young Professionals Minneapolis","98 ","Ages Served: Infants Toddlers Preschool","The maximum occupancy for the Pre-K classroom cannot exceed 10 children.","Services: Day Program","Minnesota Department of Human Services","03/19/2024","01/01/2026","12/31/2026","   ","",
"2001464","Child Care Center","John Ireland Preschool","1801 Broadway Ave","","","Saint Peter","MN","56082     ","Nicollet","(507) 931-2810","Active","John Ireland Preschool","20 ","Ages Served: Preschool","The program is licensed to operate August-May","Services: Day Program","Minnesota Department of Human Services","08/26/2025","01/01/2026","12/31/2026","   ","",
"801173","Child Care Center","Jonathan Montessori House of Children Inc","112090 Hundertmark Rd","","","Chaska","MN","55318-2817","Carver","(952) 448-5232","Active","Jonathan Montessori House of Children, Inc.","79 ","Ages Served: Toddlers Preschool School-Age","Maximum number of school-age in the Casa Acacia classroom is six; Maximum number of school-age in the Casa Willow classroom is six","Services: Day Program","Minnesota Department of Human Services","09/01/1975","01/01/2026","12/31/2026","   ","",
"2001911","Child Care Center","Joyful Child Care Inc.","616 21st Ave N","","","Saint Cloud","MN","56303     ","Stearns","(320) 282-0358","Closed as of 04/22/2026","Joyful Child Care Inc.","51 ","Ages Served: Infants Toddlers Preschool School-Age","None","Services: Day Program, School-age Child Care Program","Minnesota Department of Human Services","12/09/2025","12/30/2025","12/31/2026","   ","",
"808051","Child Care Center","Joyful Heart Preschool","730 Elm Ave E","","","Delano","MN","55328-9183","Wright","(763) 972-2393","Active","Evangelical Free Church of Delano","20 ","Ages Served: Preschool","None","Services: Day Program","Minnesota Department of Human Services","09/12/1994","01/01/2026","12/31/2026","   ","",
"1099751","Child Care Center","Jr's Academy LLC","120 Birkdale Dr","","","Mankato","MN","56001     ","Blue Earth","(507) 380-6867","Active","Jr's Academy LLC","260","Ages Served: Infants Toddlers Preschool School-Age","None","Services: Day Program","Minnesota Department of Human Services","01/13/2020","01/01/2026","12/31/2026","   ","",
"801184","Child Care Center","Judson Preschool","4101 Harriet Ave","","","Minneapolis","MN","55409-1442","Hennepin","(612) 822-0915","Active","The Judson Memorial Baptist Church of Minneapolis, Minnesota","60 ","Ages Served: Preschool","None","Services: Day Program","Minnesota Department of Human Services","08/01/1965","01/01/2026","12/31/2026","   ","",
"1066706","Child Care Center","Just Like Home School Age Child Care","304 W Main St","","","Kasson","MN","55944-1140","Dodge","(507) 634-6040","Active","Just Like Home School Age Child Care, LLC","120","Ages Served: Preschool School-Age","Not to exceed a maximum of 60 children upstairs.","Services: Day Program","Minnesota Department of Human Services","01/20/2016","01/01/2026","12/31/2026","   ","",
"1106062","Child Care Center","KandiLand Learning Center LLC","610 Railroad St SE","","","Bemidji","MN","56601-4831","Beltrami","(218) 444-5437","Active","KandiLand Learning Center, LLC","54 ","Ages Served: Toddlers Preschool School-Age","None","Services: Day Program","Minnesota Department of Human Services","08/02/2021","01/01/2026","12/31/2026","   ","",
"1010789","Child Care Center","Karing Kingdom Preschool","7401 County Road 101 N","","","Maple Grove","MN","55311-4330","Hennepin","(763) 420-5015","Active","Lord of Life Lutheran Church of Maple Grove","24 ","Ages Served: Preschool","None","Services: Day Program","Minnesota Department of Human Services","09/10/2001","01/01/2026","12/31/2026","   ","",
"801202","Child Care Center","Kasson-Mantorville Nursery Group","409 8th St NW","","","Kasson","MN","55944-1072","Dodge","(507) 634-4550","Active","Kasson Mantorville Nursery Group, Inc.","119","Ages Served: Infants Toddlers Preschool School-Age","Not to exceed 5 School-Age","Services: Day Program","Minnesota Department of Human Services","10/01/1975","01/01/2026","12/31/2026","   ","",
"1104868","Child Care Center","Kelliher Kids","243 Clark Ave # N","","","Kelliher","MN","56650     ","Beltrami","(218) 647-8286","Active","Kelliher Public School District 0036-01","66 ","Ages Served: Infants Toddlers Preschool School-Age","None","Services: Day Program","Minnesota Department of Human Services","09/14/2020","01/01/2026","12/31/2026","   ","",
"2001702","Child Care Center","Khayr Child Care LLC","200 W Lake St Ste 455","Suite 455","","Minneapolis","MN","55408     ","Hennepin","","Active","Khayr Child Care LLC","57 ","Ages Served: Infants Toddlers Preschool School-Age","Per the building inspector, the program must follow the occupancy guidelines submitted and approved by the architect on April 2, 2025. This includes adhering to the maximum room capacities and intended use of each space.","Services: Day Program","Minnesota Department of Human Services","07/11/2025","01/01/2026","12/31/2026","   ","",
"1051590","Child Care Center","Kickstart Preschool","1073 Highway 61","","","Two Harbors","MN","55616     ","Lake","(218) 428-1048","Active","Kickstart Preschool, LLC","62 ","Ages Served: Infants Toddlers Preschool","None","Services: Day Program","Minnesota Department of Human Services","09/08/2008","01/01/2026","12/31/2026","   ","",
"801209","Child Care Center","Kid Zone Child Care Center","715 2nd Ave S","","","Hopkins","MN","55343-7782","Hennepin","(952) 929-7636","Active","Kid Zone Child Care Center","151","Ages Served: Infants Toddlers Preschool","None","Services: Day Program","Minnesota Department of Human Services","11/08/1976","01/01/2026","12/31/2026","   ","",
"801211","Child Care Center","Kid's Depot","400 Lake St SW","","","Hutchinson","MN","55350-2349","McLeod","(320) 587-4760","Active","The Church of St. Anastasia of Hutchinson, Minnesota","63 ","Ages Served: Preschool","None","Services: Day Program","Minnesota Department of Human Services","09/01/1987","01/01/2026","12/31/2026","   ","",
"804347","Child Care Center","Kid's Haven Child Care and Preschool","302 12th Ave S","","","Buffalo","MN","55313-2305","Wright","(763) 682-3072","Active","Kid's Haven LLC","372","Ages Served: Infants Toddlers Preschool School-Age","None","Services: Day Program","Minnesota Department of Human Services","11/11/1991","01/01/2026","12/31/2026","   ","",
"2002279","Child Care Center","Kid's Haven Child Care and Preschool","116 6th St S","","","Waverly","MN","55390     ","Wright","(763) 682-3072","Active","Kid's Haven LLC","95 ","Ages Served: Infants Toddlers Preschool School-Age","None","Services: Day Program, Drop-in Child Care Program, School-age Child Care Program","Minnesota Department of Human Services","06/25/2026","06/25/2026","12/31/2026","   ","",
"802850","Child Care Center","Kid's Korner Educare","600 Florence Ave","","","Owatonna","MN","55060-4704","Steele","(507) 451-0312","Active","Kid's Korner Educare Center, Inc.","244","Ages Served: Infants Toddlers Preschool School-Age","None","Services: Day Program","Minnesota Department of Human Services","04/01/1991","01/01/2026","12/31/2026","   ","",
"2002100","Child Care Center","Kiddie Academy of Chanhassen","550 Lake Dr","","","Chanhassen","MN","55317     ","Carver","(952) 905-2111","Active","School Days II LLC","154","Ages Served: Infants Toddlers Preschool School-Age","None","Services: Day Program, Drop-in Child Care Program","Minnesota Department of Human Services","06/01/2026","06/01/2026","12/31/2026","   ","",
"2000135","Child Care Center","Kiddie Academy of Chanhassen","550 Lake Dr","","","Chanhassen","MN","55317     ","Carver","(952) 905-2111","Closed as of 05/30/2026","Olivia Sports Marketing LLC","154","Ages Served: Infants Toddlers Preschool School-Age","None","Services: Day Program","Minnesota Department of Human Services","06/06/2024","01/01/2026","12/31/2026","   ","",
"1092660","Child Care Center","Kiddie Academy of Edina","7711 Computer Ave","","","Edina","MN","55435     ","Hennepin","(952) 777-7980","Closed as of 05/30/2026","Jacks Sports Marketing L.L.C.","211","Ages Served: Infants Toddlers Preschool","None","Services: Day Program","Minnesota Department of Human Services","08/27/2018","01/01/2026","12/31/2026","   ","",
"2002096","Child Care Center","Kiddie Academy of Edina","7711 Computer Ave","","","Edina","MN","55435     ","Hennepin","(952) 777-7980","Active","School Days LLC","217","Ages Served: Infants Toddlers Preschool School-Age","None","Services: Day Program, Drop-in Child Care Program","Minnesota Department of Human Services","06/01/2026","06/01/2026","12/31/2026","   ","",
"2002154","Child Care Center","Kiddie Academy of Woodbury","805 Stephens Way","","","Woodbury","MN","55125     ","Washington","(651) 503-5166","Active","OffLemIts Inc.","161","Ages Served: Infants Toddlers Preschool School-Age","None","Services: Day Program, School-age Child Care Program","Minnesota Department of Human Services","02/02/2026","06/03/2026","12/31/2026","   ","",
"2002107","Child Care Center","Kiddie Kobras","660 Mayhew Lake Rd NE Ste 500","","","Saint Cloud","MN","56304     ","Benton","(320) 491-2854","Active","LRT LLC","56 ","Ages Served: Infant;Toddler;Preschool","None","Services: Day Program","Minnesota Department of Human Services","03/30/2026","03/30/2026","12/31/2026","   ","",
"1106590","Child Care Center","Kiddie Kobras LLC","660 Mayhew Lake Rd NE Ste 500","","","Saint Cloud","MN","56304     ","Benton","","Closed as of 03/28/2026","LRT LLC","56 ","Ages Served: Infants Toddlers Preschool","None","Services: Day Program","Minnesota Department of Human Services","02/15/2021","01/01/2026","12/31/2026","   ","",
"1082283","Child Care Center","Kiddiegarten School of Maple Grove","9495 Garland Ave","","","Maple Grove","MN","55311-5480","Hennepin","(763) 951-2487","Active","Kiddiegarten Maple Grove LLC","148","Ages Served: Infants Toddlers Preschool School-Age","Not To Exceed 8 School Age in Preschool 1; Not To Exceed 8 School Age in Preschool 2; Not To Exceed 30 School Age Children","Services: Day Program","Minnesota Department of Human Services","06/09/2017","01/01/2026","12/31/2026","   ","",
"801227","Child Care Center","Kiddy Karousel","3920 13th Ave E Ste 5","","","Hibbing","MN","55746-3675","St. Louis","(218) 263-7450","Active","Kiddy Karousel Day Care Center","153","Ages Served: Infants Toddlers Preschool School-Age","None","Services: Day Program","Minnesota Department of Human Services","07/20/1971","01/01/2026","12/31/2026","   ","",
"804812","Child Care Center","Kids and Company Child Care Center","850 South St","","","Anoka","MN","55303-5254","Anoka","(763) 421-0653","Active","Kids & Co. Child Care","24 ","Ages Served: Preschool School-Age","None","Services: Day Program","Minnesota Department of Human Services","06/01/1992","01/01/2026","12/31/2026","   ","",
"1081409","Child Care Center","Kids Choice LLC","3240 E River Rd NE Ste 102","","","Rochester","MN","55906     ","Olmsted","(507) 208-4737","Conditional as of 03/29/2026","Kids Choice LLC","103","Ages Served: Infants Toddlers Preschool School-Age","None","Services: Day Program","Minnesota Department of Human Services","11/09/2016","04/28/2026","12/31/2026","   ","",
"1012865","Child Care Center","Kids Club","405 Colfax Ave SW","","","Wadena","MN","56482-1447","Wadena","(218) 632-2348","Active","Wadena-Deer Creek School District 2155-01","49 ","Ages Served: Toddlers Preschool","None","Services: Day Program","Minnesota Department of Human Services","09/21/2001","01/01/2026","12/31/2026","   ","",
"804993","Child Care Center","Kids Come 1st","1818 Greenview Pl SW","","","Rochester","MN","55902-1076","Olmsted","(507) 281-3284","Active","Kids Come 1st Corporation","121","Ages Served: Infants Toddlers Preschool School-Age","None","Services: Day Program","Minnesota Department of Human Services","01/01/1999","01/01/2026","12/31/2026","   ","",
"801229","Child Care Center","Kids Come 1st","3615 15th Ave NW","","","Rochester","MN","55901-1463","Olmsted","(507) 281-4421","Active","Kids Come 1st Corporation","151","Ages Served: Infants Toddlers Preschool School-Age","None","Services: Day Program","Minnesota Department of Human Services","02/26/1990","01/01/2026","12/31/2026","   ","",
"801230","Child Care Center","Kids Come 1st","2450 Broadway Ave N","","","Rochester","MN","55906-4066","Olmsted","(507) 281-8183","Active","Kids Come 1st Corporation","97 ","Ages Served: Infants Toddlers Preschool School-Age","None","Services: Day Program","Minnesota Department of Human Services","07/17/1989","01/01/2026","12/31/2026","   ","",
"830261","Child Care Center","Kids Core-Westonka School Age Kids Core","2451 Fairview Ln","","","Mound","MN","55364-1756","Hennepin","(952) 472-6882","Active","Westonka School Age Kids Core, Inc.","69 ","Ages Served: Preschool School-Age","Not To Exceed 5 Preschool","Services: Day Program","Minnesota Department of Human Services","08/26/1997","01/01/2026","12/31/2026","   ","",
"830775","Child Care Center","Kids Corner Child Care Center","600 S 5th St Ste 106A","","","Saint Peter","MN","56082-1495","Nicollet","(507) 934-1002","Active","Kids' Corner Child Care Center","104","Ages Served: Infants Toddlers Preschool School-Age","None","Services: Day Program","Minnesota Department of Human Services","08/28/1998","01/01/2026","12/31/2026","   ","",
"1055130","Child Care Center","Kids Corner of Caledonia LLC","519 Old Highway Dr","","","Caledonia","MN","55921     ","Houston","(507) 725-8909","Active","Kids Corner of Caledonia, LLC","99 ","Ages Served: Infants Toddlers Preschool School-Age","None","Services: Day Program","Minnesota Department of Human Services","10/29/2009","01/01/2026","12/31/2026","   ","",
"1120949","Child Care Center","Kids Count Inc.","6880 Boudin St NE Ste 200","","","Prior Lake","MN","55372     ","Scott","(952) 226-1143","Active","Kids Count Inc.","184","Ages Served: Infants Toddlers Preschool School-Age","None","Services: Day Program","Minnesota Department of Human Services","12/09/2023","01/01/2026","12/31/2026","   ","",
"1001065","Child Care Center","Kids Country Child Care and Learning Center","520 1st St NE","","","Sartell","MN","56377-1274","Benton","","Active","Country Manor Campus LLC","149","Ages Served: Infants Toddlers Preschool School-Age","None","Services: Day Program","Minnesota Department of Human Services","10/01/1999","01/01/2026","12/31/2026","   ","",
"1087922","Child Care Center","Kids Cove Academy LLC","236 Mill Creek Rd NW","","","Chatfield","MN","55923     ","Olmsted","(507) 867-0070","Active","Kids Cove Academy LLC","50 ","Ages Served: Infants Toddlers Preschool","None","Services: Day Program","Minnesota Department of Human Services","11/16/2017","01/01/2026","12/31/2026","   ","",
"1114976","Child Care Center","Kids First","912 Lake Ave","","","Detroit Lakes","MN","56501-3404","Becker","(218) 847-5656","Active","Laker Prep Early Childhood","14 ","Ages Served: Toddlers Preschool","None","Services: Day Program","Minnesota Department of Human Services","01/02/2023","01/01/2026","12/31/2026","   ","",
"1083645","Child Care Center","Kids Garden Daycare","959 Minnehaha Ave W","","","Saint Paul","MN","55104-1544","Ramsey","(612) 978-6160","Active","Kids' Garden Daycare L. L. C.","103","Ages Served: Infants Toddlers Preschool School-Age","None","Services: Day Program","Minnesota Department of Human Services","04/21/2017","01/01/2026","12/31/2026","   ","",
"1085826","Child Care Center","Kids Grow Faithbrook","14100 Elm Creek Rd","","","Maple Grove","MN","55369-2229","Hennepin","(763) 315-1179","Active","Kids Grow Inc","36 ","Ages Served: Infants Toddlers Preschool","None","Services: Day Program","Minnesota Department of Human Services","09/05/2017","01/01/2026","12/31/2026","   ","",
"1075412","Child Care Center","Kids Grow Hope","19951 Oswald Farm Rd","","","Rogers","MN","55374     ","Hennepin","","Active","Kids Grow Inc","59 ","Ages Served: Infants Toddlers Preschool","Program meets I-4 occupancy and requires sprinklers if they choose to increase their capacity over 59 children.","Services: Day Program","Minnesota Department of Human Services","05/18/2015","01/01/2026","12/31/2026","   ","",
"1092878","Child Care Center","Kids Grow Montrose","115 2nd St S","","","Montrose","MN","55363-8585","Wright","(763) 682-8473","Active","Kids Grow Inc","48 ","Ages Served: Infants Toddlers Preschool","None","Services: Day Program","Minnesota Department of Human Services","04/02/2018","01/01/2026","12/31/2026","   ","",
"1028145","Child Care Center","Kids In Christ Preschool","315 S Columbia Ave","","","Morris","MN","56267-1624","Stevens","(320) 589-2744","Closed as of 05/01/2026","Zion Lutheran Church","20 ","Ages Served: Preschool","None","Services: Day Program","Minnesota Department of Human Services","05/03/2004","01/01/2026","12/31/2026","   ","",
"1096459","Child Care Center","Kids Inc Adventure Zone","1215 Roberts Rd SW","","","Hutchinson","MN","55350-2160","McLeod","(320) 587-5437","Active","KiDS Incorporated Child Care Centers of Minnesota","40 ","Ages Served: School-Age","None","Services: Day Program","Minnesota Department of Human Services","06/06/2019","01/01/2026","12/31/2026","   ","",
"801244","Child Care Center","Kids Inc North","566 Bluff St NE","","","Hutchinson","MN","55350-1725","McLeod","(320) 587-5437","Active","KiDS Incorporated Child Care Centers of Minnesota","62 ","Ages Served: Infants Toddlers Preschool School-Age","Maximum number of school-age in the Preschool classroom is 15","Services: Day Program","Minnesota Department of Human Services","01/03/1989","01/01/2026","12/31/2026","   ","",
"807399","Child Care Center","Kids Kare Center","11125 Point Douglas Dr S","","","Hastings","MN","55033     ","Washington","(651) 330-9215","Active","The Harbor Church","157","Ages Served: Infants Toddlers Preschool School-Age","Per the State Fire Marshal, temporary occupancy granted until 8/10/2026.","Services: Day Program","Minnesota Department of Human Services","04/04/1994","01/01/2026","12/31/2026","   ","",
"1014488","Child Care Center","Kids of Christ Learning Center","1050 Jefferson Dr E","","","Zumbrota","MN","55992     ","Goodhue","(507) 732-5367","Active","Christ Evangelical Lutheran Church of Zumbrota, Goodhue County, Minnes","40 ","Ages Served: Preschool School-Age","Maximum number of School Age in the Pre/SA-Room 101 classroom is 10.; Maximum number of School Age in the Pre/SA-Room 102 classroom is 10.","Services: Day Program","Minnesota Department of Human Services","12/19/2001","06/17/2026","12/31/2026","   ","",
"1037143","Child Care Center","Kids of Peace Preschool","21705 129th Ave N","","","Rogers","MN","55374     ","Hennepin","(763) 496-2419","Active","Word of Peace Lutheran Church of Rogers, Minnesota","51 ","Ages Served: Preschool","Per State Fire Marshal, no more than 5 children below 30 months of age.","Services: Day Program","Minnesota Department of Human Services","09/20/2005","01/01/2026","12/31/2026","   ","",
"801238","Child Care Center","Kids of the Kingdom","520 N Gilman Ave","","","Litchfield","MN","55355-1817","Meeker","(320) 693-7806","Active","Zion Lutheran Church, Litchfield, Minnesota","141","Ages Served: Infants Toddlers Preschool School-Age","Maximum number of preschoolers the program is licensed to provide care for is 62 preschoolers.","Services: Day Program","Minnesota Department of Human Services","08/23/1988","01/01/2026","12/31/2026","   ","",
"2001504","Child Care Center","Kids Rock! Child Care Center, Inc.","1 Roundwind Rd","","","Luverne","MN","56156     ","Rock","(507) 449-5033","Active","Kids Rock! Child Care Center, Inc","186","Ages Served: Infants Toddlers Preschool School-Age","None","Services: Day Program","Minnesota Department of Human Services","06/02/2025","01/01/2026","12/31/2026","   ","",
"1023615","Child Care Center","Kids X-Cel Center","1506 7th St N","","","New Ulm","MN","56073-2186","Brown","(507) 354-4299","Active","Parents in Partnership","94 ","Ages Served: Infants Toddlers Preschool","None","Services: Day Program","Minnesota Department of Human Services","05/20/2003","01/01/2026","12/31/2026","   ","",
"1101936","Child Care Center","Kids' Company Caring Hands Child Care","313 Angel Ave NW","","","Watertown","MN","55388-8257","Carver","(952) 955-0283","Active","Watertown-Mayer Public School District 0111-01","91 ","Ages Served: Infants Toddlers Preschool","None","Services: Day Program","Minnesota Department of Human Services","02/05/2020","01/01/2026","12/31/2026","   ","",
"810433","Child Care Center","Kids-n-kare Day Care Center","725 2nd St NW","","","Pipestone","MN","56164-1974","Pipestone","(507) 825-4582","Active","Kids-N-Kare Day Care Center","53 ","Ages Served: Infants Toddlers Preschool School-Age","None","Services: Day Program","Minnesota Department of Human Services","08/01/1996","01/01/2026","12/31/2026","   ","",
"809456","Child Care Center","Kids-R-It, Inc.","1118 Johnson Ave","","","Worthington","MN","56187-1830","Nobles","(507) 372-7999","Active","Kids-R-It Incorporated","107","Ages Served: Infants Toddlers Preschool School-Age","None","Services: Day Program","Minnesota Department of Human Services","07/17/1995","01/01/2026","12/31/2026","   ","",
"1062277","Child Care Center","KidsPark","525 Pelham Blvd","","","Saint Paul","MN","55104     ","Ramsey","(651) 603-0144","Active","KidsPark, Inc.","24 ","Ages Served: Infants Toddlers Preschool","None","Services: Drop-in Child Care Program","Minnesota Department of Human Services","06/25/2012","01/01/2026","12/31/2026","   ","",
"1053426","Child Care Center","Kidz Junction Inc","267 4th Ave NW","","","Hutchinson","MN","55350-1601","McLeod","(320) 234-7212","Active","Kidz Junction, Inc.","61 ","Ages Served: Infants Toddlers Preschool School-Age","Maximum number of infants in the Transition classroom is four; Maximum number of school-age in the Preschool classroom is three","Services: Day Program","Minnesota Department of Human Services","02/12/2009","01/01/2026","12/31/2026","   ","",
"1053427","Child Care Center","Kidz Junction Inc School Age","31 4th Ave SW","","","Hutchinson","MN","55350-2412","McLeod","(320) 234-7212","Active","Kidz Junction, Inc.","46 ","Ages Served: School-Age","None","Services: Day Program","Minnesota Department of Human Services","02/12/2009","01/01/2026","12/31/2026","   ","",
"1055523","Child Care Center","Kidz Kollege Learning Center","4770 Hermantown Rd","","","Hermantown","MN","55811     ","St. Louis","(218) 722-2263","Closed as of 05/30/2026","Kidz Kollege Learning Center Incorporated","81 ","Ages Served: Infants Toddlers Preschool","None","Services: Day Program","Minnesota Department of Human Services","12/07/2009","01/01/2026","12/31/2026","   ","",
"1099711","Child Care Center","Kidz Zone Daycare Center","301 Minnesota Ave S","","","Aitkin","MN","56431-1626","Aitkin","(612) 386-6147","Active","Kidz Zone Daycare Center","50 ","Ages Served: Infants Toddlers Preschool","None","Services: Day Program","Minnesota Department of Human Services","09/09/2019","01/01/2026","12/31/2026","   ","",
"1111305","Child Care Center","Kidz Zone Daycare Center","201 Wall St S","","","Onamia","MN","56359-2560","Mille Lacs","(320) 692-5353","Active","Kidz Zone Daycare Center","50 ","Ages Served: Infants Toddlers Preschool School-Age","A maximum of 5 school-aged children allowed in the preschool/school-age classroom.","Services: Day Program","Minnesota Department of Human Services","09/05/2023","01/01/2026","12/31/2026","   ","",
"2000300","Child Care Center","KIDZ ZONE DAYCARE CENTER","1002 Laurel St","","","Brainerd","MN","56401     ","Crow Wing","","Closed as of 08/04/2026","Kidz Zone Daycare Center","58 ","Ages Served: Infant;Toddler;Preschool","None","Services: Day Program","Minnesota Department of Human Services","09/09/2024","01/01/2026","12/31/2026","   ","",
"1074254","Child Care Center","Kinder Village","504 Lynnhurst Ave E","","","Saint Paul","MN","55104     ","Ramsey","(651) 272-4974","Active","Kinder Village, LLC","40 ","Ages Served: Infants Toddlers Preschool","None","Services: Day Program","Minnesota Department of Human Services","04/01/2015","01/01/2026","12/31/2026","   ","",
"1088564","Child Care Center","Kinderberry Hill Child Development Center","1457 Grand Ave","","","Saint Paul","MN","55105-2206","Ramsey","(651) 690-0692","Active","KHCDII, Inc.","143","Ages Served: Infants Toddlers Preschool","None","Services: Day Program","Minnesota Department of Human Services","09/06/2017","01/01/2026","12/31/2026","   ","",
"1051451","Child Care Center","Kinderberry Hill Child Development Center","10160 Hennepin Town Rd","","","Eden Prairie","MN","55347-3175","Hennepin","(952) 345-8012","Active","KHCDII, Inc.","160","Ages Served: Infants Toddlers Preschool","None","Services: Day Program","Minnesota Department of Human Services","09/29/2008","01/01/2026","12/31/2026","   ","",
"810732","Child Care Center","Kinderberry Hill Child Development Center","185 Cheshire Ln N","","","Plymouth","MN","55441-5465","Hennepin","","Active","KHCDII, Inc.","144","Ages Served: Infants Toddlers Preschool","None","Services: Day Program","Minnesota Department of Human Services","09/01/1996","01/01/2026","12/31/2026","   ","",
"805962","Child Care Center","Kinderberry Hill Child Development Center","1205 Woodbury Dr","","","Woodbury","MN","55129-9254","Washington","(651) 209-6690","Active","KHCDII, Inc.","164","Ages Served: Infants Toddlers Preschool","None","Services: Day Program","Minnesota Department of Human Services","05/05/1993","01/01/2026","12/31/2026","   ","",
"1010579","Child Care Center","Kinderberry Hill Child Development Center","50 S 6th St Ste 260","","","Minneapolis","MN","55402-5137","Hennepin","(612) 436-1003","Active","KHCDII, Inc.","110","Ages Served: Infants Toddlers Preschool","None","Services: Day Program","Minnesota Department of Human Services","09/05/2001","01/01/2026","12/31/2026","   ","",
"801287","Child Care Center","Kinderberry Hill Child Development Center","2360 Lexington Ave N","","","Roseville","MN","55113-4337","Ramsey","(651) 481-8069","Active","KHCDI, Inc.","159","Ages Served: Infants Toddlers Preschool","None","Services: Day Program","Minnesota Department of Human Services","11/03/1986","01/01/2026","12/31/2026","   ","",
"801288","Child Care Center","Kinderberry Hill Child Development Center, II","3950 W 70th St","","","Edina","MN","55435-4102","Hennepin","(952) 925-5881","Active","KHCDII, Inc.","152","Ages Served: Infants Toddlers Preschool","None","Services: Day Program","Minnesota Department of Human Services","09/10/1986","01/01/2026","12/31/2026","   ","",
"801289","Child Care Center","KinderCare Learning Center","17701 Excelsior Blvd","","","Minnetonka","MN","55345-4110","Hennepin","(952) 474-9592","Active","KinderCare Education LLC","97 ","Ages Served: Infants Toddlers Preschool School-Age","The total number of school-age children in the Pre-K classroom is not to exceed six.","Services: Day Program","Minnesota Department of Human Services","01/01/1987","01/01/2026","12/31/2026","   ","",
"801250","Child Care Center","KinderCare Learning Center","10801 Rhode Island Ave S","","","Bloomington","MN","55438-2393","Hennepin","(952) 941-7817","Active","KinderCare Education LLC","97 ","Ages Served: Infants Toddlers Preschool School-Age","None","Services: Day Program","Minnesota Department of Human Services","10/19/1987","01/01/2026","12/31/2026","   ","",
"801252","Child Care Center","KinderCare Learning Center","2791 Mounds View Blvd","","","Saint Paul","MN","55112-4043","Ramsey","(763) 780-4304","Active","KinderCare Education LLC","97 ","Ages Served: Infants Toddlers Preschool School-Age","None","Services: Day Program","Minnesota Department of Human Services","09/09/1985","01/01/2026","12/31/2026","   ","",
"801253","Child Care Center","KinderCare Learning Center","8950 France Ave S","","","Bloomington","MN","55431-1863","Hennepin","(952) 835-4955","Active","KinderCare Education LLC","130","Ages Served: Infants Toddlers Preschool","None","Services: Day Program","Minnesota Department of Human Services","09/03/1985","01/01/2026","12/31/2026","   ","",
"801254","Child Care Center","KinderCare Learning Center","3620 Krestwood Ln","","","Eagan","MN","55123-1031","Dakota","(651) 681-1968","Active","KinderCare Education LLC","118","Ages Served: Infants Toddlers Preschool School-Age","None","Services: Day Program","Minnesota Department of Human Services","08/15/1988","01/01/2026","12/31/2026","   ","",
"801255","Child Care Center","KinderCare Learning Center","6270 Sycamore Ln N","","","Maple Grove","MN","55369-6309","Hennepin","","Active","KinderCare Education LLC","104","Ages Served: Infants Toddlers Preschool School-Age","None","Services: Day Program","Minnesota Department of Human Services","04/01/1988","01/01/2026","12/31/2026","   ","",
"801257","Child Care Center","KinderCare Learning Center","1000 Meadowlands Dr","","","White Bear Lake","MN","55127-2321","Ramsey","(651) 429-6316","Active","KinderCare Education LLC","90 ","Ages Served: Infants Toddlers Preschool School-Age","None","Services: Day Program","Minnesota Department of Human Services","02/06/1989","01/01/2026","12/31/2026","   ","",
"801258","Child Care Center","KinderCare Learning Center","17455 Kenrick Ave","","","Lakeville","MN","55044     ","Dakota","(952) 898-1200","Active","KinderCare Education LLC","123","Ages Served: Infants Toddlers Preschool School-Age","The maximum number of infants in the infant/toddler classroom is eight","Services: Day Program","Minnesota Department of Human Services","08/13/1990","01/01/2026","12/31/2026","   ","",
"801261","Child Care Center","KinderCare Learning Center","10851 Jefferson St NE","","","Blaine","MN","55434-1616","Anoka","(763) 757-8893","Active","KinderCare Education LLC","93 ","Ages Served: Infants Toddlers Preschool School-Age","None","Services: Day Program","Minnesota Department of Human Services","08/26/1980","01/01/2026","12/31/2026","   ","",
"801268","Child Care Center","KinderCare Learning Center","4650 Hodgson Rd","","","Shoreview","MN","55126-6043","Ramsey","(651) 482-9598","Active","KinderCare Education LLC","96 ","Ages Served: Infants Toddlers Preschool School-Age","None","Services: Day Program","Minnesota Department of Human Services","04/01/1982","01/01/2026","12/31/2026","   ","",
"801270","Child Care Center","KinderCare Learning Center","8425 City Centre Dr","","","Woodbury","MN","55125     ","Washington","(651) 735-0037","Active","KinderCare Education LLC","157","Ages Served: Infants Toddlers Preschool School-Age","None","Services: Day Program","Minnesota Department of Human Services","08/01/1983","01/01/2026","12/31/2026","   ","",
"801271","Child Care Center","KinderCare Learning Center","7924 Brooklyn Blvd","","","Brooklyn Park","MN","55445-2722","Hennepin","(763) 425-1126","Active","KinderCare Education LLC","94 ","Ages Served: Infants Toddlers Preschool School-Age","None","Services: Day Program","Minnesota Department of Human Services","11/07/1983","01/01/2026","12/31/2026","   ","",
"801273","Child Care Center","KinderCare Learning Center","8453 E Point Douglas Rd S","","","Cottage Grove","MN","55016-3376","Washington","(651) 458-1781","Active","KinderCare Education LLC","103","Ages Served: Infants Toddlers Preschool School-Age","None","Services: Day Program","Minnesota Department of Human Services","09/01/1984","01/01/2026","12/31/2026","   ","",
"801274","Child Care Center","KinderCare Learning Center","1925 County Road D E","","","Maplewood","MN","55109-5309","Ramsey","(651) 777-5133","Active","KinderCare Education LLC","104","Ages Served: Infants Toddlers Preschool School-Age","None","Services: Day Program","Minnesota Department of Human Services","06/10/1985","01/01/2026","12/31/2026","   ","",
"801285","Child Care Center","KinderCare Learning Center","4475 Highway 169 N","","","Plymouth","MN","55442-2856","Hennepin","(763) 553-7775","Active","KinderCare Education LLC","112","Ages Served: Infants Toddlers Preschool School-Age","None","Services: Day Program","Minnesota Department of Human Services","10/24/1986","01/01/2026","12/31/2026","   ","",
"801286","Child Care Center","KinderCare Learning Center","7691 145th St W","","","Apple Valley","MN","55124     ","Dakota","(952) 431-3511","Active","KinderCare Education LLC","89 ","Ages Served: Infants Toddlers Preschool School-Age","None","Services: Day Program","Minnesota Department of Human Services","08/01/1980","01/01/2026","12/31/2026","   ","",
"800431","Child Care Center","KinderCare Learning Center","13033 Valley View Rd","","","Eden Prairie","MN","55344-3660","Hennepin","(952) 934-5634","Active","KinderCare Education LLC","110","Ages Served: Infants Toddlers Preschool School-Age","None","Services: Day Program","Minnesota Department of Human Services","06/03/1985","01/01/2026","12/31/2026","   ","",
"800434","Child Care Center","KinderCare Learning Center","8825 Aztec Dr","","","Eden Prairie","MN","55347-1901","Hennepin","(952) 944-3801","Active","KinderCare Education LLC","125","Ages Served: Infants Toddlers Preschool School-Age","None","Services: Day Program","Minnesota Department of Human Services","01/06/1986","01/01/2026","12/31/2026","   ","",
"800435","Child Care Center","KinderCare Learning Center","7660 Kentucky Ave N","","","Brooklyn Park","MN","55428-1227","Hennepin","(763) 560-5534","Active","KinderCare Education LLC","143","Ages Served: Infants Toddlers Preschool School-Age","Not To Exceed 88 Toddler/Preschool","Services: Day Program","Minnesota Department of Human Services","02/01/1989","01/01/2026","12/31/2026","   ","",
"800436","Child Care Center","KinderCare Learning Center","4545 Hamline Ave N","","","Arden Hills","MN","55112-5719","Ramsey","(651) 631-8728","Active","KinderCare Education LLC","126","Ages Served: Infants Toddlers Preschool","None","Services: Day Program","Minnesota Department of Human Services","04/01/1988","01/01/2026","12/31/2026","   ","",
"800440","Child Care Center","KinderCare Learning Center","3420 Lexington Ave N","","","Shoreview","MN","55126-8001","Ramsey","(651) 482-7689","Closed as of 06/28/2026","KinderCare Education LLC","95 ","Ages Served: Infants Toddlers Preschool","None","Services: Day Program","Minnesota Department of Human Services","03/20/1985","01/01/2026","12/31/2026","   ","",
"800443","Child Care Center","KinderCare Learning Center","4012 Adair Ave N","","","Robbinsdale","MN","55422-1619","Hennepin","(763) 535-4300","Active","KinderCare Education LLC","68 ","Ages Served: Infants Toddlers Preschool","None","Services: Day Program","Minnesota Department of Human Services","09/22/1970","01/01/2026","12/31/2026","   ","",
"800446","Child Care Center","KinderCare Learning Center","1815 Greenview Pl SW","","","Rochester","MN","55902-1077","Olmsted","(507) 287-0747","Closed as of 06/20/2026","KinderCare Education LLC","112","Ages Served: Infants Toddlers Preschool School-Age","None","Services: Day Program","Minnesota Department of Human Services","01/01/1985","01/01/2026","12/31/2026","   ","",
"800450","Child Care Center","KinderCare Learning Center","525 Huron Blvd SE","","","Minneapolis","MN","55414-3114","Hennepin","(612) 623-4642","Active","KinderCare Education LLC","89 ","Ages Served: Infants Toddlers Preschool School-Age","None","Services: Day Program","Minnesota Department of Human Services","08/15/1983","01/01/2026","12/31/2026","   ","",
"800453","Child Care Center","KinderCare Learning Center","6020 Earle Brown Dr","","","Brooklyn Center","MN","55430-2506","Hennepin","(763) 561-7013","Active","KinderCare Education LLC","107","Ages Served: Infants Toddlers Preschool School-Age","None","Services: Day Program","Minnesota Department of Human Services","07/31/1987","01/01/2026","12/31/2026","   ","",
"800455","Child Care Center","KinderCare Learning Center","8800 Old Cedar Ave S","","","Bloomington","MN","55425-2041","Hennepin","(952) 854-5905","Active","KinderCare Education LLC","120","Ages Served: Infants Toddlers Preschool School-Age","None","Services: Day Program","Minnesota Department of Human Services","03/26/1973","01/01/2026","12/31/2026","   ","",
"800456","Child Care Center","KinderCare Learning Center","1101 Town Centre Dr","","","Eagan","MN","55123-1065","Dakota","(651) 452-7884","Closed as of 06/20/2026","KinderCare Education LLC","100","Ages Served: Infants Toddlers Preschool School-Age","None","Services: Day Program","Minnesota Department of Human Services","12/30/1985","01/01/2026","12/31/2026","   ","",
"800457","Child Care Center","KinderCare Learning Center","5310 Monroe St NE","","","Fridley","MN","55421-1262","Anoka","(763) 572-1323","Active","KinderCare Education LLC","100","Ages Served: Infants Toddlers Preschool School-Age","None","Services: Day Program","Minnesota Department of Human Services","09/20/1972","01/01/2026","12/31/2026","   ","",
"800458","Child Care Center","KinderCare Learning Center","2036 County Road D E","","","Maplewood","MN","55109-5312","Ramsey","(651) 770-1239","Active","KinderCare Education LLC","101","Ages Served: Infants Toddlers Preschool School-Age","None","Services: Day Program","Minnesota Department of Human Services","07/28/1980","01/01/2026","12/31/2026","   ","",
"800461","Child Care Center","KinderCare Learning Center","402 14th St NW","","","Rochester","MN","55901-2544","Olmsted","(507) 282-5676","Closed as of 05/30/2026","KinderCare Education LLC","85 ","Ages Served: Infants Toddlers Preschool School-Age","None","Services: Day Program","Minnesota Department of Human Services","08/06/1984","01/01/2026","12/31/2026","   ","",
"800462","Child Care Center","KinderCare Learning Center","2186 Fairview Ave N","","","Roseville","MN","55113-4026","Ramsey","(651) 631-0735","Active","KinderCare Education LLC","84 ","Ages Served: Infants Toddlers Preschool","None","Services: Day Program","Minnesota Department of Human Services","09/01/1977","01/01/2026","12/31/2026","   ","",
"800463","Child Care Center","KinderCare Learning Center","181 County Road B2 W","","","Roseville","MN","55113-3603","Ramsey","(651) 490-1403","Active","KinderCare Education LLC","99 ","Ages Served: Infants Toddlers Preschool School-Age","Not to exceed 14 infants in the Infant/Toddler Transition room.","Services: Day Program","Minnesota Department of Human Services","06/01/1987","01/01/2026","12/31/2026","   ","",
"800466","Child Care Center","KinderCare Learning Center","2070 Burns Ave","","","Saint Paul","MN","55119-4606","Ramsey","(651) 731-1815","Active","KinderCare Education LLC","116","Ages Served: Infants Toddlers Preschool School-Age","None","Services: Day Program","Minnesota Department of Human Services","01/01/1983","01/01/2026","12/31/2026","   ","",
"800467","Child Care Center","KinderCare Learning Center","101 Blake Rd N","","","Hopkins","MN","55343-8208","Hennepin","(952) 935-4410","Active","KinderCare Education LLC","73 ","Ages Served: Infants Toddlers Preschool School-Age","None","Services: Day Program","Minnesota Department of Human Services","09/28/1972","01/01/2026","12/31/2026","   ","",
"800468","Child Care Center","KinderCare Learning Center","1541 Humboldt Ave","","","West St Paul","MN","55118-3402","Dakota","(651) 451-2772","Active","KinderCare Education LLC","92 ","Ages Served: Infants Toddlers Preschool School-Age","None","Services: Day Program","Minnesota Department of Human Services","02/01/1978","01/01/2026","12/31/2026","   ","",
"800469","Child Care Center","KinderCare Learning Center","3708 W 44th St","","","Minneapolis","MN","55410-1325","Hennepin","(612) 922-6727","Active","KinderCare Education LLC","82 ","Ages Served: Infants Toddlers Preschool School-Age","None","Services: Day Program","Minnesota Department of Human Services","11/02/1971","01/01/2026","12/31/2026","   ","",
"1015164","Child Care Center","KinderCare Learning Center","7380 10th St N","","","Oakdale","MN","55128-5395","Washington","(651) 735-3711","Active","KinderCare Education LLC","152","Ages Served: Infants Toddlers Preschool School-Age","None","Services: Day Program","Minnesota Department of Human Services","01/03/2002","01/01/2026","12/31/2026","   ","",
"1003549","Child Care Center","KinderCare Learning Center","1888 E 134th St","","","Burnsville","MN","55337-3998","Dakota","(952) 891-3800","Active","KinderCare Education LLC","155","Ages Served: Infants Toddlers Preschool School-Age","None","Services: Day Program","Minnesota Department of Human Services","02/11/2000","01/01/2026","12/31/2026","   ","",
"830685","Child Care Center","KinderCare Learning Center","15080 Shannon Pkwy","","","Rosemount","MN","55068-1795","Dakota","(651) 322-1998","Active","KinderCare Education LLC","158","Ages Served: Infants Toddlers Preschool School-Age","None","Services: Day Program","Minnesota Department of Human Services","05/13/1998","01/01/2026","12/31/2026","   ","",
"830686","Child Care Center","KinderCare Learning Center","15755 Rockford Rd","","","Plymouth","MN","55446     ","Hennepin","(763) 694-0769","Active","KinderCare Education LLC","154","Ages Served: Infants Toddlers Preschool School-Age","Not To Exceed 100 Toddler/Preschool","Services: Day Program","Minnesota Department of Human Services","05/19/1998","01/01/2026","12/31/2026","   ","",
"804129","Child Care Center","KinderCare Learning Center","1755 121st Ave NW","","","Coon Rapids","MN","55448-1962","Anoka","(763) 754-5522","Active","KinderCare Education LLC","107","Ages Served: Infants Toddlers Preschool School-Age","None","Services: Day Program","Minnesota Department of Human Services","08/26/1991","01/01/2026","12/31/2026","   ","",
"809234","Child Care Center","KinderCare Learning Center","202 Hayden Lake Rd E","","","Champlin","MN","55316-1490","Hennepin","(763) 323-8300","Active","KinderCare Education LLC","84 ","Ages Served: Infants Toddlers Preschool School-Age","Maximum number of school agers in the PreK classroom is ten","Services: Day Program","Minnesota Department of Human Services","05/22/1995","01/01/2026","12/31/2026","   ","",
"809238","Child Care Center","KinderCare Learning Center","10790 University Ave NW","","","Coon Rapids","MN","55448-6101","Anoka","(763) 755-9067","Active","KinderCare Education LLC","88 ","Ages Served: Infants Toddlers Preschool School-Age","None","Services: Day Program","Minnesota Department of Human Services","05/22/1995","01/01/2026","12/31/2026","   ","",
"830178","Child Care Center","KinderCare Learning Center","14100 Saint Francis Blvd","","","Ramsey","MN","55303-6106","Anoka","(763) 576-9586","Active","KinderCare Education LLC","118","Ages Served: Infants Toddlers Preschool School-Age","None","Services: Day Program","Minnesota Department of Human Services","07/21/1997","01/01/2026","12/31/2026","   ","",
"830317","Child Care Center","KinderCare Learning Center","1865 Plaza Dr","","","Eagan","MN","55122-2612","Dakota","(651) 452-1616","Active","KinderCare Education LLC","166","Ages Served: Infants Toddlers Preschool School-Age","None","Services: Day Program","Minnesota Department of Human Services","08/18/1997","01/01/2026","12/31/2026","   ","",
"830318","Child Care Center","KinderCare Learning Center","6435 Lake Road Ter","","","Woodbury","MN","55125-1480","Washington","(651) 714-1078","Active","KinderCare Education LLC","146","Ages Served: Infants Toddlers Preschool School-Age","None","Services: Day Program","Minnesota Department of Human Services","09/02/1997","01/01/2026","12/31/2026","   ","",
"1049204","Child Care Center","KinderCare Learning Center","14080 Northdale Blvd","","","Rogers","MN","55374-9612","Hennepin","(763) 428-8973","Active","KinderCare Education LLC","128","Ages Served: Infants Toddlers Preschool School-Age","None","Services: Day Program","Minnesota Department of Human Services","12/03/2007","01/01/2026","12/31/2026","   ","",
"1025224","Child Care Center","KinderCare Learning Center","2800 Corporate Pl","","","Chanhassen","MN","55317-4409","Carver","(952) 466-2273","Active","KinderCare Education LLC","150","Ages Served: Infants Toddlers Preschool School-Age","None","Services: Day Program","Minnesota Department of Human Services","08/20/2003","01/01/2026","12/31/2026","   ","",
"1025410","Child Care Center","KinderCare Learning Center","4732 Excelsior Blvd","","","Saint Louis Park","MN","55416-3008","Hennepin","(952) 920-8548","Active","KinderCare Education LLC","158","Ages Served: Infants Toddlers Preschool","None","Services: Day Program","Minnesota Department of Human Services","08/19/2003","01/01/2026","12/31/2026","   ","",
"1028644","Child Care Center","KinderCare Learning Center","2460 Clare Ln NE","","","Rochester","MN","55906-8400","Olmsted","(507) 529-8034","Active","KinderCare Education LLC","147","Ages Served: Infants Toddlers Preschool School-Age","None","Services: Day Program","Minnesota Department of Human Services","04/07/2004","01/01/2026","12/31/2026","   ","",
"1053423","Child Care Center","KinderCare Learning Center","17420 Dodd Blvd","","","Lakeville","MN","55044     ","Dakota","(952) 469-6005","Active","KinderCare Education LLC","136","Ages Served: Infants Toddlers Preschool School-Age","None","Services: Day Program","Minnesota Department of Human Services","04/13/2009","01/01/2026","12/31/2026","   ","",
"1104196","Child Care Center","KinderCare Learning Center","5565 Credit River Rd SE","","","Prior Lake","MN","55372-4565","Scott","(952) 226-1405","Active","KinderCare Education LLC","142","Ages Served: Infants Toddlers Preschool School-Age","None","Services: Day Program","Minnesota Department of Human Services","11/02/2020","01/01/2026","12/31/2026","   ","",
"1102042","Child Care Center","KinderCare Learning Center","19881 Idealic Ave","","","Lakeville","MN","55044-2005","Dakota","(952) 683-9801","Active","KinderCare Education LLC","142","Ages Served: Infants Toddlers Preschool School-Age","None","Services: Day Program","Minnesota Department of Human Services","03/24/2020","01/01/2026","12/31/2026","   ","",
"1097632","Child Care Center","Kindercare Learning Center","8245 Crossings Blvd","","","Shakopee","MN","55379-8122","Scott","(952) 445-3778","Active","KinderCare Education LLC","121","Ages Served: Infants Toddlers Preschool School-Age","None","Services: Day Program","Minnesota Department of Human Services","05/28/2019","01/01/2026","12/31/2026","   ","",
"1097633","Child Care Center","KinderCare Learning Center","11544 Theatre Dr N","","","Champlin","MN","55316-2749","Hennepin","","Active","KinderCare Education LLC","133","Ages Served: Infants Toddlers Preschool School-Age","Not to Exceed 40 Infants
Not to Exceed 72 Toddlers
Not to Exceed 65 Preschool
Not to Exceed 25 School Age","Services: Day Program","Minnesota Department of Human Services","05/28/2019","01/01/2026","12/31/2026","   ","",
"1101526","Child Care Center","Kindergrove Early Learning Center LLC","2130 Broadway Ave S","","","Rochester","MN","55904-5559","Olmsted","(507) 322-6277","Active","Kindergrove Early Learning Center LLC","78 ","Ages Served: Infants Toddlers Preschool School-Age","None","Services: Day Program","Minnesota Department of Human Services","07/30/2020","01/01/2026","12/31/2026","   ","",
"801291","Child Care Center","Kinderhaus Montessori School","3115 Victoria St N","","","Roseville","MN","55113-1935","Ramsey","(651) 482-7925","Active","Kinderhaus Montessori School, Inc.","30 ","Ages Served: Preschool School-Age","None","Services: Day Program","Minnesota Department of Human Services","12/03/1981","01/01/2026","12/31/2026","   ","",
"1119418","Child Care Center","Kinderplatz, Incorporated","5600 American Blvd W Ste 180","","","Bloomington","MN","55437     ","Hennepin","(612) 725-3481","Active","Kinderplatz, Incorporated","148","Ages Served: Infant;Toddler;Preschool;School Age","None","Services: Day Program","Minnesota Department of Human Services","12/04/2023","01/01/2026","12/31/2026","   ","",
"1037325","Child Care Center","Kinderstube German Immersion Preschool Germanic American Institute","301 Summit Ave","","","Saint Paul","MN","55102-2118","Ramsey","(651) 222-7027","Pending Reopening as of 08/08/2026","The Germanic-American Institute","20 ","Ages Served: Preschool","None","Services: Day Program","Minnesota Department of Human Services","09/06/2005","07/02/2026","12/31/2026","   ","",
"801297","Child Care Center","King of Grace Preschool","6000 Duluth St","","","Golden Valley","MN","55422-3927","Hennepin","(763) 546-3131","Active","King of Grace Evangelical Lutheran Church","36 ","Ages Served: Preschool","None","Services: Day Program","Minnesota Department of Human Services","09/01/1980","01/01/2026","12/31/2026","   ","",
"1053543","Child Care Center","King of Kings Lutheran Church and School","2330 Dale St N","","","Saint Paul","MN","55113-4510","Ramsey","(651) 484-9206","Active","King of Kings Lutheran Church and School","42 ","Ages Served: Preschool","None","Services: Day Program","Minnesota Department of Human Services","08/01/2009","01/01/2026","12/31/2026","   ","",
"1108261","Child Care Center","King's Academy Preschool","620 Sundial Dr","","","Waite Park","MN","56387     ","Stearns","","Active","The St. Cloud Christian School","40 ","Ages Served: Preschool","None","Services: Day Program","Minnesota Department of Human Services","09/07/2021","08/27/2026","12/31/2026","   ","",
"801301","Child Care Center","King's Kids","1980 Silver Lake Rd NW","","","New Brighton","MN","55112-1706","Ramsey","(651) 633-2240","Closed as of 05/23/2026","Atonement Lutheran Church of New Brighton","20 ","Ages Served: Preschool","None","Services: Day Program","Minnesota Department of Human Services","12/13/1972","01/01/2026","12/31/2026","   ","",
"804046","Child Care Center","King's Kids Preschool","1040 S Grade Rd SW","","","Hutchinson","MN","55350-3020","McLeod","(320) 484-3254","Active","Christ the King Lutheran Church of Hutchinson, Minnesota","40 ","Ages Served: Preschool","None","Services: Day Program","Minnesota Department of Human Services","04/19/1990","01/01/2026","12/31/2026","   ","",
"1011051","Child Care Center","Kingdom Kids","4400 55th St NW","","","Rochester","MN","55901-3760","Olmsted","(507) 282-5569","Active","Christ Community Church of The Christian and Missionary Alliance","234","Ages Served: Infants Toddlers Preschool School-Age","None","Services: Day Program","Minnesota Department of Human Services","07/31/2001","01/01/2026","12/31/2026","   ","",
"1011992","Child Care Center","Knowledge Beginnings #071702","570 Oak Grove Pkwy","","","Vadnais Heights","MN","55127-8509","Ramsey","(651) 765-0555","Active","KinderCare Education LLC","138","Ages Served: Infants Toddlers Preschool School-Age","None","Services: Day Program","Minnesota Department of Human Services","08/28/2001","01/01/2026","12/31/2026","   ","",
"1011981","Child Care Center","Knowledge Beginnings #071703","8445 Seasons Pkwy","","","Woodbury","MN","55125-3387","Washington","(651) 739-1399","Active","KinderCare Education LLC","117","Ages Served: Infants Toddlers Preschool School-Age","Not to Exceed 30 total school-age; Not to Exceed 75 total Preschool; Not to Exceed 90 Preschool/School-Age","Services: Day Program","Minnesota Department of Human Services","08/13/2001","01/01/2026","12/31/2026","   ","",
"1011983","Child Care Center","Knowledge Beginnings #071704","4155 Lexington Ave S","","","Eagan","MN","55123     ","Dakota","(651) 994-4588","Closed as of 06/20/2026","KinderCare Education LLC","147","Ages Served: Infants Toddlers Preschool School-Age","None","Services: Day Program","Minnesota Department of Human Services","08/29/2001","01/01/2026","12/31/2026","   ","",
"1011982","Child Care Center","Knowledge Beginnings #071706","2801 Superior Dr NW","","","Rochester","MN","55901-1779","Olmsted","(507) 289-5006","Active","KinderCare Education LLC","123","Ages Served: Infants Toddlers Preschool School-Age","None","Services: Day Program","Minnesota Department of Human Services","08/31/2001","01/01/2026","12/31/2026","   ","",
"801347","Child Care Center","Koala Bear Child Care","4559 Shoreline Dr","","","Spring Park","MN","55384-4431","Hennepin","","Active","Presbyterian Homes and Services","61 ","Ages Served: Infants Toddlers Preschool","None","Services: Day Program","Minnesota Department of Human Services","11/19/1988","01/01/2026","12/31/2026","   ","",
"1025915","Child Care Center","Kootasca Head Start Grand Rapids","822 NE 5th Ave","","","Grand Rapids","MN","55744-2963","Itasca","(218) 999-0835","Active","Kootasca Community Action Inc.","128","Ages Served: Infants Toddlers Preschool","None","Services: Day Program","Minnesota Department of Human Services","09/09/2003","01/01/2026","12/31/2026","   ","",
"1048346","Child Care Center","Krayola Kids Childcare Center","750 Golden Way St NE","","","Isanti","MN","55040-3232","Isanti","(763) 444-8228","Active","Krayola Kids Childcare Center, Inc.","121","Ages Served: Infants Toddlers Preschool School-Age","None","Services: Day Program","Minnesota Department of Human Services","10/30/2007","01/01/2026","12/31/2026","   ","",
"2002016","Child Care Center","La Casita Spanish Immersion Center","23382 3rd Ave","","","Mankato","MN","56001     ","Blue Earth","(507) 514-7773","Active","La Casita Spanish Immersion Center LLC","40 ","Ages Served: Toddlers Preschool","None","Services: Day Program","Minnesota Department of Human Services","01/12/2026","01/12/2026","12/31/2026","   ","",
"801317","Child Care Center","La Creche Early Childhood Centers, Inc.","1800 Olson Memorial Hwy","","","Minneapolis","MN","55411-3835","Hennepin","(612) 377-1786","Active","La Creche Early Childhood Centers, Inc.","82 ","Ages Served: Infants Toddlers Preschool School-Age","None","Services: Day Program","Minnesota Department of Human Services","09/01/1989","01/01/2026","12/31/2026","   ","",
"1078301","Child Care Center","La Creche II Early Childhood Centers Inc","1120 Oliver Ave N","","","Minneapolis","MN","55411-3735","Hennepin","(612) 521-4384","Active","La Creche Early Childhood Centers, Inc.","32 ","Ages Served: Infants Toddlers","Not to Exceed 8 Infants","Services: Day Program","Minnesota Department of Human Services","01/25/2016","01/01/2026","12/31/2026","   ","",
"1001324","Child Care Center","La Petite Academy","9440 36th Ave N","","","New Hope","MN","55427-1718","Hennepin","(763) 546-8666","Active","La Petite Academy Inc","90 ","Ages Served: Infants Toddlers Preschool School-Age","None","Services: Day Program","Minnesota Department of Human Services","08/24/1999","01/01/2026","12/31/2026","   ","",
"1109575","Child Care Center","La Petite Academy","470 Imperial Ave N","","","Oakdale","MN","55128-5548","Washington","(248) 697-9000","Active","La Petite Academy Inc","96 ","Ages Served: Infants Toddlers Preschool School-Age","None","Services: Day Program","Minnesota Department of Human Services","01/01/2022","01/01/2026","12/31/2026","   ","",
"2000264","Child Care Center","La Petite Academy","209 2nd St S","","","Sartell","MN","56377     ","Stearns","(320) 253-8480","Active","La Petite Academy Inc","121","Ages Served: Infants Toddlers Preschool","None","Services: Day Program","Minnesota Department of Human Services","11/24/2025","01/01/2026","12/31/2026","   ","",
"2000266","Child Care Center","La Petite Academy","109 Sandberg Rd","","","Monticello","MN","55362     ","Wright","(763) 295-6668","Active","La Petite Academy Inc","91 ","Ages Served: Infants Toddlers Preschool","None","Services: Day Program","Minnesota Department of Human Services","12/24/2025","01/01/2026","12/31/2026","   ","",
"2000256","Child Care Center","La Petite Academy","2901 Clearwater Rd","","","Saint Cloud","MN","56301     ","Stearns","(320) 258-3060","Active","La Petite Academy Inc","94 ","Ages Served: Infants Toddlers Preschool","None","Services: Day Program","Minnesota Department of Human Services","02/02/2026","02/02/2026","12/31/2026","   ","",
"2000257","Child Care Center","La Petite Academy","1701 9th Ave N","","","Saint Cloud","MN","56303     ","Stearns","(320) 534-0174","Active","La Petite Academy Inc","98 ","Ages Served: Infants Toddlers Preschool","None","Services: Day Program","Minnesota Department of Human Services","02/02/2026","02/02/2026","12/31/2026","   ","",
"1094109","Child Care Center","Ladybug No. 1, LLC ( DBA Ladybug Child Care Center)","306 Lake Hazeltine Dr","","","Chaska","MN","55318-1034","Carver","(952) 448-7202","Active","Ladybug No. 1, LLC","171","Ages Served: Infants Toddlers Preschool School-Age","None","Services: Day Program","Minnesota Department of Human Services","01/21/2019","01/01/2026","12/31/2026","   ","",
"1094113","Child Care Center","Ladybug NO. 2, LLC ( DBA Ladybug Child Care Center)","859 Vista Blvd","","","Waconia","MN","55387     ","Carver","(952) 442-5057","Active","Ladybug No. 2, LLC","148","Ages Served: Infants Toddlers Preschool School-Age","None","Services: Day Program","Minnesota Department of Human Services","01/21/2019","01/01/2026","12/31/2026","   ","",
"1092355","Child Care Center","Ladybug No. 3 LLC. (DBA Ladybug Child Care Center)","1610 Lusitano St","","","Shakopee","MN","55379-4661","Scott","(952) 657-5681","Active","Ladybug No. 3. LLC","150","Ages Served: Infants Toddlers Preschool School-Age","None","Services: Day Program","Minnesota Department of Human Services","03/05/2018","01/01/2026","12/31/2026","   ","",
"1063518","Child Care Center","Lake Area Discovery Center @ Faith Lutheran Church","886 N Shore Dr","","","Forest Lake","MN","55025-1222","Washington","(651) 464-3323","Active","Lake Area Discovery Center","80 ","Ages Served: Infants Toddlers Preschool","None","Services: Day Program","Minnesota Department of Human Services","09/04/2012","01/01/2026","12/31/2026","   ","",
"1080972","Child Care Center","Lake Area Discovery Center @ Faithful Shepherd Catholic School","3355 Columbia Dr","","","Eagan","MN","55121-4202","Dakota","(651) 406-4747","Active","Lake Area Discovery Center","60 ","Ages Served: Preschool","None","Services: Day Program","Minnesota Department of Human Services","09/07/2016","01/01/2026","12/31/2026","   ","",
"1029801","Child Care Center","Lake Area Discovery Center @ Our Savior's Lutheran Church","1616 Olive St W","","","Stillwater","MN","55082-5523","Washington","(651) 439-5704","Active","Lake Area Discovery Center","76 ","Ages Served: Infants Toddlers Preschool","None","Services: Day Program","Minnesota Department of Human Services","08/30/2004","01/01/2026","12/31/2026","   ","",
"1000508","Child Care Center","Lake Area Discovery Center @ Redeemer Lutheran","3770 Bellaire Ave","","","Saint Paul","MN","55110     ","Ramsey","(651) 762-7884","Active","Lake Area Discovery Center","65 ","Ages Served: Toddlers Preschool","None","Services: Day Program","Minnesota Department of Human Services","08/19/1999","01/01/2026","12/31/2026","   ","",
"1078911","Child Care Center","Lake Area Discovery Center @ St Barts Catholic School","630 Wayzata Blvd E","","","Wayzata","MN","55391     ","Hennepin","(952) 473-6189","Closed as of 05/31/2026","Lake Area Discovery Center","74 ","Ages Served: Preschool","None","Services: Day Program","Minnesota Department of Human Services","09/16/2015","01/01/2026","12/31/2026","   ","",
"1080971","Child Care Center","Lake Area Discovery Center @ St Helenas Catholic School","3200 E 44th St","","","Minneapolis","MN","55406-3860","Hennepin","(612) 729-9301","Active","Lake Area Discovery Center","40 ","Ages Served: Preschool","None","Services: Day Program","Minnesota Department of Human Services","09/19/2016","01/01/2026","12/31/2026","   ","",
"1060112","Child Care Center","Lake Area Discovery Center @ St Jude of the Lake","600 Mahtomedi Ave","","","Mahtomedi","MN","55115-1641","Washington","(651) 426-2562","Active","Lake Area Discovery Center","93 ","Ages Served: Toddlers Preschool","None","Services: Day Program","Minnesota Department of Human Services","09/08/2011","01/01/2026","12/31/2026","   ","",
"1075699","Child Care Center","Lake Area Discovery Center at Annunciation","525 W 54th St Auxiliary Suite","","","Minneapolis","MN","55419     ","Hennepin","(651) 762-7884","Closed as of 05/31/2026","Lake Area Discovery Center","40 ","Ages Served: Preschool","None","Services: Day Program","Minnesota Department of Human Services","08/27/2014","01/01/2026","12/31/2026","   ","",
"1074044","Child Care Center","Lake Area Discovery Center at Annunciation School","525 W 54th St","","","Minneapolis","MN","55419     ","Hennepin","(612) 823-4394","Closed as of 05/31/2026","Lake Area Discovery Center","20 ","Ages Served: Preschool","None","Services: Day Program","Minnesota Department of Human Services","08/27/2014","01/01/2026","12/31/2026","   ","",
"1013352","Child Care Center","Lake Area Discovery Center at Community of Grace Lutheran Church","4000 Linden St","","","White Bear Lake","MN","55110-4252","Ramsey","(651) 762-7884","Active","Lake Area Discovery Center","85 ","Ages Served: Infants Toddlers Preschool","None","Services: Day Program","Minnesota Department of Human Services","09/06/2001","01/01/2026","12/31/2026","   ","",
"2000148","Child Care Center","Lake Area Discovery Center at Grace Lutheran","7800 150th St W","","","Saint Paul","MN","55124     ","Dakota","(952) 432-7273","Active","Lake Area Discovery Center","68 ","Ages Served: Toddlers Preschool","None","Services: Day Program","Minnesota Department of Human Services","09/03/2024","01/01/2026","12/31/2026","   ","",
"1098635","Child Care Center","Lake Area Discovery Center at Hosanna","9300 Scandia Trl N","","","Forest Lake","MN","55025-8932","Washington","(651) 464-5502","Active","Lake Area Discovery Center","87 ","Ages Served: Infants Toddlers Preschool","None","Services: Day Program","Minnesota Department of Human Services","09/03/2019","01/01/2026","12/31/2026","   ","",
"1108391","Child Care Center","Lake Area Discovery Center at St. John the Baptist","12508 Lynn Ave","","","Savage","MN","55378-1450","Scott","(952) 890-6604","Active","Lake Area Discovery Center","166","Ages Served: Toddlers Preschool","None","Services: Day Program","Minnesota Department of Human Services","06/01/2021","01/01/2026","12/31/2026","   ","",
"1113617","Child Care Center","Lake Area Discovery Center at St. Paul Lutheran","5879 Wyoming Trl","","","Wyoming","MN","55092-9318","Chisago","(651) 762-7884","Active","Lake Area Discovery Center","42 ","Ages Served: Toddlers Preschool","None","Services: Day Program","Minnesota Department of Human Services","09/06/2022","01/01/2026","12/31/2026","   ","",
"1053998","Child Care Center","Lake Area Discovery Center at Trinity","115 4th St N","","","Stillwater","MN","55082-4851","Washington","(651) 762-7884","Active","Lake Area Discovery Center","86 ","Ages Served: Infants Toddlers Preschool","Maximum number of preschool-aged children in the program is 49.; Per State Fire Marshal, facility does NOT meet requirements but may temporarily be occupied until 8/31/26 pending completion of orders.","Services: Day Program","Minnesota Department of Human Services","09/03/2009","01/01/2026","12/31/2026","   ","",
"1103779","Child Care Center","Lake Area Discovery Center at Trinity Falls","5212 41st Ave S","","","Minneapolis","MN","55417-2206","Hennepin","(612) 724-3691","Active","Lake Area Discovery Center","82 ","Ages Served: Infants Toddlers Preschool","Not fire marshal approved for under 30 months in upper level of building without and external exit","Services: Day Program","Minnesota Department of Human Services","09/29/2020","01/01/2026","12/31/2026","   ","",
"2001690","Child Care Center","Lake Area Discovery Center at Valley of Peace","4735 Bassett Creek Dr","","","Minneapolis","MN","55422     ","Hennepin","(651) 762-7884","Active","Lake Area Discovery Center","76 ","Ages Served: Infants Toddlers Preschool","None","Services: Day Program","Minnesota Department of Human Services","09/03/2025","01/01/2026","12/31/2026","   ","",
"1080770","Child Care Center","Lake Country School - Montessori Learning Environments","3755 Pleasant Ave","","","Minneapolis","MN","55409-1226","Hennepin","(612) 827-3707","Active","Lake Country School - Montessori Learning Environments","90 ","Ages Served: Preschool School-Age","The maximum number of School Agers in the Children's House 1, Children's House 2, and Children's House 3 classrooms is 30.","Services: Day Program","Minnesota Department of Human Services","06/20/2016","01/01/2026","12/31/2026","   ","",
"801330","Child Care Center","Lake Harriet Community Child Care","4113 W 54th St","","","Edina","MN","55424-1432","Hennepin","(952) 208-0977","Active","Lake Harriet Community Child Care","59 ","Ages Served: Infants Toddlers Preschool School-Age","None","Services: Day Program","Minnesota Department of Human Services","08/29/1983","01/01/2026","12/31/2026","   ","",
"801332","Child Care Center","Lake Harriet Montessori School","915 W 45th St","","","Minneapolis","MN","55419-4726","Hennepin","(612) 747-8284","Active","Lake Harriet Montessori School, Inc.","40 ","Ages Served: Preschool School-Age","None","Services: Day Program","Minnesota Department of Human Services","09/01/1984","01/01/2026","12/31/2026","   ","",
"801331","Child Care Center","Lake Harriet United Methodist Preschool","4901 Chowen Ave S","","","Minneapolis","MN","55410-1713","Hennepin","(612) 926-8043","Active","Lake Harriet United Methodist Church","122","Ages Served: Infants Toddlers Preschool","None","Services: Day Program","Minnesota Department of Human Services","09/01/1953","01/01/2026","12/31/2026","   ","",
"1118081","Child Care Center","Lake Street Academy LLC","720 E Lake St Ste 100","","","Minneapolis","MN","55407-1547","Hennepin","(612) 354-4425","Active","Lake Street Academy LLC","82 ","Ages Served: Infants Toddlers Preschool School-Age","None","Services: Day Program","Minnesota Department of Human Services","05/21/2023","01/06/2026","12/31/2026","   ","",
"1103911","Child Care Center","Lake Superior Zoo School","7210 Fremont St","","","Duluth","MN","55807-1854","St. Louis","(218) 730-4500","Active","Arrowhead Zoological Society, Inc.","18 ","Ages Served: Preschool","None","Services: Day Program","Minnesota Department of Human Services","09/08/2020","01/01/2026","12/31/2026","   ","",
"1115255","Child Care Center","Laker Prep Early Childhood Center","551 11th Ave SE","","","Detroit Lakes","MN","56501-3720","Becker","(218) 847-5600","Active","Laker Prep Early Childhood","76 ","Ages Served: Infants Toddlers Preschool","None","Services: Day Program","Minnesota Department of Human Services","01/02/2023","01/01/2026","12/31/2026","   ","",
"1115257","Child Care Center","Laker Prep Preschool","807 13th Ave SE","","","Detroit Lakes","MN","56501-3708","Becker","(218) 847-5600","Active","Laker Prep Early Childhood","25 ","Ages Served: Preschool School-Age","None","Services: Day Program","Minnesota Department of Human Services","01/02/2023","01/01/2026","12/31/2026","   ","",
"800542","Child Care Center","Lakes & Prairies Head Start (CAPLP)","715 11th St N Ste 402","","","Moorhead","MN","56560-2071","Clay","(218) 512-1500","Active","Lakes & Prairies Community Action Partnership, Inc.","57 ","Ages Served: Preschool","None","","Minnesota Department of Human Services","02/01/1988","01/01/2026","12/31/2026","   ","",
"1016319","Child Care Center","Lakes & Prairies Head Start (CAPLP)","112 1st Ave SE","","","Dilworth","MN","56529-1466","Clay","(218) 512-1500","Active","Lakes & Prairies Community Action Partnership, Inc.","17 ","Ages Served: Preschool","None","Services: Day Program","Minnesota Department of Human Services","09/27/2002","01/01/2026","12/31/2026","   ","",
"1087487","Child Care Center","Lakes & Prairies Head Start (CAPLP)","861 Belsly Blvd","","","Moorhead","MN","56560-5055","Clay","(218) 512-1500","Active","Lakes & Prairies Community Action Partnership, Inc.","34 ","Ages Served: Preschool","None","Services: Day Program","Minnesota Department of Human Services","09/11/2017","01/01/2026","12/31/2026","   ","",
"1082959","Child Care Center","Lakes and Pines Head Start","28005 Old Towne Rd","","","Chisago City","MN","55013-9712","Chisago","(320) 679-1800","Active","Lakes and Pines Community Action Council, Inc.","25 ","Ages Served: Toddlers Preschool","None","Services: Day Program","Minnesota Department of Human Services","09/01/2017","01/01/2026","12/31/2026","   ","",
"1082965","Child Care Center","Lakes and Pines Head Start Cloquet","1418 Doddridge Ave","","","Cloquet","MN","55720-2444","Carlton","(320) 679-1800","Active","Lakes and Pines Community Action Council, Inc.","27 ","Ages Served: Toddlers Preschool","None","Services: Day Program","Minnesota Department of Human Services","05/23/2017","04/02/2026","12/31/2026","   ","",
"1082966","Child Care Center","Lakes and Pines Head Start Mora","1700 Maple Ave E","","","Mora","MN","55051-1227","Kanabec","(320) 679-1800","Active","Lakes and Pines Community Action Council, Inc.","28 ","Ages Served: Toddlers Preschool","None","Services: Day Program","Minnesota Department of Human Services","05/23/2017","01/01/2026","12/31/2026","   ","",
"801342","Child Care Center","Lakes Head Start","1790 11th St SE","","","Forest Lake","MN","55025-1968","Washington","(651) 464-7505","Active","Anoka County Community Action Program, Inc.","20 ","Ages Served: Preschool","None","Services: Day Program","Minnesota Department of Human Services","10/05/1984","01/01/2026","12/31/2026","   ","",
"1105717","Child Care Center","Lakeside Early Learning","4628 Pitt St","","","Duluth","MN","55804-1557","St. Louis","","Closed as of 06/05/2026","Lakeside Early Learning","159","Ages Served: Infants Toddlers Preschool School-Age","Per fire inspector, any rooms that have 1 exit must limit the number of children to 10 if they are under the age of 30 months.","Services: Day Program","Minnesota Department of Human Services","08/31/2020","01/01/2026","12/31/2026","   ","",
"801349","Child Care Center","Lakeside Presbyterian Nursery School","4430 McCulloch St","","","Duluth","MN","55804-1936","St. Louis","(218) 525-1967","Active","Lakeside Presbyterian Church","40 ","Ages Served: Preschool","None","Services: Day Program","Minnesota Department of Human Services","12/01/1965","01/01/2026","12/31/2026","   ","",
"801352","Child Care Center","Lakeview Christian Academy Preschool","155 W Central Entrance","","","Duluth","MN","55811-3497","St. Louis","(218) 723-8844","Closed as of 06/04/2026","Lakeview Christian Academy, Inc.","20 ","Ages Served: Preschool","None","Services: Day Program","Minnesota Department of Human Services","10/13/1989","01/01/2026","12/31/2026","   ","",
"1093452","Child Care Center","Lakewood Little Lynx Preschool","5207 N Tischer Rd","","","Duluth","MN","55804-3010","St. Louis","(218) 336-8870","Active","Lakewood Elementary School Foundation","20 ","Ages Served: Preschool","None","Services: Day Program","Minnesota Department of Human Services","09/04/2018","01/01/2026","12/31/2026","   ","",
"1006246","Child Care Center","Lambs Christian Day Care and Preschool","5939 Oliver Ave SW","","","Cokato","MN","55321     ","Wright","(320) 286-3412","Active","Good Shepherd Free Lutheran Church","35 ","Ages Served: Preschool","None","Services: Day Program","Minnesota Department of Human Services","11/07/2000","01/01/2026","12/31/2026","   ","",
"801356","Child Care Center","Lanesboro Child Care Center","100 Kirkwood St E","","","Lanesboro","MN","55949     ","Fillmore","(507) 467-2175","Active","Lanesboro Public School District 0229-01","95 ","Ages Served: Infants Toddlers Preschool School-Age","None","Services: Day Program","Minnesota Department of Human Services","09/02/1988","01/01/2026","12/31/2026","   ","",
"1077905","Child Care Center","Language of Love Spanish Immersion LLC","6458 City West Pkwy","","","Eden Prairie","MN","55344-3245","Hennepin","(612) 298-5521","Active","Language of Love Spanish Immersion, LLC","111","Ages Served: Infants Toddlers Preschool","Maximum number of Toddler in the Infant 3/ Rm 154 classroom is 4.; Maximum number of Toddlers or Preschool in the Tod/Pre 135 classroom is 8.; Maximum number of Toddlers or Preschool in the Tod/Pre 134 classroom is 8.","Services: Day Program","Minnesota Department of Human Services","09/23/2015","01/01/2026","12/31/2026","   ","",
"1077022","Child Care Center","Language of Love Spanish Immersion LLC","7595 Minnewashta Pkwy","","","Excelsior","MN","55331     ","Carver","(612) 298-5521","Active","Language of Love Spanish Immersion, LLC","71 ","Ages Served: Infants Toddlers Preschool","Maximum number of Infants or Toddlers in the Infant 2 classroom is 8.","Services: Day Program","Minnesota Department of Human Services","04/15/2015","01/01/2026","12/31/2026","   ","",
"1063994","Child Care Center","Laugh & Learn","1506 Washington Ave","","","Cloquet","MN","55720     ","Carlton","(218) 879-6707","Active","Laugh & Learn, LLC","74 ","Ages Served: Infants Toddlers School-Age","None","Services: Day Program","Minnesota Department of Human Services","01/01/2013","01/01/2026","12/31/2026","   ","",
"1101179","Child Care Center","Laugh & Learn","4715 Hermantown Rd","","","Hermantown","MN","55811-4302","St. Louis","(218) 206-7345","Active","Laugh & Learn, LLC","88 ","Ages Served: Infants Toddlers Preschool School-Age","None","Services: Day Program","Minnesota Department of Human Services","10/14/2019","01/01/2026","12/31/2026","   ","",
"1118201","Child Care Center","Laugh & Learn","1000 Washington Ave","","","Cloquet","MN","55720-2522","Carlton","(218) 499-8530","Active","Laugh & Learn, LLC","70 ","Ages Served: Preschool School-Age","None","Services: Day Program","Minnesota Department of Human Services","05/31/2023","01/01/2026","12/31/2026","   ","",
"1096119","Child Care Center","Laurel Academy Early Learning Center","6558 Laketowne Pl","","","Albertville","MN","55301-6500","Wright","","Active","Laurel Academy Early Learning Center, LLC","173","Ages Served: Infants Toddlers Preschool School-Age","Not To Exceed 40 School Age","Services: Day Program","Minnesota Department of Human Services","01/28/2019","01/01/2026","12/31/2026","   ","",
"1114737","Child Care Center","Leaders ChildCare Center Inc","3641 Chicago Ave","","","Minneapolis","MN","55407     ","Hennepin","(612) 398-8418","Active","Leaders Childcare Center Inc","95 ","Ages Served: Infants Toddlers Preschool School-Age","None","Services: Day Program","Minnesota Department of Human Services","10/31/2022","04/02/2026","12/31/2026","   ","",
"1029957","Child Care Center","Learn and Grow Child Care Center South, Inc.","1201 89th Ave NE Ste 120","","","Blaine","MN","55434-3371","Anoka","(763) 783-4933","Active","Learn and Grow Child Care Center South, Inc.","61 ","Ages Served: Infants Toddlers Preschool School-Age","None","Services: Day Program","Minnesota Department of Human Services","05/27/2004","01/01/2026","12/31/2026","   ","",
"1117626","Child Care Center","Learn and Grow Child Care LLC","13142 Central Ave NE","","","Blaine","MN","55434     ","Anoka","(763) 757-9898","Active","Learn and Grow Child Care L.L.C.","70 ","Ages Served: Infants Toddlers Preschool School-Age","Maximum number of school age children is ten.","Services: Day Program","Minnesota Department of Human Services","02/07/2024","01/01/2026","12/31/2026","   ","",
"1118306","Child Care Center","Learning Explorers Childcare Ramsey LLC","6015 167th Ave NW","","","Ramsey","MN","55303-3783","Anoka","(763) 453-7184","Active","Learning Explorers Childcare Ramsey LLC","168","Ages Served: Infants Toddlers Preschool School-Age","None","Services: Day Program","Minnesota Department of Human Services","04/10/2023","01/01/2026","12/31/2026","   ","",
"801369","Child Care Center","Learning Ladder Preschool","426 W Cavour Ave","","","Fergus Falls","MN","56537     ","Otter Tail","","Active","Church of Our Lady of Victory","20 ","Ages Served: Preschool","None","Services: Day Program","Minnesota Department of Human Services","09/01/1986","01/01/2026","12/31/2026","   ","",
"1061326","Child Care Center","Learning Tree Child Development Center LLC","1168 Main St S","","","Sauk Centre","MN","56378-1653","Stearns","(320) 351-8733","Active","Learning Tree Child Development Center, LLC","67 ","Ages Served: Infants Toddlers Preschool School-Age","None","Services: Day Program","Minnesota Department of Human Services","04/16/2012","01/01/2026","12/31/2026","   ","",
"1095899","Child Care Center","Learning Tree Childcare Center, The","321 S Birch Ave","","","Hallock","MN","56728-4169","Kittson","","Active","Grace Evangelical Lutheran Church of Hallock, Minnesota","35 ","Ages Served: Infants Toddlers Preschool","Maximum number of toddler aged children in the Preschool Classroom is 10.","Services: Day Program","Minnesota Department of Human Services","07/27/2020","01/01/2026","12/31/2026","   ","",
"1015142","Child Care Center","Learning Tree Development","1701 W Old Shakopee Rd Ste 8","","","Bloomington","MN","55431-3025","Hennepin","(952) 881-5801","Active","Learning Tree Development Center","38 ","Ages Served: Infants Toddlers Preschool School-Age","None","Services: Day Program","Minnesota Department of Human Services","01/14/2002","01/01/2026","12/31/2026","   ","",
"807904","Child Care Center","Legacy Christian Academy Preschool","3037 Bunker Lake Blvd NW","","","Andover","MN","55304-7807","Anoka","(763) 427-4595","Active","Legacy Christian Academy","60 ","Ages Served: Preschool School-Age","None","Services: Day Program","Minnesota Department of Human Services","08/20/1994","01/01/2026","12/31/2026","   ","",
"831021","Child Care Center","LeSueur Nursery School, Inc.","812 S 6th St","","","Le Sueur","MN","56058-2247","Le Sueur","(507) 665-2028","Active","Le Sueur Nursery School, Inc.","20 ","Ages Served: Preschool","None","Services: Day Program","Minnesota Department of Human Services","03/16/1999","01/01/2026","12/31/2026","   ","",
"1018081","Child Care Center","Lexington Kids Christian Child Care","701 Lexington Pkwy N","","","Saint Paul","MN","55104-2000","Ramsey","(651) 646-6484","Active","Avenue Kids, LLC","179","Ages Served: Infants Toddlers Preschool School-Age","None","Services: Day Program","Minnesota Department of Human Services","07/10/2002","01/01/2026","12/31/2026","   ","",
"802642","Child Care Center","Li'l Lumberjacks' Learning Center","707 Highway 33 S","Suite 20","","Cloquet","MN","55720-2696","Carlton","(218) 878-0774","Active","Cloquet Public School District 0094-01","55 ","Ages Served: Infants Toddlers Preschool School-Age","None","Services: Day Program","Minnesota Department of Human Services","09/10/1990","01/01/2026","12/31/2026","   ","",
"1054888","Child Care Center","Li'l Thunder Learning Center ISD#94 Com Ed","2101 14th St","","","Cloquet","MN","55720-2964","Carlton","(218) 879-0830","Active","Cloquet Public School District 0094-01","34 ","Ages Served: Toddlers Preschool","None","Services: Day Program","Minnesota Department of Human Services","09/01/2009","01/01/2026","12/31/2026","   ","",
"2001625","Child Care Center","Lido Childcare Center LLC","200 W Lake St Ste 406","Suite 406","","Minneapolis","MN","55408     ","Hennepin","(612) 545-7256","Active","Lido Childcare Center LLC","49 ","Ages Served: Infant;Toddler;Preschool;School Age","None","Services: Day Program","Minnesota Department of Human Services","09/09/2025","01/01/2026","12/31/2026","   ","",
"1040488","Child Care Center","Life In Christ Lutheran Preschool","5015 Main Ave NE","","","Albertville","MN","55301-9749","Wright","(763) 497-5174","Active","Life in Christ Lutheran Church","20 ","Ages Served: Preschool","None","Services: Day Program","Minnesota Department of Human Services","08/18/2006","01/01/2026","12/31/2026","   ","",
"1080452","Child Care Center","Life Time","2901 Corporate Pl","","","Chanhassen","MN","55317-4560","Carver","(952) 380-0303","Active","LTF Club Operations Company, Inc.","120","Ages Served: School-Age","None","Services: Day Program","Minnesota Department of Human Services","06/06/2016","01/01/2026","12/31/2026","   ","",
"2001642","Child Care Center","Life Time","14290 Akron Ave","","","Rosemount","MN","55068     ","Dakota","(952) 947-0000","Active","LTF Club Operations Company, Inc.","50 ","Ages Served: School Age","None","Services: Day Program, School-age Child Care Program","Minnesota Department of Human Services","06/09/2025","01/01/2026","12/31/2026","   ","",
"2000166","Child Care Center","Life Time","6544 Loftus Ln W","","","Savage","MN","55378     ","Scott","(952) 226-1222","Active","LTF Club Operations Company, Inc.","60 ","Ages Served: School Age","None","Services: Day Program, School-age Child Care Program","Minnesota Department of Human Services","06/10/2024","01/01/2026","12/31/2026","   ","",
"1102024","Child Care Center","Life Time Edina","250 Southdale Ctr","","","Edina","MN","55435-7000","Hennepin","(952) 257-7100","Active","LTF Club Operations Company, Inc.","100","Ages Served: School-Age","None","Services: Day Program","Minnesota Department of Human Services","02/24/2020","01/01/2026","12/31/2026","   ","",
"1081031","Child Care Center","Life Time Fitness Crosstown","6233 Baker Rd","","","Eden Prairie","MN","55346     ","Hennepin","(952) 943-4600","Active","LTF Club Operations Company, Inc.","100","Ages Served: School-Age","This location operates on school release days.","Services: Day Program","Minnesota Department of Human Services","06/06/2016","01/01/2026","12/31/2026","   ","",
"1081035","Child Care Center","Life Time Fitness Eagan","1565 Thomas Center Dr","","","Eagan","MN","55122-2642","Dakota","(651) 688-3000","Active","LTF Club Operations Company, Inc.","125","Ages Served: School-Age","Per local fire inspector, maximum capacity for this room is 11.; Per local fire inspector, maximum capacity for this room is 143.; Per local fire inspector, the maximum capacity for this room is 161.; This location operates on school release days.","Services: Day Program","Minnesota Department of Human Services","06/13/2016","01/01/2026","12/31/2026","   ","",
"1081037","Child Care Center","Life Time Fitness Eden Prairie","755 Prairie Center Dr","","","Eden Prairie","MN","55344-5363","Hennepin","(952) 829-8400","Active","LTF Club Operations Company, Inc.","130","Ages Served: School-Age","This location operates on school release days.","Services: Day Program","Minnesota Department of Human Services","06/13/2016","01/01/2026","12/31/2026","   ","",
"1081040","Child Care Center","Life Time Fitness Fridley","1200 Moore Lake Dr E","","","Fridley","MN","55432     ","Anoka","(763) 656-1500","Active","LTF Club Operations Company, Inc.","100","Ages Served: School-Age","This location operates on school release days.","Services: Day Program","Minnesota Department of Human Services","06/13/2016","01/01/2026","12/31/2026","   ","",
"1081043","Child Care Center","Life Time Fitness Lakeville","18425 Dodd Blvd","","","Lakeville","MN","55044-9019","Dakota","(952) 985-8800","Active","LTF Club Operations Company, Inc.","138","Ages Served: School-Age","This location operates on school release days.","Services: Day Program","Minnesota Department of Human Services","06/08/2016","01/01/2026","12/31/2026","   ","",
"1081046","Child Care Center","Life Time Fitness Plymouth","3600 Plymouth Blvd","","","Plymouth","MN","55446-3201","Hennepin","(763) 509-0909","Active","LTF Club Operations Company, Inc.","229","Ages Served: School-Age","This location operates on school release days.","Services: Day Program","Minnesota Department of Human Services","06/13/2016","01/01/2026","12/31/2026","   ","",
"1081051","Child Care Center","Life Time Fitness St Louis Park","5525 Cedar Lake Rd S","","","Saint Louis Park","MN","55416-1420","Hennepin","(952) 546-5474","Active","LTF Club Operations Company, Inc.","100","Ages Served: School-Age","This location operates on school release days.; May only use when Kids Academy  (non-licensed) program is not open.","Services: Day Program","Minnesota Department of Human Services","06/08/2016","01/01/2026","12/31/2026","   ","",
"1081052","Child Care Center","Life Time Fitness White Bear Lake","4800 White Bear Pkwy","","","White Bear Lake","MN","55110-3345","Ramsey","(651) 292-2300","Active","LTF Club Operations Company, Inc.","100","Ages Served: School-Age","This location operates on school release days.","Services: Day Program","Minnesota Department of Human Services","06/13/2016","01/01/2026","12/31/2026","   ","",
"2002000","Child Care Center","LIghtbridge Academy of Champlin","11930 Business Park Blvd N","","","Champlin","MN","55316     ","Hennepin","(732) 947-7163","Active","LA Ramsey LLC","146","Ages Served: Infants Toddlers Preschool","None","Services: Day Program, Drop-in Child Care Program","Minnesota Department of Human Services","02/18/2026","02/18/2026","12/31/2026","   ","",
"2001997","Child Care Center","LIghtbridge Academy of Ramsey","14275 Saint Francis Blvd","","","Ramsey","MN","55303     ","Anoka","(763) 343-8916","Active","LA Ramsey LLC","146","Ages Served: Infants Toddlers Preschool","None","Services: Day Program, Drop-in Child Care Program","Minnesota Department of Human Services","03/23/2026","03/23/2026","12/31/2026","   ","",
"1061636","Child Care Center","Lighthouse Learning Academy LLC","19027 Proctor Rd NW","","","Elk River","MN","55330-2400","Sherburne","","Active","Lighthouse Learning LLC","118","Ages Served: Infants Toddlers Preschool School-Age","None","Services: Day Program","Minnesota Department of Human Services","01/01/2012","01/01/2026","12/31/2026","   ","",
"1084443","Child Care Center","Lil Bees Learning Center","1751 Bassett Dr","","","Mankato","MN","56001-6202","Blue Earth","(507) 720-8307","Active","Lil' Bee's Learning Center, LLC","100","Ages Served: Infants Toddlers Preschool","None","Services: Day Program","Minnesota Department of Human Services","03/13/2017","01/01/2026","12/31/2026","   ","",
"1119478","Child Care Center","Lil Explorers Childcare of Ramsey","14725 Ramsey Blvd NW","","","Ramsey","MN","55303-6009","Anoka","(763) 432-1913","Active","Cadence Education, LLC","188","Ages Served: Infants Toddlers Preschool School-Age","Maximum Number of school age in the PreK B classroom is thirty.","Services: Day Program","Minnesota Department of Human Services","01/02/2024","01/01/2026","12/31/2026","   ","",
"1113172","Child Care Center","Lil' Explorer Childcare of St. Michael","4123 Oakwood Pkwy NE","","","Saint Michael","MN","55376-1503","Wright","(763) 497-1029","Active","Cadence Education, LLC","209","Ages Served: Infants Toddlers Preschool School-Age","None","Services: Day Program","Minnesota Department of Human Services","08/15/2022","01/01/2026","12/31/2026","   ","",
"1113167","Child Care Center","Lil' Explorers Childcare of Andover","1485 Bunker Lake Blvd NW","","","Andover","MN","55304-4006","Anoka","(763) 205-1757","Active","Cadence Education, LLC","142","Ages Served: Infants Toddlers Preschool School-Age","None","Services: Day Program","Minnesota Department of Human Services","08/15/2022","01/01/2026","12/31/2026","   ","",
"1113169","Child Care Center","Lil' Explorers Childcare of Buffalo","705 Highway 55 E","","","Buffalo","MN","55313-1705","Wright","(763) 682-4253","Active","Cadence Education, LLC","207","Ages Served: Infants Toddlers Preschool School-Age","Maximum number of toddler aged children in the program is 61.","Services: Day Program","Minnesota Department of Human Services","08/15/2022","01/01/2026","12/31/2026","   ","",
"1113170","Child Care Center","Lil' Explorers Childcare of Otsego","8670 Parsons Ave NE","","","Otsego","MN","55330-6605","Wright","(763) 276-1761","Active","Cadence Education, LLC","181","Ages Served: Infants Toddlers Preschool School-Age","None","Services: Day Program","Minnesota Department of Human Services","08/15/2022","01/01/2026","12/31/2026","   ","",
"1113171","Child Care Center","Lil' Explorers Childcare of Rogers","21830 S Diamond Lake Rd","","","Rogers","MN","55374-4641","Hennepin","(763) 428-1140","Active","Cadence Education, LLC","223","Ages Served: Infants Toddlers Preschool School-Age","None","Services: Day Program","Minnesota Department of Human Services","08/15/2022","01/01/2026","12/31/2026","   ","",
"1117768","Child Care Center","Lil' Explorers Childcare, Albertville","5702 Lachman Ave NE","","","Albertville","MN","55301-3959","Wright","(763) 432-1912","Active","Cadence Education, LLC","183","Ages Served: Infants Toddlers Preschool School-Age","Maximum number of toddler aged children in the Early Preschool B room is 6.","Services: Day Program","Minnesota Department of Human Services","08/14/2023","01/01/2026","12/31/2026","   ","",
"1114585","Child Care Center","Lil' Explorers Childcare, Prior Lake","3880 Fountain Hills Dr NW","","","Prior Lake","MN","55372-2833","Scott","(763) 432-1914","Active","Cadence Education, LLC","180","Ages Served: Infants Toddlers Preschool School-Age","None","Services: Day Program","Minnesota Department of Human Services","10/24/2022","01/01/2026","12/31/2026","   ","",
"800662","Child Care Center","Lincoln Community Center Mankato ABE","110 Fulton St","","","Mankato","MN","56001-2520","Blue Earth","(507) 345-5222","Active","Mankato Public School District 0077-01","50 ","Ages Served: Toddlers Preschool","None","Services: Day Program","Minnesota Department of Human Services","01/11/1989","09/02/2026","12/31/2026","   ","",
"1060492","Child Care Center","Linden Hills Child Care Center","4201 Sheridan Ave S","","","Minneapolis","MN","55410-1618","Hennepin","(612) 922-4501","Active","Linden Hills Child Care Co","81 ","Ages Served: Infants Toddlers Preschool","None","Services: Day Program","Minnesota Department of Human Services","01/01/2012","01/01/2026","12/31/2026","   ","",
"800299","Child Care Center","Lindgren Early Learning Center, ECC122 St. Cloud State University","720 4th Ave S","","","Saint Cloud","MN","56301-4442","Stearns","(320) 308-3296","Closed as of 05/16/2026","Minnesota State Colleges and Universities - St. Cloud","57 ","Ages Served: Infants Toddlers Preschool School-Age","None","Services: Day Program","Minnesota Department of Human Services","09/01/1988","01/01/2026","12/31/2026","   ","",
"1115325","Child Care Center","Linkage Childcare","4653 Chicago Ave","","","Minneapolis","MN","55407-3512","Hennepin","(612) 584-3672","Active","Alatyr LLC","34 ","Ages Served: Infants Toddlers Preschool","None","Services: Day Program","Minnesota Department of Human Services","11/15/2022","01/01/2026","12/31/2026","   ","",
"1077140","Child Care Center","Listos Preschool & Childcare","1503 2nd Ave NE","","","Rochester","MN","55906-4165","Olmsted","(507) 226-8490","Active","Peace United Church of Christ","45 ","Ages Served: Preschool School-Age","None","Services: Day Program","Minnesota Department of Human Services","09/01/2015","01/01/2026","12/31/2026","   ","",
"2000173","Child Care Center","Lit'l Campers Learning Center","26070 4th St W","","","Zimmerman","MN","55398     ","Sherburne","","Active","Bachman LLC","85 ","Ages Served: Infants Toddlers Preschool","None","Services: Day Program, School-age Child Care Program","Minnesota Department of Human Services","05/30/2024","01/01/2026","12/31/2026","   ","",
"1034546","Child Care Center","Lit'l Sprouts Child Care Center Inc","404 Whiskey Rd NW Ste C","","","Isanti","MN","55040-8078","Isanti","(763) 444-5303","Active","Lit'l Sprouts Child Care Center Inc.","90 ","Ages Served: Infants Toddlers Preschool School-Age","None","Services: Day Program","Minnesota Department of Human Services","05/16/2005","01/01/2026","12/31/2026","   ","",
"1086834","Child Care Center","Lit'l Sprouts Childcare Center of St Francis","23256 Saint Francis Blvd NW","","","Saint Francis","MN","55070-9804","Anoka","(763) 753-5010","Active","Lit'l Sprouts Child Care Center of St. Francis, Inc.","113","Ages Served: School Age","None","Services: Day Program","Minnesota Department of Human Services","07/20/2017","01/01/2026","12/31/2026","   ","",
"830654","Child Care Center","Litchfield Head Start Center","307 E 6th St","","","Litchfield","MN","55355-1808","Meeker","(320) 693-3645","Active","United Community Action Partnership, Inc.","40 ","Ages Served: Preschool","None","Services: Day Program","Minnesota Department of Human Services","03/26/1998","01/01/2026","12/31/2026","   ","",
"2001723","Child Care Center","Little Acorns","2060 W Wayzata Blvd","","","Orono","MN","55356     ","Hennepin","(952) 475-0828","Active","Nourish Care Group Inc.","97 ","Ages Served: Infant;Toddler;Preschool","None","Services: Day Program, School-age Child Care Program","Minnesota Department of Human Services","06/27/2025","01/01/2026","12/31/2026","   ","",
"830786","Child Care Center","Little Angel Pre-School","31075 Genesis Ave","","","Stacy","MN","55079-9416","Chisago","(612) 287-2402","Active","St. John's Evangelical Lutheran Church of Stacy, Minnesota","27 ","Ages Served: Preschool","None","Services: Day Program","Minnesota Department of Human Services","09/09/1998","01/01/2026","12/31/2026","   ","",
"1048704","Child Care Center","Little B's Child Care Center","3690 County Road 13","","","Barnum","MN","55707-9696","Carlton","(218) 403-0578","Active","Little B's Learning Center L. L. C.","73 ","Ages Served: Infants Toddlers Preschool School-Age","None","Services: Day Program","Minnesota Department of Human Services","10/05/2007","01/01/2026","12/31/2026","   ","",
"831066","Child Care Center","Little Beginnings Learning Center","12140 120th St S","","","Hastings","MN","55033-9428","Washington","","Active","Little Beginnings Learning Center, Inc.","137","Ages Served: Infants Toddlers Preschool School-Age","None","Services: Day Program","Minnesota Department of Human Services","04/19/1999","01/01/2026","12/31/2026","   ","",
"2000153","Child Care Center","Little Blessings Daycare","325 S Birch St","","","Waconia","MN","55387     ","Carver","(952) 212-7359","Active","Little Blessings Daycare L.L.C.","59 ","Ages Served: Infant;Toddler;Preschool;School Age","Maximum number of Infants or Toddlers in the Older Infant Room is 8.; Maximum number of Toddlers or Preschool in the Toddler Room is 21.; Maximum number of Preschool or School Age in the Preschool/School Age Room is 22.","Services: Day Program","Minnesota Department of Human Services","08/05/2024","01/01/2026","12/31/2026","   ","",
"1042530","Child Care Center","Little Blessings Preschool Inc.","106 W 8th St","","","Madison","MN","56256-1543","Lac Qui Parle","(320) 598-3630","Active","Little Blessings, Inc.","10 ","Ages Served: Preschool","None","Services: Day Program","Minnesota Department of Human Services","09/01/2006","01/01/2026","12/31/2026","   ","",
"1115532","Child Care Center","Little Chargers Child Care Center","344 8th St","","","Westbrook","MN","56183     ","Cottonwood","(507) 274-6111","Active","Westbrook-Walnut Grove Schools 2898-01","56 ","Ages Served: Infants Toddlers Preschool","None","Services: Day Program","Minnesota Department of Human Services","06/26/2023","01/01/2026","12/31/2026","   ","",
"1116447","Child Care Center","Little Cubs Hangout","310 Central Ave S","","","Bertha","MN","56437-1122","Todd","(218) 924-3272","Active","Bertha-Hewitt Public School District 0786-01","12 ","Ages Served: Toddlers","None","Services: Day Program","Minnesota Department of Human Services","09/07/2023","01/01/2026","12/31/2026","   ","",
"1117381","Child Care Center","Little Daisy's Preschool","1806 Washington Ave","","","Cloquet","MN","55720-2460","Carlton","(218) 879-4868","Active","Wood City LLC","61 ","Ages Served: Infants Toddlers Preschool School-Age","None","Services: Day Program","Minnesota Department of Human Services","05/16/2023","01/01/2026","12/31/2026","   ","",
"1080970","Child Care Center","Little Discoveries Learning Center","1100 32nd Ave S Ste 1","","","Moorhead","MN","56560-5024","Clay","(218) 512-2111","Active","Little Discoveries Learning Center L. L. C.","138","Ages Served: Infants Toddlers Preschool School-Age","None","Services: Day Program","Minnesota Department of Human Services","05/01/2017","01/01/2026","12/31/2026","   ","",
"1092652","Child Care Center","Little Eagles Childcare LLC","417 2nd St SW","","","Eyota","MN","55934-9755","Olmsted","(507) 799-0200","Active","Little Eagles Childcare Center, LLC","94 ","Ages Served: Infants Toddlers Preschool School-Age","None","Services: Day Program","Minnesota Department of Human Services","06/04/2018","01/01/2026","12/31/2026","   ","",
"1096861","Child Care Center","Little Eagles Daycare","316 W 4th St","","","Madison","MN","56256-1406","Lac Qui Parle","(320) 698-3161","Active","Lac qui Parle Valley School District 2853-01","75 ","Ages Served: Infants Toddlers Preschool","None","Services: Day Program","Minnesota Department of Human Services","02/13/2019","01/01/2026","12/31/2026","   ","",
"801394","Child Care Center","Little Esko Lutheran Preschool","4 Elizabeth Ave","","","Esko","MN","55733-9630","Carlton","(218) 879-3510","Active","St. Matthews Lutheran Church","20 ","Ages Served: Preschool","None","Services: Day Program","Minnesota Department of Human Services","10/21/1974","01/01/2026","12/31/2026","   ","",
"1109598","Child Care Center","Little Explorers Child Care Center LLC","218 S Collins St","","","Ghent","MN","56239     ","Lyon","(507) 870-5101","Active","Little Explorers Child Care Center LLC","62 ","Ages Served: Infants Toddlers Preschool School-Age","None","Services: Day Program","Minnesota Department of Human Services","10/21/2021","01/01/2026","12/31/2026","   ","",
"2002486","Child Care Center","Little Explorers Child Care Center LLC","903 9th Street Cir","","","Minneota","MN","56264     ","Lyon","(507) 870-5100","Active","Little Explorers Child Care Center LLC","99 ","Ages Served: Infants Toddlers Preschool School-Age","Per the State Fire Marshal, the facility does not meet requirements, but may temporarily be occupied until October 5, 2026, pending completion of orders.","Services: Day Program","Minnesota Department of Human Services","08/17/2026","08/17/2026","12/31/2026","   ","",
"801395","Child Care Center","Little Falls Head Start","501 Lemieur St","","","Little Falls","MN","56345     ","Morrison","(320) 632-3691","Active","Tri-County Community Action Partnership, Inc.","108","Ages Served: Infants Toddlers Preschool","None","Services: Day Program","Minnesota Department of Human Services","12/01/1971","01/01/2026","12/31/2026","   ","",
"810734","Child Care Center","Little Flowers Montessori School","4155 Zachary Ln N","","","Plymouth","MN","55441-1466","Hennepin","(763) 559-5843","Active","Little Flowers Montessori Inc.","74 ","Ages Served: Toddlers Preschool School-Age","Maximum number of school age children in Casa 1, 2 and 3 is 12.","Services: Day Program","Minnesota Department of Human Services","09/06/1996","01/01/2026","12/31/2026","   ","",
"2000226","Child Care Center","Little Flyers Child Care","300 6th St SW","","","Little Falls","MN","56345     ","Morrison","","Active","Little Falls Public School District 0482-01","90 ","Ages Served: Infant;Toddler;Preschool","None","Services: Day Program","Minnesota Department of Human Services","03/10/2025","01/01/2026","12/31/2026","   ","",
"1100230","Child Care Center","Little Folks Daycare","6226 Bass Lake Rd","","","Crystal","MN","55429-2702","Hennepin","(763) 533-0169","Active","LFD Corporation","83 ","Ages Served: Infants Toddlers Preschool School-Age","None","Services: Day Program","Minnesota Department of Human Services","01/02/2020","01/01/2026","12/31/2026","   ","",
"2000122","Child Care Center","Little Garden Montessori","759 County Road B E","","","Maplewood","MN","55117     ","Ramsey","(651) 253-6255","Active","Little Garden Montessori LLC","49 ","Ages Served: Infant;Toddler;Preschool","None","Services: Day Program","Minnesota Department of Human Services","09/09/2024","01/01/2026","12/31/2026","   ","",
"802266","Child Care Center","Little Giants","425 S Grove St","","","Blue Earth","MN","56013-2629","Faribault","(507) 526-5554","Active","Blue Earth Area School District 2860-01","72 ","Ages Served: Infants Toddlers Preschool","None","Services: Day Program","Minnesota Department of Human Services","11/21/1988","01/01/2026","12/31/2026","   ","",
"809720","Child Care Center","Little Huskies Learning Center","323 E 2nd St","","","Pillager","MN","56473-8057","Cass","(218) 746-2148","Active","Pillager Family Council","45 ","Ages Served: Preschool","None","Services: Day Program, Drop-in Child Care Program","Minnesota Department of Human Services","01/01/1999","01/01/2026","12/31/2026","   ","",
"1116123","Child Care Center","Little Huskies Learning Center","111 Torgerson Ln","","","Jackson","MN","56143-4000","Jackson","(507) 847-3355","Active","Little Huskies Learning Center","95 ","Ages Served: Infants Toddlers Preschool School-Age","None","Services: Day Program","Minnesota Department of Human Services","01/02/2023","01/01/2026","12/31/2026","   ","",
"1064448","Child Care Center","Little Inspirations Childcare Center","7059 10th St N","","","Oakdale","MN","55128-5938","Washington","(651) 730-0280","Active","Little Inspirations Child Care LLC","60 ","Ages Served: Infants Toddlers Preschool School-Age","None","Services: Day Program","Minnesota Department of Human Services","02/22/2013","01/01/2026","12/31/2026","   ","",
"2000072","Child Care Center","Little Keepers Childcare Center, LLC","312 W Lake St","Ste","","Minneapolis","MN","55408     ","Hennepin","(619) 677-8386","Active","Little Keepers Childcare Center, LLC","41 ","Ages Served: Infant;Toddler;Preschool;School Age","None","Services: Day Program","Minnesota Department of Human Services","11/11/2024","02/10/2026","12/31/2026","   ","",
"1105093","Child Care Center","Little Lakers Child Care Center","19404 510th Ave","","","Lake Crystal","MN","56055     ","Blue Earth","(507) 726-2031","Active","Little Lakers Child Care Center","90 ","Ages Served: Infants Toddlers Preschool School-Age","The Preschool/School Age 1 classroom is licensed for a combination of 25 preschool and school age children. The number of school age children should not exceed 15 children.","Services: Day Program","Minnesota Department of Human Services","10/12/2021","01/01/2026","12/31/2026","   ","",
"1035820","Child Care Center","Little Lakers Child Care Center","500 John St","","","Starbuck","MN","56381     ","Pope","","Closed as of 04/18/2026","Lakes Area Enrichment Center","102","Ages Served: Infants Toddlers Preschool School-Age","Toddler/Preschool Classroom Not To Exceed 14 Toddlers.","Services: Day Program","Minnesota Department of Human Services","09/19/2005","01/01/2026","12/31/2026","   ","",
"810865","Child Care Center","Little Lakers Montessori Preschool and Child Care, Inc.","4730 Dakota St SE","","","Prior Lake","MN","55372-1712","Scott","(952) 447-4161","Active","Little Lakers Montessori Pre-school, Inc.","49 ","Ages Served: Preschool School-Age","None","Services: Day Program","Minnesota Department of Human Services","10/01/1996","01/01/2026","12/31/2026","   ","",
"1081112","Child Care Center","Little Lambs at Most Holy Redeemer Catholic School","205 Vine Ave W","","","Montgomery","MN","56069     ","Le Sueur","(507) 364-7383","Active","The Church of the Most Holy Redeemer of Montgomery, Minnesota","20 ","Ages Served: Preschool School-Age","Per fire inspector, room 104 can only have up to 9 children at a time due to only one exit.","Services: Day Program","Minnesota Department of Human Services","09/06/2016","01/01/2026","12/31/2026","   ","",
"1002647","Child Care Center","Little Lambs Christian Learning Center","1103 School St NW","","","Elk River","MN","55330     ","Sherburne","","Active","The Central Lutheran Church of Elk River, Minnesota","162","Ages Served: Infants Toddlers Preschool School-Age","Per State Fire Marshal, not to exceed110 children under 2.5 years of age.
Per State Fire Marshal, not to exceed 150 children over 2.5 years of age","Services: Day Program","Minnesota Department of Human Services","01/01/2000","03/24/2026","12/31/2026","   ","",
"1063123","Child Care Center","Little Lambs Learning Center","802 Maple Grove Rd","","","Duluth","MN","55811     ","St. Louis","(218) 591-5262","Active","Shepherd of the Hills Lutheran Church","57 ","Ages Served: Toddlers Preschool School-Age","None","Services: Day Program","Minnesota Department of Human Services","09/06/2012","01/01/2026","12/31/2026","   ","",
"801401","Child Care Center","Little Lambs Preschool","427 W Mulberry St","","","Saint Peter","MN","56082     ","Nicollet","(507) 931-1866","Active","Saint Peter Evangelical Lutheran Church","20 ","Ages Served: Preschool","None","Services: Day Program","Minnesota Department of Human Services","09/01/1980","01/01/2026","12/31/2026","   ","",
"1099717","Child Care Center","Little Lambs Preschool","1001 Holley Ave","","","Saint Paul Park","MN","55071-1421","Washington","(651) 459-3021","Active","St. Andrews Evangelical Lutheran Church, St. Paul Park, Minnesota","10 ","Ages Served: Preschool","None","Services: Day Program","Minnesota Department of Human Services","09/09/2020","01/01/2026","12/31/2026","   ","",
"1019500","Child Care Center","Little Lambs Preschool St John Lutheran Church","803 N Cedar St","","","Luverne","MN","56156-1320","Rock","(507) 283-2316","Active","St. John Evangelical Lutheran Church of Luverne, Minnesota","20 ","Ages Served: Preschool","No PM classes on Tuesday or Thursday until January each school year.","Services: Day Program","Minnesota Department of Human Services","09/20/2002","01/01/2026","12/31/2026","   ","",
"1077738","Child Care Center","Little Learners Academy LLC","1405 Broadway St Ste B","","","Alexandria","MN","56308-3014","Douglas","(320) 763-4927","Active","Little Learners Academy L. L. C.","74 ","Ages Served: Infants Toddlers Preschool School-Age","None","Services: Day Program","Minnesota Department of Human Services","09/28/2015","01/01/2026","12/31/2026","   ","",
"1081748","Child Care Center","Little Learners Child Care","50 Chestnut St E","","","Annandale","MN","55302-1131","Wright","","Active","Little Learner's Child Care Annandale LLC","116","Ages Served: Infants Toddlers Preschool School-Age","Not To Exceed 101 Infant/Toddler/Preschool","Services: Day Program","Minnesota Department of Human Services","08/22/2016","01/01/2026","12/31/2026","   ","",
"1067369","Child Care Center","Little Learners LLC","201 9th St W Ste 3","","","Ada","MN","56510-1262","Norman","","Active","Little Learners LLC","42 ","Ages Served: Toddlers Preschool School-Age","Maximum number of school age children in the Preschool / School Age Room is 8.","Services: Day Program","Minnesota Department of Human Services","01/02/2014","01/01/2026","12/31/2026","   ","",
"2001675","Child Care Center","Little Learners Lullaby","317 W Main St","","","Ada","MN","56510     ","Norman","(218) 784-5761","Active","Little Learners LLC","16 ","Ages Served: Infants","None","Services: Day Program","Minnesota Department of Human Services","04/07/2025","01/01/2026","12/31/2026","   ","",
"805938","Child Care Center","Little Learners' Enrichment Center","714 W College St","","","Duluth","MN","55811-4906","St. Louis","(218) 724-8815","Active","Northwood Children's Home Society, Inc.","16 ","Ages Served: Toddlers Preschool","None","Services: Day Program","Minnesota Department of Human Services","05/17/1993","01/01/2026","12/31/2026","   ","",
"1109754","Child Care Center","Little Learners, Westview","133 4th Ave E","","","Halstad","MN","56548-4114","Norman","","Active","Little Learners LLC","50 ","Ages Served: Infants Toddlers Preschool School-Age","None","Services: Day Program","Minnesota Department of Human Services","01/24/2022","01/01/2026","12/31/2026","   ","",
"1087747","Child Care Center","Little Learning Academy","7600 Humboldt Ave N","","","Brooklyn Park","MN","55444-2505","Hennepin","(763) 231-5119","Active","The Pollard Group, LLC","64 ","Ages Served: Infants Toddlers Preschool School-Age","None","Services: Day Program","Minnesota Department of Human Services","09/18/2017","01/01/2026","12/31/2026","   ","",
"1106064","Child Care Center","Little Mariners Child Care Center","137 Banks Blvd","","","Silver Bay","MN","55614     ","Lake","(218) 226-4437","Active","Lake Superior Public School District 0381-01","52 ","Ages Served: Infants Toddlers Preschool","None","Services: Day Program","Minnesota Department of Human Services","01/11/2021","01/01/2026","12/31/2026","   ","",
"810216","Child Care Center","Little Munchkins, Inc.","5280 Main St E","","","Maple Plain","MN","55359-9695","Hennepin","(763) 479-2788","Active","Little Munchkins, Inc.","80 ","Ages Served: Infants Toddlers Preschool School-Age","None","Services: Day Program","Minnesota Department of Human Services","05/10/1996","01/01/2026","12/31/2026","   ","",
"1111716","Child Care Center","Little Newtons","6900 W Fish Lake Rd","","","Maple Grove","MN","55311     ","Hennepin","","Active","Little Newtons Operating, LLC","123","Ages Served: Infants Toddlers Preschool","None","Services: Day Program","Minnesota Department of Human Services","01/01/2023","01/01/2026","12/31/2026","   ","",
"2001822","Child Care Center","Little Nuggets Childcare Center - West","22903 Ambassador Blvd NW","","","Saint Francis","MN","55070     ","Anoka","(763) 452-0177","Active","Little Nuggets Childcare Center LLC","38 ","Ages Served: Infant;Toddler;Preschool","None","Services: Day Program","Minnesota Department of Human Services","09/15/2025","01/01/2026","12/31/2026","   ","",
"1111083","Child Care Center","Little Nuggets Childcare Center LLC","3220 Bridge St NW Ste 105","","","Saint Francis","MN","55070-8631","Anoka","(763) 452-0150","Active","Little Nuggets Childcare Center LLC","50 ","Ages Served: Infants Toddlers Preschool","None","Services: Day Program","Minnesota Department of Human Services","11/29/2021","01/01/2026","12/31/2026","   ","",
"1029615","Child Care Center","Little People Learning Center","31099 Edgewater Farm Dr","","","Breezy Point","MN","56472     ","Crow Wing","","Active","Little People Learning Center, Inc.","95 ","Ages Served: Infants Toddlers Preschool School-Age","None","Services: Day Program","Minnesota Department of Human Services","06/14/2004","01/01/2026","12/31/2026","   ","",
"2001596","Child Care Center","Little Pine Academy","43242 State Highway 65","","","McGregor","MN","55760     ","Aitkin","(218) 429-2496","Active","Little Pine Academy LLC","42 ","Ages Served: Infant;Toddler;Preschool;School Age","None","Services: Day Program","Minnesota Department of Human Services","04/15/2025","01/01/2026","12/31/2026","   ","",
"1041563","Child Care Center","Little Puzzlers Child Care Center, Inc.","1805 Quarry Rd","","","Saint Cloud","MN","56301-4753","Stearns","(320) 258-7000","Active","Little Puzzlers Childcare Center, Inc.","74 ","Ages Served: Infants Toddlers Preschool School-Age","None","Services: Day Program","Minnesota Department of Human Services","10/30/2006","01/01/2026","12/31/2026","   ","",
"1056006","Child Care Center","Little Rascals Learning Center Inc","1924 N Franklin St","","","New Ulm","MN","56073-1008","Brown","(507) 354-1587","Active","Little Rascals Learning Center Inc","118","Ages Served: Infants Toddlers Preschool School-Age","None","Services: Day Program","Minnesota Department of Human Services","03/01/2010","01/01/2026","12/31/2026","   ","",
"1112016","Child Care Center","Little Rebels LLC","255 2nd Ave SW","","","Wells","MN","56097     ","Faribault","(507) 525-8274","Active","Little Rebels LLC","62 ","Ages Served: Infants Toddlers Preschool School-Age","Per health inspector, food must be provided by parents or catered.; Basement is approved for children over the age of 2.5 years.","Services: Day Program","Minnesota Department of Human Services","05/03/2022","01/01/2026","12/31/2026","   ","",
"1039378","Child Care Center","Little Red Wagon","31426 125th St NW","","","Princeton","MN","55371-3328","Sherburne","(763) 389-5560","Active","AB Bohlman, Inc.","83 ","Ages Served: Infants Toddlers Preschool School-Age","No more than 20 schoolagers combined with Preschool, Max of 50.","Services: Day Program","Minnesota Department of Human Services","01/11/2006","01/01/2026","12/31/2026","   ","",
"1017249","Child Care Center","Little Red Wagon Child Care Center","10964 Baltimore St NE","","","Blaine","MN","55449-4601","Anoka","(763) 786-8088","Active","AB Bohlman, Inc.","80 ","Ages Served: Infants Toddlers Preschool School-Age","None","Services: Day Program","Minnesota Department of Human Services","06/19/2002","01/01/2026","12/31/2026","   ","",
"1107251","Child Care Center","Little Red Wagon Child Care Center","105 NE 5th St","","","Cohasset","MN","55721-9648","Itasca","(218) 327-5793","Active","AB Bohlman, Inc.","84 ","Ages Served: Infant;Toddler;Preschool;School Age","None","Services: Day Program","Minnesota Department of Human Services","04/05/2021","01/01/2026","12/31/2026","   ","",
"1103172","Child Care Center","Little Red Wagon Child Care Center","501 Henrietta Ave S","","","Park Rapids","MN","56470-2056","Hubbard","(218) 237-4321","Active","AB Bohlman, Inc.","46 ","Ages Served: Infants Toddlers Preschool","None","Services: Day Program","Minnesota Department of Human Services","10/22/2020","01/01/2026","12/31/2026","   ","",
"2000178","Child Care Center","Little Rubies","361 290th Ave","","","Pemberton","MN","56078     ","Waseca","(605) 351-9781","Active","Little Rubies Inc.","62 ","Ages Served: Preschool School-Age","The program has Temporary Fire Approval to use the new lunch room until construction of the kitchen is complete. All areas except the kitchen are complete and pass CO and are occupiable by staff and kids.","Services: Day Program","Minnesota Department of Human Services","09/16/2024","01/01/2026","12/31/2026","   ","",
"1056536","Child Care Center","Little Saints Academy LLC","124 1st Ave SE","","","Saint Joseph","MN","56374     ","Stearns","(320) 557-0123","Active","Little Saints Academy, LLC","183","Ages Served: Infants Toddlers Preschool School-Age","None","Services: Day Program","Minnesota Department of Human Services","02/10/2010","01/01/2026","12/31/2026","   ","",
"1054866","Child Care Center","Little Saints Preschool","8201 Main St","","","Chanhassen","MN","55317-9647","Carver","(952) 934-6003","Active","The Church of Saint Hubert of Chanhassen, Minn.","137","Ages Served: Toddlers Preschool","None","Services: Day Program","Minnesota Department of Human Services","03/22/2010","01/01/2026","12/31/2026","   ","",
"1065166","Child Care Center","Little Saints Preschool","428 Irving Ave NW","","","Elk River","MN","55330     ","Sherburne","(763) 441-2216","Active","The Church of St. Andrew","40 ","Ages Served: Preschool","None","Services: Day Program","Minnesota Department of Human Services","07/24/2013","01/01/2026","12/31/2026","   ","",
"1099032","Child Care Center","Little Saints Preschool","320 5th Ave SE","","","Melrose","MN","56352-1430","Stearns","(320) 256-4257","Active","The Church of St. Mary of Melrose","64 ","Ages Served: Preschool","None","Services: Day Program","Minnesota Department of Human Services","09/16/2019","04/27/2026","12/31/2026","   ","",
"2001639","Child Care Center","Little Saints Preschool at St Joseph Catholic STEM School","41 E 1st St","","","Waconia","MN","55387     ","Carver","(952) 442-4500","Active","Saint Joseph Catholic STEM School","74 ","Ages Served: Toddlers Preschool","None","Services: Day Program","Minnesota Department of Human Services","06/24/2025","01/01/2026","12/31/2026","   ","",
"1119092","Child Care Center","Little Scholars Academy LLC","550 Wilson Ave","","","Faribault","MN","55021     ","Rice","(612) 438-4984","Active","Little Scholars Academy LLC","56 ","Ages Served: Infants Toddlers Preschool School-Age","No more than 68 total occupants including staff and children may be in the building at one time.","Services: Day Program","Minnesota Department of Human Services","07/31/2023","07/02/2026","12/31/2026","   ","",
"2000265","Child Care Center","Little Sparks Montessori","3244 34th Ave S","","","Minneapolis","MN","55406     ","Hennepin","(612) 388-0725","Active","Little Sparks LLC","25 ","Ages Served: Preschool","None","Services: School-age Child Care Program","Minnesota Department of Human Services","08/26/2024","01/01/2026","12/31/2026","   ","",
"1063118","Child Care Center","Little Sprouts Childcare & Preschool Inc","1123 Weir Dr","","","Woodbury","MN","55125     ","Washington","(651) 735-9124","Active","Little Sprouts","181","Ages Served: Toddlers Preschool School-Age","None","Services: Day Program","Minnesota Department of Human Services","08/09/2012","01/01/2026","12/31/2026","   ","",
"1080534","Child Care Center","Little Sprouts Learning Center","300 S McKinley St","","","Warren","MN","56762     ","Marshall","","Active","Kidzone, Inc.","92 ","Ages Served: Infant;Toddler;Preschool;School Age","None","Services: Day Program","Minnesota Department of Human Services","04/03/2017","01/01/2026","12/31/2026","   ","",
"1115945","Child Care Center","Little Sprouts LLC","708 Parkway Ave","","","Eagle Lake","MN","56024-9759","Blue Earth","(507) 654-0155","Active","Little Sprouts LLC","62 ","Ages Served: Infants Toddlers Preschool School-Age","None","Services: Day Program","Minnesota Department of Human Services","11/08/2022","01/01/2026","12/31/2026","   ","",
"1093458","Child Care Center","Little Stangs Learning Center","205 N Main St","","","Buffalo Lake","MN","55314     ","Renville","(320) 833-3999","Active","Buffalo Lake-Hector-Stewart Public Schools 2159-01","42 ","Ages Served: Infants Toddlers Preschool","None","Services: Day Program","Minnesota Department of Human Services","06/04/2018","06/02/2026","12/31/2026","   ","",
"1056699","Child Care Center","Little Stars","9400 Golden Valley Rd","","","Golden Valley","MN","55427-4305","Hennepin","(763) 458-0064","Active","Little Stars Kids Club, Inc.","20 ","Ages Served: Infants Toddlers Preschool","Maximum number of infants in the Infant / Toddler Classroom is 6.
Maximum number of infants on the infant side is 4.
Maximum number of children on the toddler side is 6.","Services: Day Program","Minnesota Department of Human Services","04/08/2010","06/03/2026","12/31/2026","   ","",
"1005235","Child Care Center","Little Stars Early Learning Center LLC","300 Madison Ave # L","","","Mankato","MN","56001-3300","Blue Earth","(507) 625-2141","Active","Little Stars Early Learning Center, LLC","132","Ages Served: Infants Toddlers Preschool","None","Services: Day Program","Minnesota Department of Human Services","08/29/2000","01/01/2026","12/31/2026","   ","",
"1100582","Child Care Center","Little Stars Learning Center","5356 Chicago Ave","","","Minneapolis","MN","55417-1734","Hennepin","(612) 275-0989","Active","Little Stars Learning Center L.L.C.","34 ","Ages Served: Toddlers Preschool","None","Services: Day Program","Minnesota Department of Human Services","01/06/2020","01/01/2026","12/31/2026","   ","",
"1077304","Child Care Center","Little Steps Childcare Center","906 Dale St N","","","Saint Paul","MN","55103-1514","Ramsey","(651) 348-2619","Active","Little Steps Childcare Center LLC","31 ","Ages Served: Infants Toddlers Preschool","None","Services: Day Program","Minnesota Department of Human Services","02/15/2016","01/01/2026","12/31/2026","   ","",
"1063183","Child Care Center","Little Victories","5595 Memorial Ave N Ste 2 # Attn","","","Oak Park Heights","MN","55082-1292","Washington","(651) 439-0799","Active","SMC Ventures Inc.","123","Ages Served: Infants Toddlers Preschool School-Age","None","Services: Day Program","Minnesota Department of Human Services","10/05/2012","01/01/2026","12/31/2026","   ","",
"1106051","Child Care Center","Little Village ELC","208 County Road 1 E","","","Dundas","MN","55019-4113","Rice","(507) 301-3780","Active","Little Village Early Learning Center LLC","38 ","Ages Served: Infants Toddlers Preschool","None","Services: Day Program","Minnesota Department of Human Services","04/12/2021","01/01/2026","12/31/2026","   ","",
"801425","Child Care Center","Little Voyageurs Montessori School Inc","825 51st Ave NE","","","Minneapolis","MN","55421-1747","Anoka","(763) 788-0889","Active","Little Voyageurs' Montessori School, Inc.","50 ","Ages Served: Preschool School-Age","None","Services: Day Program","Minnesota Department of Human Services","09/06/1985","01/01/2026","12/31/2026","   ","",
"1113113","Child Care Center","Little Wiggles, Big Giggles Child Care Center","21984 State Highway 15","","","Saint Augusta","MN","56301-9206","Stearns","(320) 249-1042","Active","Little Wiggles, Big Giggles, LLC","64 ","Ages Served: Infants Toddlers Preschool","None","Services: Day Program","Minnesota Department of Human Services","05/16/2022","01/01/2026","12/31/2026","   ","",
"2000218","Child Care Center","Little Willow Child Care Center","8121 County Highway 61","","","Willow River","MN","55795     ","Pine","(218) 428-9993","Active","Little Willow Child Care LLC","31 ","Ages Served: Infants Toddlers Preschool School-Age","Maximum number of infants over 12 months of age in the Infant/Toddler classroom is three.","Services: Day Program","Minnesota Department of Human Services","08/19/2024","01/01/2026","12/31/2026","   ","",
"1104431","Child Care Center","Living Word Childcare Center","3255 Spring St NE Ste 140","","","Minneapolis","MN","55413     ","Hennepin","(651) 842-8729","Active","Living Word Church and World Outreach Ministries","50 ","Ages Served: Infants Toddlers Preschool School-Age","None","Services: Day Program","Minnesota Department of Human Services","07/19/2021","01/01/2026","12/31/2026","   ","",
"1096921","Child Care Center","Long Prairie CentraCare","20 9th St SE","","","Long Prairie","MN","56347-1404","Todd","(320) 632-3691","Active","Tri-County Community Action Partnership, Inc.","16 ","Ages Served: Infants Toddlers","None","Services: Day Program","Minnesota Department of Human Services","01/21/2019","01/01/2026","12/31/2026","   ","",
"830820","Child Care Center","Long Prairie Head Start Early Childhood Family Center","205 2nd St S","","","Long Prairie","MN","56347-1353","Todd","(320) 732-6986","Active","Tri-County Community Action Partnership, Inc.","25 ","Ages Served: Preschool","None","Services: Day Program","Minnesota Department of Human Services","09/01/1998","01/01/2026","12/31/2026","   ","",
"830760","Child Care Center","Lord Of Life Preschool","14501 Nowthen Blvd NW","","","Ramsey","MN","55303     ","Anoka","(763) 427-1100","Active","Lord of Life Lutheran Church","60 ","Ages Served: Toddlers Preschool","None","Services: Day Program","Minnesota Department of Human Services","09/01/1998","01/01/2026","12/31/2026","   ","",
"2002263","Child Care Center","Loring Little Childcare Inc","1816 4th Ave S","","","Minneapolis","MN","55404     ","Hennepin","(612) 489-5460","Active","Loring Little Childcare Inc","62 ","Ages Served: Infants Toddlers Preschool School-Age","None","Services: Day Program","Minnesota Department of Human Services","06/15/2026","06/15/2026","12/31/2026","   ","",
"1096229","Child Care Center","Los Amiguitos De River Heights","6070 Cahill Ave","","","Inver Grove Heights","MN","55076-1522","Dakota","(651) 307-8870","Active","Los Amiguitos De River Heights LLC","49 ","Ages Served: Toddlers Preschool School-Age","None","Services: Day Program","Minnesota Department of Human Services","06/05/2019","01/01/2026","12/31/2026","   ","",
"2000237","Child Care Center","Los Peques LLC","519 Oak Grove St","","","Minneapolis","MN","55403     ","Hennepin","(952) 540-7744","Active","Los Peques, LLC","36 ","Ages Served: Infant;Toddler;Preschool","None","Services: Day Program, School-age Child Care Program","Minnesota Department of Human Services","02/25/2025","01/01/2026","12/31/2026","   ","",
"1118066","Child Care Center","Love & Care Childcare LLC","1230 Logan Ave N","","","Minneapolis","MN","55411     ","Hennepin","(612) 259-8586","Closed as of 05/02/2026","Love & Care Childcare LLC","83 ","Ages Served: Infants Toddlers Preschool School-Age","None","Services: Day Program","Minnesota Department of Human Services","05/24/2023","01/01/2026","12/31/2026","   ","",
"1085841","Child Care Center","Love and Learn Childcare Academy Inc","5801 Ridgewood Rd","","","Saint Cloud","MN","56303-1302","Stearns","(320) 774-2900","Active","Love and Learn Childcare Academy, Inc.","103","Ages Served: Infants Toddlers Preschool School-Age","None","Services: Day Program","Minnesota Department of Human Services","10/30/2017","01/01/2026","12/31/2026","   ","",
"831060","Child Care Center","Love To Grow On","6499 Lakota Trl","","","Lino Lakes","MN","55014-7006","Anoka","(763) 792-4428","Active","Love To Grow On","184","Ages Served: Infants Toddlers Preschool School-Age","None","Services: Day Program","Minnesota Department of Human Services","04/15/1999","01/01/2026","12/31/2026","   ","",
"1101101","Child Care Center","Lovely Child Care Center LLC","1520 24th Ave N","","","Saint Cloud","MN","56303-1304","Stearns","(320) 774-3400","Active","Lovely Child Care Center LLC","107","Ages Served: Infants Toddlers Preschool School-Age","None","Services: Day Program","Minnesota Department of Human Services","10/14/2019","07/01/2026","12/31/2026","   ","",
"809621","Child Care Center","Loving Arms Child Care Center","1101 Willmar Ave SW","","","Willmar","MN","56201-3068","Kandiyohi","(320) 235-7271","Active","Vinje Lutheran Church of Willmar","99 ","Ages Served: Infants Toddlers Preschool School-Age","None","Services: Day Program","Minnesota Department of Human Services","10/02/1995","01/01/2026","12/31/2026","   ","",
"1113454","Child Care Center","Loving Care Center Inc.","2505 5th Ave S","","","Minneapolis","MN","55404-4435","Hennepin","(952) 686-4637","Active","Loving Care Center Inc","80 ","Ages Served: Infants Toddlers Preschool School-Age","None","Services: Day Program","Minnesota Department of Human Services","06/29/2022","01/01/2026","12/31/2026","   ","",
"800907","Child Care Center","Loving Shepherd Early Learning Center","5501 Glenwood Ave","","","Golden Valley","MN","55422-5070","Hennepin","(763) 544-0590","Active","Golden Valley Lutheran Church","144","Ages Served: Infants Toddlers Preschool School-Age","None","Services: Day Program","Minnesota Department of Human Services","08/23/1989","01/01/2026","12/31/2026","   ","",
"1019635","Child Care Center","Loyola Preschool","145 Good Counsel Dr","","","Mankato","MN","56001-3146","Blue Earth","(507) 388-0600","Active","Mankato Area Catholic Schools, Inc.","80 ","Ages Served: Preschool","None","Services: Day Program","Minnesota Department of Human Services","10/11/2002","01/01/2026","12/31/2026","   ","",
"2000152","Child Care Center","LSS Early Learning Center East Side","1730 Old Hudson Rd","","","Saint Paul","MN","55106     ","Ramsey","(651) 969-2313","Active","Lutheran Social Service of Minnesota","61 ","Ages Served: Infants Toddlers Preschool","None","Services: Day Program","Minnesota Department of Human Services","10/07/2024","01/01/2026","12/31/2026","   ","",
"1109590","Child Care Center","LSS Early Learning Center University","709 University Ave W","","","Saint Paul","MN","55104     ","Ramsey","(651) 969-2313","Active","Lutheran Social Service of Minnesota","61 ","Ages Served: Infants Toddlers Preschool","None","Services: Day Program","Minnesota Department of Human Services","07/19/2021","01/01/2026","12/31/2026","   ","",
"2000245","Child Care Center","Lucky Charms Childcare & Preschool","877 Geneva Rd","","","Maple Lake","MN","55358     ","Wright","(612) 203-2555","Active","Lucky Charms Childcare & Preschool","97 ","Ages Served: Infants Toddlers Preschool School-Age","None","Services: Day Program","Minnesota Department of Human Services","12/16/2024","01/01/2026","12/31/2026","   ","",
"2001663","Child Care Center","Lucky Child Care LLC","525 Lowry Ave NE","","","Minneapolis","MN","55418     ","Hennepin","(612) 788-4188","Active","Lucky Child Care LLC","99 ","Ages Served: Infants Toddlers Preschool School-Age","None","Services: Day Program, School-age Child Care Program","Minnesota Department of Human Services","05/12/2025","01/14/2026","12/31/2026","   ","",
"1112078","Child Care Center","Luminary Montessori Preschool","3810 Lexington Ave S","","","Eagan","MN","55123-1545","Dakota","(651) 456-9464","Active","Tomorrow's Kids Montessori Preschool Inc.","30 ","Ages Served: Preschool","None","Services: Day Program","Minnesota Department of Human Services","06/13/2022","01/01/2026","12/31/2026","   ","",
"1088274","Child Care Center","Luthers Little Explorers","315 15th Ave N","","","South St Paul","MN","55075-1822","Dakota","(651) 457-1475","Active","Luther Memorial Lutheran Church","57 ","Ages Served: Infants Toddlers Preschool","None","Services: Day Program","Minnesota Department of Human Services","01/04/2018","01/01/2026","12/31/2026","   ","",
"2001921","Child Care Center","Lyndale Child Care Center Inc","6021 Lyndale Ave S","","","Minneapolis","MN","55419     ","Hennepin","(614) 625-2608","Active","Lyndale Child Care Center Inc","72 ","Ages Served: Infants Toddlers Preschool School-Age","None","Services: Day Program","Minnesota Department of Human Services","07/16/2026","07/16/2026","12/31/2026","   ","",
"801460","Child Care Center","Macalester Plymouth Preschool","1658 Lincoln Ave","","","Saint Paul","MN","55105-1949","Ramsey","(651) 698-5472","Active","Macalester Plymouth United Church","40 ","Ages Served: Preschool School-Age","School-age only allowed on license during summer months of June, July and August.; School-age allowed on license only during summer months, June, July and August.","Services: Day Program","Minnesota Department of Human Services","10/01/1966","01/01/2026","12/31/2026","   ","",
"801462","Child Care Center","MacDonald Montessori School","175 Western Ave S","","","Saint Paul","MN","55102-2997","Ramsey","(651) 227-1039","Active","MacDonald Montessori School","193","Ages Served: Infants Toddlers Preschool School-Age","None","Services: Day Program","Minnesota Department of Human Services","01/01/1983","01/01/2026","12/31/2026","   ","",
"1048390","Child Care Center","Madina Academy LLC","4025 University Ave NE","","","Columbia Heights","MN","55421     ","Anoka","(763) 789-4923","Active","Madina Academy Inc","60 ","Ages Served: Infants Toddlers Preschool School-Age","Conditional Use Permit sets maximum of 56 children cared for on premises.","Services: Day Program","Minnesota Department of Human Services","10/01/2007","01/01/2026","12/31/2026","   ","",
"1075950","Child Care Center","Magic Forest Childcare Center & Preschool LLC","1411 8th St NE","","","Staples","MN","56479-3235","Wadena","","Active","Magic Forest Childcare Center and Preschool L.L.C.","49 ","Ages Served: Infants Toddlers Preschool","Per state fire marshal, facility cannot increase capacity over 49 without a sprinkler system.","Services: Day Program","Minnesota Department of Human Services","01/12/2015","01/01/2026","12/31/2026","   ","",
"1078046","Child Care Center","Magical Minds Childcare & Learning Center","6740 Stillwater Blvd N","","","Stillwater","MN","55082-5440","Washington","(651) 439-8900","Active","Magical Minds Child Care and Learning Center, Inc.","80 ","Ages Served: Infants Toddlers Preschool School-Age","None","Services: Day Program","Minnesota Department of Human Services","08/03/2015","01/01/2026","12/31/2026","   ","",
"801870","Child Care Center","Mahube-Otwa Community Action - Kids Plus Head Start","118 Central Ave N","","","Park Rapids","MN","56470-1219","Hubbard","(218) 847-1385","Active","MAHUBE-OTWA Community Action Partnership, Inc.","32 ","Ages Served: Infants Toddlers Preschool","None","Services: Day Program","Minnesota Department of Human Services","12/01/1981","01/01/2026","12/31/2026","   ","",
"2001964","Child Care Center","MAHUBE-OTWA Community Action-DLCCC Head Start Center","Oak Grove Ave Rm 819 Rm 811","","","Detroit Lakes","MN","56501     ","Becker","(218) 847-1385","Active","MAHUBE-OTWA Community Action Partnership, Inc.","16 ","Ages Served: Infants Toddlers Preschool","This program contains 2 combination classrooms. DLCCC 1 classroom is a toddler/preschool combination classroom for 8 children and DLCCC 2 classroom is an infant/toddler/preschool combination classroom for 8 children. The program is licensed for a total of","Services: Day Program","Minnesota Department of Human Services","11/04/2025","01/01/2026","12/31/2026","   ","",
"2001977","Child Care Center","MAHUBE-OTWA Community Action-Head Start Frazee Business Center","119 E Main Ave","","","Frazee","MN","56544     ","Becker","(218) 847-1385","Active","MAHUBE-OTWA Community Action Partnership, Inc.","8  ","Ages Served: Infants Toddlers","None","Services: Day Program","Minnesota Department of Human Services","11/04/2025","01/01/2026","12/31/2026","   ","",
"2001976","Child Care Center","MAHUBE-OTWA community Action-Mahnomen Head Start Center","118 W Madison Ave","","","Mahnomen","MN","56557     ","Mahnomen","(218) 850-1385","Active","MAHUBE-OTWA Community Action Partnership, Inc.","8  ","Ages Served: Infants Toddlers","This program is licensed to combine infants, toddlers, and preschoolers up to 36 months of age.; This program is licensed for up to 8 infants, toddlers, and preschoolers, not to exceed 6 infants, and not to exceed 6 toddlers/preschoolers.","Services: Day Program","Minnesota Department of Human Services","11/04/2025","01/01/2026","12/31/2026","   ","",
"810927","Child Care Center","Mahube-Otwa Community Action-MNState Head Start Center","900 Highway 34 E","","","Detroit Lakes","MN","56501-2643","Becker","(218) 847-1385","Active","MAHUBE-OTWA Community Action Partnership, Inc.","24 ","Ages Served: Infants Toddlers Preschool","None","Services: Day Program","Minnesota Department of Human Services","01/01/1997","01/01/2026","12/31/2026","   ","",
"1090956","Child Care Center","Mai Child Care Academy Corp.","4666 85th Ave N","","","Brooklyn Park","MN","55443-1957","Hennepin","(763) 458-0443","Conditional as of 11/17/2024","MAI Child Care Academy Corp.","113","Ages Served: Infants Toddlers Preschool School-Age","Conditional license until 11/6/2026","Services: Day Program","Minnesota Department of Human Services","06/27/2018","01/01/2026","12/31/2026","   ","",
"1105673","Child Care Center","Main Square Montessori","123 W 4th St","","","Winona","MN","55987-3103","Winona","(507) 474-6246","Active","Cotter Schools","42 ","Ages Served: Toddlers Preschool School-Age","Maximum number of School Age in the Preschool-Children’s House classroom is 15.","Services: Day Program","Minnesota Department of Human Services","07/21/2020","01/01/2026","12/31/2026","   ","",
"1117949","Child Care Center","Mandala Montessori","3701 E 50th St","","","Minneapolis","MN","55417-1536","Hennepin","(612) 259-8781","Active","Cofis Learning Center Inc","22 ","Ages Served: Preschool","None","Services: Day Program","Minnesota Department of Human Services","11/13/2023","01/01/2026","12/31/2026","   ","",
"1117868","Child Care Center","Mandala Montessori","1620 E 46th St","","","Minneapolis","MN","55407-3623","Hennepin","(612) 259-8781","Active","Cofis Learning Center Inc","36 ","Ages Served: Preschool","None","Services: Day Program","Minnesota Department of Human Services","11/13/2023","01/01/2026","12/31/2026","   ","",
"1074790","Child Care Center","Many Rivers Montessori","110 W Redwing St","","","Duluth","MN","55803     ","St. Louis","(218) 464-5570","Active","Many Rivers Montessori","149","Ages Served: Toddlers Preschool School-Age","None","Services: Day Program","Minnesota Department of Human Services","09/03/2014","01/01/2026","12/31/2026","   ","",
"1063119","Child Care Center","Maple Tree Day School","1001 Marie Ave","","","South St Paul","MN","55075-1927","Dakota","(651) 552-1265","Active","Honeycomb, Incorporated","47 ","Ages Served: Toddlers Preschool","None","Services: Day Program","Minnesota Department of Human Services","09/04/2012","01/01/2026","12/31/2026","   ","",
"830764","Child Care Center","Maranatha Christian Academy Preschool","9201 75th Ave N","","","Brooklyn Park","MN","55428-1024","Hennepin","(763) 488-7900","Active","Living Word Maranatha Early Learning Center","60 ","Ages Served: Preschool","None","Services: Day Program","Minnesota Department of Human Services","08/20/1998","01/01/2026","12/31/2026","   ","",
"2001662","Child Care Center","Maria Childcare Center Inc","2937 Pleasant Ave Ste 300","","","Minneapolis","MN","55408     ","Hennepin","(612) 814-7756","Active","Maria Childcare Center Inc","45 ","Ages Served: Infants Toddlers Preschool School-Age","None","Services: Day Program","Minnesota Department of Human Services","01/20/2026","01/20/2026","12/31/2026","   ","",
"801722","Child Care Center","Marquette Early Learning Center","1301 Chestnut St W","","","Virginia","MN","55792     ","St. Louis","(218) 741-6811","Active","Holy Spirit Church","40 ","Ages Served: Preschool","None","Services: Day Program","Minnesota Department of Human Services","10/13/1988","01/01/2026","12/31/2026","   ","",
"1083793","Child Care Center","Marshall Area Head Start","1402 S Saratoga St","","","Marshall","MN","56258-3114","Lyon","","Active","United Community Action Partnership, Inc.","104","Ages Served: Infants Toddlers Preschool","None","Services: Day Program","Minnesota Department of Human Services","01/11/2017","01/01/2026","12/31/2026","   ","",
"830674","Child Care Center","Martin Luther College of Early Childhood Learning","405 N Highland Ave","","","New Ulm","MN","56073-2067","Brown","(507) 233-9105","Active","Martin Luther College","93 ","Ages Served: Infants Toddlers Preschool","None","","Minnesota Department of Human Services","05/07/1998","01/01/2026","12/31/2026","   ","",
"806299","Child Care Center","Mary of Lourdes Preschool","307 4th St NE","","","Little Falls","MN","56345-2722","Morrison","(320) 632-5408","Active","Mary of Lourdes School","10 ","Ages Served: Preschool","None","Services: Day Program","Minnesota Department of Human Services","08/19/1993","01/01/2026","12/31/2026","   ","",
"1081191","Child Care Center","Mary Queen of Peace Catholic School","21304 Church Ave","","","Rogers","MN","55374-9189","Hennepin","(763) 428-2355","Active","The Catholic Church of Mary Queen of Peace","40 ","Ages Served: Preschool","None","Services: Day Program","Minnesota Department of Human Services","09/30/2016","09/08/2026","12/31/2026","   ","",
"1061724","Child Care Center","Mary T Wellcome Child Development Center","1301 10th Ave N","","","Minneapolis","MN","55411-4406","Hennepin","(612) 374-4342","Active","Phyllis Wheatley Community Center, Incorporated","55 ","Ages Served: Infants Toddlers Preschool","None","Services: Day Program","Minnesota Department of Human Services","05/07/2012","01/01/2026","12/31/2026","   ","",
"1113157","Child Care Center","Mayo Clinic Children's R&R","3535 40th Ave NW","","","Rochester","MN","55901-1768","Olmsted","(507) 266-7727","Active","Mayo Foundation for Medical Education and Research","24 ","Ages Served: Infants Toddlers Preschool School-Age","Not to exceed 3 infants","Services: Sick Care Program","Minnesota Department of Human Services","08/01/2022","01/01/2026","12/31/2026","   ","",
"801505","Child Care Center","Mc Donough Head Start","1544 Timberlake Rd","","","Saint Paul","MN","55117-3946","Ramsey","(651) 558-2188","Active","Community Action Partnership of Ramsey and Washington Counties","80 ","Ages Served: Preschool","None","Services: Day Program","Minnesota Department of Human Services","01/01/1988","07/21/2026","12/31/2026","   ","",
"1112540","Child Care Center","McKnight Child Daycare Center","297 McKnight Rd S","","","Saint Paul","MN","55119     ","Ramsey","(651) 735-0117","Active","McKnight Child Daycare Center Inc.","60 ","Ages Served: Infants Toddlers Preschool School-Age","None","Services: Day Program","Minnesota Department of Human Services","03/01/2023","01/01/2026","12/31/2026","   ","",
"804668","Child Care Center","McKnight Early Childhood Family Development Center","4225 3rd Ave S","","","Minneapolis","MN","55409-2105","Hennepin","(612) 825-7422","Active","Parents in Community Action, Inc.","308","Ages Served: Infants Toddlers Preschool","None","Services: Day Program","Minnesota Department of Human Services","01/01/1999","01/01/2026","12/31/2026","   ","",
"801508","Child Care Center","Meadow Park Day Care Center dba Meadow Park Preschool & Child Care Cen","971 16th St SE","","","Rochester","MN","55904-5350","Olmsted","(507) 289-6483","Active","Meadow Park Day Care Center","42 ","Ages Served: Preschool School-Age","None","Services: Day Program","Minnesota Department of Human Services","09/16/1969","01/01/2026","12/31/2026","   ","",
"1082195","Child Care Center","Medley Village","732 Holly Ave","","","Saint Paul","MN","55104-7125","Ramsey","(651) 210-1458","Active","Medley Village LLC","20 ","Ages Served: Preschool","None","Services: Day Program","Minnesota Department of Human Services","11/01/2016","01/01/2026","12/31/2026","   ","",
"2001644","Child Care Center","Mercy Childcare LLC","329 Dayton Ave","","","Saint Paul","MN","55102     ","Ramsey","(952) 457-8425","Active","Mercy Childcare LLC","54 ","Ages Served: Infants Toddlers Preschool School-Age","None","Services: Day Program","Minnesota Department of Human Services","12/23/2025","01/01/2026","12/31/2026","   ","",
"1080973","Child Care Center","Merry Moose Childcare & Preschool","157 Broadway St W","","","Rockville","MN","56369-2602","Stearns","(320) 443-0176","Active","Merry Moose Childcare and Preschool LLC","43 ","Ages Served: Toddlers Preschool School-Age","None","Services: Day Program","Minnesota Department of Human Services","05/23/2016","01/01/2026","12/31/2026","   ","",
"1094823","Child Care Center","Merry Moose Childcare and Preschool # 2","19693 State Highway 23","","","Richmond","MN","56368-8133","Stearns","(320) 241-0248","Active","Merry Moose Childcare and Preschool LLC","45 ","Ages Served: Infant;Toddler","None","Services: Day Program","Minnesota Department of Human Services","07/30/2018","01/01/2026","12/31/2026","   ","",
"1111379","Child Care Center","Merry Moose Childcare and Preschool 3","414 Jay Ave SE","","","Richmond","MN","56368     ","Stearns","(320) 292-2247","Active","Merry Moose Childcare and Preschool LLC","80 ","Ages Served: Preschool","None","Services: Day Program","Minnesota Department of Human Services","01/10/2022","01/01/2026","12/31/2026","   ","",
"2000068","Child Care Center","Merry Moose Childcare and Preschool 4","212 10th St NE","","","Cold Spring","MN","56320     ","Stearns","(320) 292-3266","Active","Merry Moose Early Learning Academy LLC","94 ","Ages Served: Infant;Toddler;Preschool;School Age","None","Services: Day Program, Drop-in Child Care Program, School-age Child Care Program","Minnesota Department of Human Services","02/26/2024","01/01/2026","12/31/2026","   ","",
"2001672","Child Care Center","Merry Moose Childcare and Preschool 5","10672 County Road 8","","","Kimball","MN","55353     ","Stearns","(320) 292-3266","Active","Merry Moose Early Learning Academy LLC","75 ","Ages Served: Infant;Toddler;Preschool;School Age","Per Zoning, the maximum capacity for the program is 75.","Services: Day Program","Minnesota Department of Human Services","02/04/2025","01/01/2026","12/31/2026","   ","",
"2001906","Child Care Center","Merry Moose Childcare and Preschool 6","301 Highway 23","","","Spicer","MN","56288     ","Kandiyohi","(320) 443-1318","Active","Merry Moose Childcare and Preschool LLC","90 ","Ages Served: Infant;Toddler;Preschool;School Age","None","Services: Day Program, Drop-in Child Care Program, School-age Child Care Program","Minnesota Department of Human Services","09/03/2025","01/01/2026","12/31/2026","   ","",
"1088054","Child Care Center","Merry Moose Childcare Infant Center","164 Broadway St E","","","Rockville","MN","56369     ","Stearns","(320) 217-3017","Active","Merry Moose Childcare and Preschool LLC","12 ","Ages Served: Infants","None","Services: Day Program","Minnesota Department of Human Services","09/05/2017","01/01/2026","12/31/2026","   ","",
"1078602","Child Care Center","Mes Amis French School","13000 Saint Davids Rd","","","Minnetonka","MN","55305-4120","Hennepin","","Active","Mes Amis French School L. L. C.","59 ","Ages Served: Toddler","None","Services: Day Program","Minnesota Department of Human Services","10/05/2015","01/01/2026","12/31/2026","   ","",
"801525","Child Care Center","Messiah Preschool Early Education Program","2848 County Road H2","","","Saint Paul","MN","55112-3810","Ramsey","(763) 784-1786","Active","Messiah Evangelical Lutheran Church","62 ","Ages Served: Infant;Toddler;Preschool","None","Services: Day Program","Minnesota Department of Human Services","10/17/1980","01/01/2026","12/31/2026","   ","",
"1091485","Child Care Center","Metro Learning Center Inc.","2833 13th Ave S Ste 200","","","Minneapolis","MN","55407-1417","Hennepin","(612) 345-5980","Closed as of 04/28/2026","Metro Learning Center Inc.","60 ","Ages Served: Infants Toddlers Preschool School-Age","None","Services: Day Program","Minnesota Department of Human Services","07/18/2018","01/01/2026","12/31/2026","   ","",
"1063775","Child Care Center","Mi Familia Childcare","2855 47th St E","","","Inver Grove Heights","MN","55076-1138","Dakota","(651) 270-7037","Active","Mi Familia Child Care Center Inc","45 ","Ages Served: Preschool School-Age","None","Services: Day Program","Minnesota Department of Human Services","04/01/2013","01/01/2026","12/31/2026","   ","",
"1085773","Child Care Center","Midtown Childcare Center Inc","2940 Chicago Ave","","","Minneapolis","MN","55407     ","Hennepin","(612) 644-9927","Revoked: Subject to Appeal as of 06/03/2026","Midtown Childcare Center Inc.","78 ","Ages Served: Infants Toddlers Preschool School-Age","None","Services: Day Program","Minnesota Department of Human Services","08/03/2018","01/01/2025","12/31/2025","   ","",
"1100885","Child Care Center","Midway Head Start","775 Lexington Pkwy N","","","Saint Paul","MN","55104-1436","Ramsey","(651) 603-5999","Active","Community Action Partnership of Ramsey and Washington Counties","140","Ages Served: Preschool","None","Services: Day Program","Minnesota Department of Human Services","09/03/2019","01/01/2026","12/31/2026","   ","",
"830774","Child Care Center","Midway YMCA Head Start","530 Wheeler St N","","","Saint Paul","MN","55104     ","Ramsey","","Active","Community Action Partnership of Ramsey and Washington Counties","40 ","Ages Served: Preschool","None","Services: Day Program","Minnesota Department of Human Services","08/12/1998","08/31/2026","12/31/2026","   ","",
"1054869","Child Care Center","Mighty Dragons Preschool LLC","30 W 2nd St","","","Litchfield","MN","55355-2116","Meeker","(320) 221-0281","Active","Mighty Dragons Preschool LLC","59 ","Ages Served: Preschool","Summer hours June-August M-F, 9:30 AM - 11:30 AM","Services: Day Program","Minnesota Department of Human Services","09/08/2009","01/01/2026","12/31/2026","   ","",
"1103780","Child Care Center","Milestones Daycare LLC","816 S 16th Ave","","","Virginia","MN","55792-3359","St. Louis","(218) 748-1548","Active","Milestones Daycare LLC","103","Ages Served: Infants Toddlers Preschool School-Age","None","Services: Day Program","Minnesota Department of Human Services","03/09/2020","01/01/2026","12/31/2026","   ","",
"2001687","Child Care Center","Milestones Eagan","2100 Silver Bell Rd","","","Eagan","MN","55122     ","Dakota","(651) 674-3939","Active","Milestones Eagan","210","Ages Served: Infant;Toddler;Preschool;School Age","None","Services: Day Program, School-age Child Care Program","Minnesota Department of Human Services","03/17/2025","01/01/2026","12/31/2026","   ","",
"2001447","Child Care Center","Milestones Lake Elmo","11180 39th St N","","","Lake Elmo","MN","55042     ","Washington","(651) 314-1155","Active","Milestones Lake Elmo","188","Ages Served: Infants Toddlers Preschool School-Age","None","Services: Day Program, School-age Child Care Program","Minnesota Department of Human Services","12/06/2024","01/01/2026","12/31/2026","   ","",
"2000095","Child Care Center","Milestones Lino Lakes","595 Lilac St","","","Lino Lakes","MN","55014     ","Anoka","(651) 964-2277","Active","Milestones Lino Lakes Inc","190","Ages Served: Infant;Toddler;Preschool;School Age","None","Services: Day Program, School-age Child Care Program","Minnesota Department of Human Services","06/12/2024","01/01/2026","12/31/2026","   ","",
"2000161","Child Care Center","Milestones Maple Grove","6755 Wedgwood Ct N","","","Maple Grove","MN","55311     ","Hennepin","(612) 501-8255","Active","Milestones Maple Grove","190","Ages Served: Infants Toddlers Preschool School-Age","None","Services: Day Program, School-age Child Care Program","Minnesota Department of Human Services","09/09/2024","01/01/2026","12/31/2026","   ","",
"2001847","Child Care Center","Milestones Plymouth","9905 45th Ave N","","","Plymouth","MN","55442     ","Hennepin","(763) 390-0094","Active","Milestones Plymouth","242","Ages Served: Infant;Toddler;Preschool","None","Services: Day Program","Minnesota Department of Human Services","10/13/2025","01/01/2026","12/31/2026","   ","",
"2002060","Child Care Center","Milestones Woodbury","8565 Eagle Point Cir","","","Lake Elmo","MN","55042     ","Washington","","Active","Milestones Woodbury","222","Ages Served: Infants Toddlers Preschool School-Age","None","Services: Day Program, School-age Child Care Program","Minnesota Department of Human Services","12/08/2025","01/01/2026","12/31/2026","   ","",
"1057572","Child Care Center","Millennium Learning Center II Inc dba Small World Learning Center","1390 Paul Pkwy NE","","","Minneapolis","MN","55434-3931","Anoka","(763) 862-7643","Active","Millennium Learning Center II, Inc.","179","Ages Served: Infants Toddlers Preschool School-Age","Maximum number of school age children in the Kindergarten classroom is 30.","Services: Day Program","Minnesota Department of Human Services","07/19/2010","03/13/2026","12/31/2026","   ","",
"1005378","Child Care Center","Millennium Learning Center Inc DBA Small World Learning Center","13961 Maple Knoll Way","","","Maple Grove","MN","55369-4690","Hennepin","(763) 416-2103","Active","Millennium Learning Center, Inc.","83 ","Ages Served: Infants Toddlers Preschool","None","Services: Day Program","Minnesota Department of Human Services","02/11/2000","01/01/2026","12/31/2026","   ","",
"1111696","Child Care Center","Mini Childcare Center Inc.","2538 25th Ave S","","","Minneapolis","MN","55406     ","Hennepin","(612) 345-4913","Closed as of 04/29/2026","Mini Childcare Center Inc.","80 ","Ages Served: Infants Toddlers Preschool School-Age","None","Services: Day Program","Minnesota Department of Human Services","05/16/2022","01/01/2026","12/31/2026","   ","",
"1058149","Child Care Center","Mini Hops Academic Preschool","2600 Campus Dr","","","Plymouth","MN","55441-2611","Hennepin","(952) 933-2452","Active","Minnetonka Hopkins Gymnastics Association","30 ","Ages Served: Preschool","None","Services: Day Program","Minnesota Department of Human Services","01/01/2011","01/01/2026","12/31/2026","   ","",
"1119648","Child Care Center","Mini Me's","129 Hedin Ave Ste 101","","","Red Wing","MN","55066     ","Goodhue","(651) 327-2060","Active","Mini Me's LLC","38 ","Ages Served: Infants Toddlers Preschool","None","Services: Day Program","Minnesota Department of Human Services","01/02/2024","01/01/2026","12/31/2026","   ","",
"2001529","Child Care Center","Miniapple International Montessori","780 Helmo Ave N","","","Oakdale","MN","55128     ","Washington","(651) 739-6275","Active","Cadence Education, LLC","120","Ages Served: Infants Toddlers Preschool School-Age","Maximum number of school age children not to exceed 15.","Services: Day Program, School-age Child Care Program","Minnesota Department of Human Services","05/12/2025","05/12/2025","12/31/2025","   ","",
"2001530","Child Care Center","Miniapple International Montessori","1875 Perimeter Rd","","","Roseville","MN","55113     ","Ramsey","","Active","Cadence Education, LLC","121","Ages Served: Infant;Toddler;Preschool;School Age","None","Services: Day Program, School-age Child Care Program","Minnesota Department of Human Services","09/08/2025","01/01/2026","12/31/2026","   ","",
"803898","Child Care Center","Miniapple International Montessori","1125 5th St SE","","","Minneapolis","MN","55414     ","Hennepin","(612) 378-9375","Active","Perera holdings Inc","143","Ages Served: Infants Toddlers Preschool","None","Services: Day Program","Minnesota Department of Human Services","10/01/1990","01/01/2026","12/31/2026","   ","",
"1097151","Child Care Center","Minneapolis Nature Preschool","252 Upton Ave S","","","Minneapolis","MN","55405-1947","Hennepin","(612) 413-6863","Active","Minneapolis Nature Preschool","20 ","Ages Served: Preschool","None","Services: Day Program","Minnesota Department of Human Services","02/08/2021","10/22/2025","12/31/2026","   ","",
"809520","Child Care Center","Minnehaha Academy Preschool","4200 W River Pkwy Rm 107","","","Minneapolis","MN","55406-3661","Hennepin","(612) 721-3359","Active","Minnehaha Academy","48 ","Ages Served: Preschool","Per state fire marshal, Room 131 restricted to 9 persons unless a second exit is provided.","Services: Day Program","Minnesota Department of Human Services","08/31/1995","01/01/2026","12/31/2026","   ","",
"1109801","Child Care Center","Minnehaha Area Child Care","5712 Cedar Ave S","","","Minneapolis","MN","55417-2647","Hennepin","(612) 823-4369","Conditional as of 01/18/2025","WD SOLUTIONS, INC.","77 ","Ages Served: Toddlers Preschool","Conditional License until January 17, 2027.","Services: Day Program","Minnesota Department of Human Services","11/01/2021","01/01/2026","12/31/2026","   ","",
"1064168","Child Care Center","Minnesota Best Childcare Center","3018 17th Ave S","","","Minneapolis","MN","55407     ","Hennepin","(612) 229-2217","Active","MN Best Child Care Center Inc","137","Ages Served: Infants Toddlers Preschool School-Age","None","Services: Day Program","Minnesota Department of Human Services","02/12/2013","02/13/2026","12/31/2026","   ","",
"1076213","Child Care Center","Minnesota Child Care Center","312 W Lake St Ste 2935","","","Minneapolis","MN","55408     ","Hennepin","(612) 345-4185","Active","Minnesota Childcare Center Inc","102","Ages Served: Infants Toddlers Preschool School-Age","None","Services: Day Program","Minnesota Department of Human Services","03/23/2015","01/01/2026","12/31/2026","   ","",
"1118800","Child Care Center","Minnesota Montessori Accelerated Learning Center Inc.","3150 Eagle Creek Blvd","","","Shakopee","MN","55379-3522","Scott","(952) 402-0303","Active","Premier MN Shakopee LLC","112","Ages Served: Infants Toddlers Preschool School-Age","None","Services: Day Program","Minnesota Department of Human Services","08/19/2023","01/01/2026","12/31/2026","   ","",
"1115223","Child Care Center","Minnesota Zoo Nature Preschool","13000 Zoo Blvd","","","Apple Valley","MN","55124-4621","Dakota","(612) 493-9798","Active","Minnesota Zoological Garden","20 ","Ages Served: Preschool","None","Services: Day Program","Minnesota Department of Human Services","02/27/2023","07/08/2026","12/31/2026","   ","",
"2001695","Child Care Center","Minnewaska Little Lakers Child Care Center","500 John St","","","Starbuck","MN","56381     ","Pope","(320) 239-5213","Active","Minnewaska School District ISD 2149","76 ","Ages Served: Infants Toddlers Preschool","None","Services: Day Program, School-age Child Care Program","Minnesota Department of Human Services","04/20/2026","04/20/2026","12/31/2026","   ","",
"1121092","Child Care Center","Miracle Grow Learning Academy","1536 Minnehaha Ave W","","","Saint Paul","MN","55104     ","Ramsey","","Active","Miracle Grow Learning Academy L.L.C.","40 ","Ages Served: Preschool School-Age","Per MDH, a restriction is in place to only serve pre-packaged or catered meals until approved otherwise by MDH.","Services: Day Program","Minnesota Department of Human Services","02/05/2024","01/05/2026","12/31/2026","   ","",
"1109807","Child Care Center","Mis Amigos Preschool Edina","4201 W 50th St","","","Edina","MN","55424     ","Hennepin","","Active","Mis Amigos Spanish Immersion, LLC","44 ","Ages Served: Infants Toddlers Preschool School-Age","Per State Fire Marshal, temporary occupancy is granted until 10/4/2026.","Services: Day Program","Minnesota Department of Human Services","02/14/2022","08/21/2026","12/31/2026","   ","",
"1100180","Child Care Center","Mis Amigos Preschool Golden Valley","5411 Circle Down","","","Golden Valley","MN","55416     ","Hennepin","","Active","Mis Amigos Spanish Immersion, LLC","187","Ages Served: Infants Toddlers Preschool","Maximum number of Infants is 48.
Maximum number of Toddlers is 112.
Maximum number of Preschoolers is 94.","Services: Day Program","Minnesota Department of Human Services","09/09/2019","01/01/2026","12/31/2026","   ","",
"2001459","Child Care Center","Mis Amigos Preschool Plymouth","12235 Old Rockford Rd Ste 3","","","Plymouth","MN","55441     ","Hennepin","","Active","Mis Amigos Spanish Immersion, LLC","130","Ages Served: Infant;Toddler;Preschool;School Age","None","Services: Day Program","Minnesota Department of Human Services","09/09/2024","01/01/2026","12/31/2026","   ","",
"1056589","Child Care Center","Mis Amigos Spanish Immersion Preschool","1194 Randolph Ave","","","Saint Paul","MN","55105-2938","Ramsey","(651) 728-3261","Active","Mis Amigos Spanish Immersion, LLC","81 ","Ages Served: Infants Toddlers Preschool School-Age","None","Services: Day Program","Minnesota Department of Human Services","08/16/2010","01/01/2026","12/31/2026","   ","",
"1038425","Child Care Center","Mis Amigos Spanish Immersion Preschool","471 3rd St","","","Excelsior","MN","55331-1945","Hennepin","(952) 935-5588","Active","Mis Amigos Spanish Immersion, LLC","116","Ages Served: Infants Toddlers Preschool School-Age","Maximum number of school age children in the Ovalo and Pentagono Classrooms is 15.","Services: Day Program","Minnesota Department of Human Services","11/01/2005","01/01/2026","12/31/2026","   ","",
"2002029","Child Care Center","Mis Tortuguitas","19645 Pilot Knob Rd Ste 103-105","Suite 103-105","","Farmington","MN","55024     ","Dakota","(321) 240-9623","Active","Mis Tortuguitas","52 ","Ages Served: Infants Toddlers Preschool School-Age","Maximum number of school age children in the Preschool/School Age combination classroom is 5","Services: Day Program","Minnesota Department of Human Services","11/18/2025","11/18/2025","12/31/2026","   ","",
"1051616","Child Care Center","Miss Marie's Learning Center","14510 Pennock Ave Ste 11","","","Apple Valley","MN","55124-7812","Dakota","(952) 891-4640","Active","MPZ Enterprises, Inc.","60 ","Ages Served: Preschool","None","Services: Day Program","Minnesota Department of Human Services","10/03/2008","01/01/2026","12/31/2026","   ","",
"801568","Child Care Center","Mississippi Valley Montessori School","1575 Charlton St","","","West St Paul","MN","55118-2907","Dakota","(651) 450-6693","Active","Mississippi Valley Montessori School, Inc.","55 ","Ages Served: Preschool School-Age","Maximum number of school age in the Children's House 2 classroom is ten.; Maximum number of school age in the Children's House 1 classroom is ten.","Services: Day Program","Minnesota Department of Human Services","12/15/1989","01/01/2026","12/31/2026","   ","",
"1018376","Child Care Center","MN Chinese Day Care & Learning Center","2300 Hamline Ave N","","","Saint Paul","MN","55113-4200","Ramsey","(651) 633-6239","Active","Minnesota Chinese Daycare & Learning Center Inc","47 ","Ages Served: Toddlers Preschool School-Age","Maximum number of school age in the school age classroom is nine.","Services: Day Program","Minnesota Department of Human Services","10/01/2002","01/01/2026","12/31/2026","   ","",
"1055925","Child Care Center","MN Chinese Day Care and Learning Center","2520 Kenzie Ter","","","Minneapolis","MN","55418-4113","Hennepin","","Active","Minnesota Chinese Daycare & Learning Center Inc","34 ","Ages Served: Toddlers Preschool","None","Services: Day Program","Minnesota Department of Human Services","09/07/2010","01/01/2026","12/31/2026","   ","",
"2001716","Child Care Center","Mommy Daycare Inc","436 19 1/2 Ave N","","","Saint Cloud","MN","56303     ","Stearns","(857) 234-0197","Active","Mommy Daycare Inc","45 ","Ages Served: Infant;Toddler;Preschool;School Age","None","Services: Day Program","Minnesota Department of Human Services","09/05/2025","01/01/2026","12/31/2026","   ","",
"1104362","Child Care Center","Monarch Montessori School","1669 Arcade St","","","Saint Paul","MN","55106     ","Ramsey","(507) 271-7774","Active","Monarch Montessori School","20 ","Ages Served: Preschool School-Age","Maximum number of school age children in Classroom is five.; Per the City of Saint Paul Department of Safety and Inspections, the maximum occupancy load of the gym is 49 people.","Services: Day Program","Minnesota Department of Human Services","09/08/2020","01/01/2026","12/31/2026","   ","",
"1075907","Child Care Center","Montessori American Indian Childcare Center","965 Larpenteur Ave W","","","Roseville","MN","55113     ","Ramsey","(651) 478-1189","Active","Montessori American Indian Childcare Center, Inc.","46 ","Ages Served: Preschool","None","Services: Day Program","Minnesota Department of Human Services","11/19/2014","01/01/2026","12/31/2026","   ","",
"1097753","Child Care Center","Montessori Children's House","2400 Division St S","","","Northfield","MN","55057-3368","Rice","(507) 645-2445","Active","Ray of Light Montessori Inc","48 ","Ages Served: Preschool School-Age","None","Services: Day Program","Minnesota Department of Human Services","06/01/2019","01/01/2026","12/31/2026","   ","",
"1029704","Child Care Center","Montessori of Melrose","300 Riverside Ave NW","","","Melrose","MN","56352-1054","Stearns","(320) 256-2141","Active","Montessori of Melrose LLC","61 ","Ages Served: Infants Toddlers Preschool School-Age","Maximum number of school age children in the PreK/Kindergarten Classroom 100 and 102 is 10.","Services: Day Program","Minnesota Department of Human Services","06/07/2004","01/01/2026","12/31/2026","   ","",
"1106029","Child Care Center","Montessori on Main, Inc.","200 1st St SW","","","Avon","MN","56310-9516","Stearns","(320) 980-3119","Active","Montessori on Main Inc","71 ","Ages Served: Infant;Toddler;Preschool;School Age","None","Services: Day Program","Minnesota Department of Human Services","01/01/2021","01/01/2026","12/31/2026","   ","",
"1084260","Child Care Center","Montessori Renaissance Academy","1333 5th Ave","","","Anoka","MN","55303-3289","Anoka","(763) 323-0741","Active","Montessori Renaissance Academy","104","Ages Served: Toddlers Preschool School-Age","None","Services: Day Program","Minnesota Department of Human Services","08/01/2017","01/01/2026","12/31/2026","   ","",
"1048334","Child Care Center","Montessori School of Brainerd","315 N 6th St","","","Brainerd","MN","56401-3304","Crow Wing","(218) 829-5222","Active","Montessori School of Brainerd","62 ","Ages Served: Preschool School-Age","None","Services: Day Program","Minnesota Department of Human Services","01/01/2008","01/01/2026","12/31/2026","   ","",
"1119698","Child Care Center","Montessori School of Chantilly LLC","641 89th Ave NE","","","Blaine","MN","55434     ","Anoka","(703) 389-7174","Active","Montessori School of Chantilly L. L. C.","80 ","Ages Served: Infant;Toddler;Preschool;School Age","None","Services: Day Program","Minnesota Department of Human Services","10/16/2023","01/01/2026","12/31/2026","   ","",
"1077241","Child Care Center","Montessori School of Duluth","313 Mygatt Ave","","","Duluth","MN","55803-2307","St. Louis","(218) 728-4600","Active","Montessori School of Duluth, Inc.","70 ","Ages Served: Infants Toddlers Preschool School-Age","None","Services: Day Program","Minnesota Department of Human Services","05/05/2017","01/01/2026","12/31/2026","   ","",
"1107404","Child Care Center","Moon Child Care, Inc.","1836 E 38th St","","","Minneapolis","MN","55407-2964","Hennepin","(651) 208-4692","Active","Moon Child Care Inc.","90 ","Ages Served: Infants Toddlers Preschool School-Age","None","Services: Day Program","Minnesota Department of Human Services","07/01/2021","01/06/2026","12/31/2026","   ","",
"1114078","Child Care Center","Moonlight Learning Center LLC","4347 Central Ave NE","","","Columbia Heights","MN","55421-2925","Anoka","(763) 316-5275","Active","Moonlight Learning Center LLC","44 ","Ages Served: Infants Toddlers Preschool School-Age","None","Services: Day Program","Minnesota Department of Human Services","09/12/2022","01/01/2026","12/31/2026","   ","",
"2000172","Child Care Center","Moose Lake Mini Moose Lodge","4812 County Road 10","","","Moose Lake","MN","55767     ","Pine","","Active","Independent School District No. 97","22 ","Ages Served: Infants Toddlers","None","Services: Day Program","Minnesota Department of Human Services","08/19/2024","01/01/2026","12/31/2026","   ","",
"1120682","Child Care Center","Morning Glory Montessori","3620 E 26th St","","","Minneapolis","MN","55406     ","Hennepin","(612) 724-1525","Active","Morning Glory Montessori","20 ","Ages Served: Preschool","None","Services: Day Program","Minnesota Department of Human Services","09/10/2024","01/01/2026","12/31/2026","   ","",
"1117796","Child Care Center","Morning Star Child Care Center LLC","924 19th Ave S Ste C","","","Minneapolis","MN","55404     ","Hennepin","(612) 242-4495","Active","Morning Star Child Care Center LLC","80 ","Ages Served: Infants Toddlers Preschool School-Age","None","Services: Day Program","Minnesota Department of Human Services","09/14/2023","01/01/2026","12/31/2026","   ","",
"809653","Child Care Center","Morris Area Child Care Center","1001 Scotts Ave","","","Morris","MN","56267-1763","Stevens","(320) 349-1880","Active","Morris Area Child Care Center","84 ","Ages Served: Infants Toddlers Preschool","None","","Minnesota Department of Human Services","09/28/1995","01/01/2026","12/31/2026","   ","",
"807028","Child Care Center","Mother Duck Learning Center","6301 Penn Ave S","","","Richfield","MN","55423-1140","Hennepin","(612) 866-8996","Active","Moin Incorporated","89 ","Ages Served: Infants Toddlers Preschool School-Age","Maximum number of school aged children in the Loon Classroom is 7.","Services: Day Program","Minnesota Department of Human Services","01/01/1999","01/01/2026","12/31/2026","   ","",
"1064787","Child Care Center","Mother Duck Learning Center","6341 Penn Ave S","","","Richfield","MN","55423-1140","Hennepin","(612) 866-8996","Active","Moin Incorporated","61 ","Ages Served: Toddlers Preschool School-Age","Maximum number of school aged children in the School House Classroom is 7.","Services: Day Program","Minnesota Department of Human Services","02/25/2013","01/01/2026","12/31/2026","   ","",
"1101595","Child Care Center","Mother Natures Learning Center LLC","1355 S Frontage Rd Ste 220","","","Hastings","MN","55033-2659","Dakota","(651) 346-1609","Active","Mother Nature's Learning Center, LLC","95 ","Ages Served: Infants Toddlers Preschool","None","Services: Day Program","Minnesota Department of Human Services","03/13/2020","01/01/2026","12/31/2026","   ","",
"1079571","Child Care Center","Motherly Love Daycare Inc","1304 E Lake St Ste 100","","","Minneapolis","MN","55407-1777","Hennepin","","Closed as of 05/15/2026","Motherly Love Daycare Inc.","84 ","Ages Served: Infants Toddlers Preschool School-Age","None","Services: Day Program","Minnesota Department of Human Services","12/19/2015","01/01/2026","12/31/2026","   ","",
"2001630","Child Care Center","Mouna's Childcare Center","11000 Blossom Rd","","","Eden Prairie","MN","55347     ","Hennepin","(612) 458-6779","Active","Mouna's Children Center L.L.C.","21 ","Ages Served: Infants Toddlers Preschool School-Age","None","Services: Day Program, Drop-in Child Care Program, School-age Child Care Program","Minnesota Department of Human Services","05/07/2025","01/01/2026","12/31/2026","   ","",
"1065653","Child Care Center","Mounds Park Academy","2051 Larpenteur Ave E","","","Maplewood","MN","55109-4785","Ramsey","","Active","Mounds Park Academy","20 ","Ages Served: Preschool","None","Services: Day Program","Minnesota Department of Human Services","09/09/2013","01/01/2026","12/31/2026","   ","",
"801600","Child Care Center","Mount Calvary Preschool","301 County Road 19","","","Excelsior","MN","55331     ","Hennepin","(952) 474-5542","Active","Mount Calvary Lutheran Church","97 ","Ages Served: Preschool","None","Services: Day Program","Minnesota Department of Human Services","09/01/1968","01/01/2026","12/31/2026","   ","",
"2002352","Child Care Center","Mount Carmel Ministries","800 Mount Carmel Dr NE","","","Alexandria","MN","56308     ","Douglas","(320) 460-2340","Active","MOUNT CARMEL MINISTRIES, INC.","15 ","Ages Served: Preschool","Per the State Fire Marshal, the facility does not meet requirement but may temporarily be occupied until 9/25/26 pending completion of orders.","Services: Day Program","Minnesota Department of Human Services","09/08/2026","09/08/2026","12/31/2026","   ","",
"801606","Child Care Center","Mount Olive Christian Preschool","700 Western St","","","Anoka","MN","55303-2001","Anoka","(763) 421-9048","Active","Mount Olive Evangelical Lutheran Church","68 ","Ages Served: Preschool","None","Services: Day Program","Minnesota Department of Human Services","04/01/1981","01/01/2026","12/31/2026","   ","",
"801602","Child Care Center","Mount Olivet Preschool","5025 Knox Ave S","","","Minneapolis","MN","55419-1015","Hennepin","(612) 926-7651","Active","Evangelical Mount Olivet Lutheran Church","60 ","Ages Served: Preschool","None","Services: Day Program","Minnesota Department of Human Services","08/31/1970","01/01/2026","12/31/2026","   ","",
"1083794","Child Care Center","Mountain Lake Head Start","1005 4th Ave","","","Mountain Lake","MN","56159-1455","Cottonwood","(507) 829-2949","Active","United Community Action Partnership, Inc.","19 ","Ages Served: Preschool","None","Services: Day Program","Minnesota Department of Human Services","01/31/2017","01/01/2026","12/31/2026","   ","",
"1054529","Child Care Center","Mt Calvary Lutheran Preschool","6541 16th Ave S","","","Minneapolis","MN","55423-1751","Hennepin","(612) 869-9441","Active","Mount Calvary Evangelical Lutheran Church","20 ","Ages Served: Preschool","None","Services: Day Program","Minnesota Department of Human Services","09/01/2009","01/01/2026","12/31/2026","   ","",
"1078594","Child Care Center","Mt Olive Lutheran Preschool","435 Bridge Ave E","","","Delano","MN","55328-8709","Wright","(763) 972-2442","Active","Mt Olive Lutheran Church","40 ","Ages Served: Preschool","None","Services: Day Program","Minnesota Department of Human Services","08/31/2015","01/01/2026","12/31/2026","   ","",
"801605","Child Care Center","Mt. Airy Head Start","91 Arch St E","","","Saint Paul","MN","55130-4301","Ramsey","(651) 228-3196","Active","Community Action Partnership of Ramsey and Washington Counties","100","Ages Served: Preschool","None","Services: Day Program","Minnesota Department of Human Services","02/01/1977","07/21/2026","12/31/2026","   ","",
"801607","Child Care Center","Mt. Carmel Child Care Center","1701 Saint Anthony Pkwy","","","Minneapolis","MN","55418-2268","Hennepin","","Active","Mt. Carmel Lutheran Church","27 ","Ages Served: Toddlers Preschool","None","Services: Day Program","Minnesota Department of Human Services","08/25/1989","01/01/2026","12/31/2026","   ","",
"1090219","Child Care Center","Mustang Munchkins Childcare Center","210 Oak St","","","Mora","MN","55051-1609","Kanabec","","Active","Mustang Munchkins Childcare Center LLC","42 ","Ages Served: Infants Toddlers Preschool School-Age","None","Services: Day Program","Minnesota Department of Human Services","12/07/2017","01/01/2026","12/31/2026","   ","",
"1109602","Child Care Center","Mustang Munchkins Childcare Center","800 Union St S","","","Mora","MN","55051-1830","Kanabec","(320) 679-8254","Active","Mustang Munchkins Childcare Center LLC","30 ","Ages Served: School-Age","None","Services: Day Program","Minnesota Department of Human Services","07/01/2021","01/01/2026","12/31/2026","   ","",
"1113202","Child Care Center","My Mini Mandarin","435 Hamline Ave S","","","Saint Paul","MN","55105-2942","Ramsey","(774) 418-0327","Active","My Mini Mandarin LLC","45 ","Ages Served: Infants Toddlers Preschool School-Age","Maximum number of children aged 2.5 years and under is 22 for this facility, per fire.; Maximum number of school age children in the Preschool classroom is 3.","Services: Day Program","Minnesota Department of Human Services","06/12/2023","01/01/2026","12/31/2026","   ","",
"1095076","Child Care Center","My Own Montessori","1118 4th St NW","","","Elk River","MN","55330-2505","Sherburne","(612) 599-2464","Active","My Own Montessori","20 ","Ages Served: Preschool School-Age","None","Services: Day Program","Minnesota Department of Human Services","08/30/2018","01/01/2026","12/31/2026","   ","",
"801743","Child Care Center","N.E. Child Development Center","1700 2nd St NE","","","Minneapolis","MN","55413     ","Hennepin","","Pending Reopening as of 01/13/2026","East Side Neighborhood Services, Inc.","88 ","Ages Served: Infants Toddlers Preschool","None","Services: Day Program","Minnesota Department of Human Services","02/01/1948","01/01/2026","12/31/2026","   ","",
"1115766","Child Care Center","Nakruma Childcare Center Inc.","651 Arcade St","","","Saint Paul","MN","55106     ","Ramsey","(651) 352-2434","Closed as of 07/30/2026","Nakruma Childcare Center Inc","67 ","Ages Served: Infants Toddlers Preschool School-Age","None","Services: Day Program","Minnesota Department of Human Services","06/05/2023","06/08/2026","12/31/2026","   ","",
"1121022","Child Care Center","NANAC DAYCARE LLC","4735 W 123rd St","","","Savage","MN","55378     ","Scott","(952) 707-5900","Active","Nanac Daycare LLC","66 ","Ages Served: Infants Toddlers Preschool School-Age","None","Services: Day Program","Minnesota Department of Human Services","08/07/2024","02/25/2026","12/31/2026","   ","",
"1118071","Child Care Center","Naseeb Child Care Inc.","2828 University Ave SE Ste 125","","","Minneapolis","MN","55414-3260","Hennepin","(651) 212-2188","Active","Naseeb Child Care Inc","104","Ages Served: Infants Toddlers Preschool School-Age","None","Services: Day Program","Minnesota Department of Human Services","05/01/2023","04/08/2026","12/31/2026","   ","",
"809464","Child Care Center","Nativity Child & Family Center","3312 Silver Lake Rd NE","","","Minneapolis","MN","55418-1604","Hennepin","(612) 781-1537","Active","Nativity Child and Family Center","157","Ages Served: Toddlers Preschool School-Age","Maximum number of preschool aged children in the program is 74.","Services: Day Program","Minnesota Department of Human Services","09/01/1995","01/01/2026","12/31/2026","   ","",
"801618","Child Care Center","Nativity Early Learning Center","1900 Wellesley Ave","","","Saint Paul","MN","55105-1617","Ramsey","","Active","The Church of the Nativity of Our Lord","123","Ages Served: Preschool School-Age","None","Services: Day Program","Minnesota Department of Human Services","08/30/1990","01/01/2026","12/31/2026","   ","",
"1074777","Child Care Center","Nativity of Mary Preschool","9901 Lyndale Ave S","","","Bloomington","MN","55420-2709","Hennepin","(952) 881-8160","Active","The Church of the Nativity of the Blessed Virgin","110","Ages Served: Preschool School-Age","None","Services: Day Program","Minnesota Department of Human Services","09/07/2016","01/01/2026","12/31/2026","   ","",
"1082829","Child Care Center","Nativity of Our Lord","1900 Stanford Ave","","","Saint Paul","MN","55105-1601","Ramsey","(651) 699-1311","Active","The Church of the Nativity of Our Lord","60 ","Ages Served: Preschool","None","Services: Day Program","Minnesota Department of Human Services","05/03/2017","01/01/2026","12/31/2026","   ","",
"800397","Child Care Center","Nature Pathways Early Learning Center","1588 Victoria Rd S","","","Mendota Heights","MN","55118-3658","Dakota","(651) 454-4000","Active","Nature Pathways Consulting, INC","135","Ages Served: Toddlers Preschool School-Age","None","Services: Day Program","Minnesota Department of Human Services","06/13/1977","01/01/2026","12/31/2026","   ","",
"1031095","Child Care Center","Neighborhood Children's House","2510 Cleveland St NE","","","Minneapolis","MN","55418-4006","Hennepin","(612) 695-2666","Active","Neighborhood Children's House, LLC","20 ","Ages Served: Preschool","None","Services: Day Program","Minnesota Department of Human Services","10/05/2004","01/01/2026","12/31/2026","   ","",
"1116593","Child Care Center","Nest Learning Academy LLC","5821 Tower St Ste C","","","Rockford","MN","55373-8618","Wright","(651) 363-1728","Active","Nest Learning Academy LLC","61 ","Ages Served: Toddlers Preschool","None","Services: Day Program","Minnesota Department of Human Services","05/10/2023","01/01/2026","12/31/2026","   ","",
"2001577","Child Care Center","Nest Nursery LLC","6050 Main St Apt 102 Ste 101","Ste 101 & 102","","Rockford","MN","55373     ","Wright","(425) 231-8817","Active","Nest Nursery L. L. C.","20 ","Ages Served: Infant","None","Services: Day Program","Minnesota Department of Human Services","03/24/2025","01/01/2026","12/31/2026","   ","",
"1112677","Child Care Center","New Creations Child Care & Learning Center","877 Jefferson Ave","","","Saint Paul","MN","55102-2801","Ramsey","","Active","NCCC LLC","93 ","Ages Served: Infants Toddlers Preschool","None","Services: Day Program","Minnesota Department of Human Services","12/15/2022","01/01/2026","12/31/2026","   ","",
"1112678","Child Care Center","New Creations Child Care & Learning Center","10301 Lexington Ave N","","","Circle Pines","MN","55014-1884","Anoka","","Active","NCCC LLC","133","Ages Served: Infants Toddlers Preschool School-Age","None","Services: Day Program","Minnesota Department of Human Services","12/15/2022","01/01/2026","12/31/2026","   ","",
"1112679","Child Care Center","New Creations Child Care & Learning Center","620 Town Center Pkwy","","","Lino Lakes","MN","55014-1182","Anoka","","Active","NCCC LLC","119","Ages Served: Infants Toddlers Preschool School-Age","None","Services: Day Program","Minnesota Department of Human Services","12/15/2022","01/01/2026","12/31/2026","   ","",
"1112680","Child Care Center","New Creations Child Care & Learning Center","9827 Maple Grove Pkwy N","","","Maple Grove","MN","55369-4491","Hennepin","(763) 316-7101","Active","NCCC LLC","99 ","Ages Served: Infants Toddlers Preschool","None","Services: Day Program","Minnesota Department of Human Services","12/15/2022","01/01/2026","12/31/2026","   ","",
"1101624","Child Care Center","New Creations Child Care & Learning Center","5448 140th St N","","","Hugo","MN","55038-9498","Washington","","Active","New Creations Child Care and Learning Center, LLC","138","Ages Served: Infants Toddlers Preschool School-Age","None","Services: Day Program","Minnesota Department of Human Services","12/13/2019","01/01/2026","12/31/2026","   ","",
"1106707","Child Care Center","New Creations Child Care & Learning Center","13560 County Road 5","","","Burnsville","MN","55337-7109","Dakota","(763) 318-6787","Active","New Creations Child Care and Learning Center, LLC","155","Ages Served: Infants Toddlers Preschool School-Age","None","Services: Day Program","Minnesota Department of Human Services","05/03/2021","01/01/2026","12/31/2026","   ","",
"1063701","Child Care Center","New Creations Child Care & Learning Center","1805 Gateway Dr NW","","","Coon Rapids","MN","55448-4506","Anoka","","Active","New Creations Child Care and Learning Center, LLC","156","Ages Served: Infants Toddlers Preschool School-Age","None","Services: Day Program","Minnesota Department of Human Services","11/05/2012","01/01/2026","12/31/2026","   ","",
"1060501","Child Care Center","New Creations Child Care & Learning Center","12267 Aberdeen St NE","","","Blaine","MN","55449-4719","Anoka","","Active","New Creations Child Care and Learning Center, LLC","110","Ages Served: Infants Toddlers Preschool","None","Services: Day Program","Minnesota Department of Human Services","08/04/2011","01/01/2026","12/31/2026","   ","",
"1082846","Child Care Center","New Creations Child Care & Learning Center","16547 Marketplace Dr","","","Big Lake","MN","55309-3315","Sherburne","(763) 263-7529","Active","New Creations Child Care and Learning Center, LLC","119","Ages Served: Infants Toddlers Preschool School-Age","None","Services: Day Program","Minnesota Department of Human Services","11/01/2016","01/01/2026","12/31/2026","   ","",
"1103754","Child Care Center","New Creations Child Care & Learning Center at Brooklyn Park","4500 Oak Grove Pkwy N","","","Brooklyn Park","MN","55443-4063","Hennepin","","Active","New Creations Child Care and Learning Center, LLC","126","Ages Served: Infants Toddlers Preschool School-Age","None","Services: Day Program","Minnesota Department of Human Services","07/13/2020","01/01/2026","12/31/2026","   ","",
"1120094","Child Care Center","New Creations Child Care & Learning Center at Lakeville","17401 Dodd Blvd","","","Lakeville","MN","55044-4409","Dakota","(950) 600-5117","Active","NCCC LLC","145","Ages Served: Infants Toddlers Preschool School-Age","None","Services: Day Program","Minnesota Department of Human Services","09/11/2023","01/01/2026","12/31/2026","   ","",
"1103753","Child Care Center","New Creations Child Care & Learning Center at Prior Lake","16757 Five Hawks Ave SE","","","Prior Lake","MN","55372-2422","Scott","(952) 900-5001","Active","New Creations Child Care and Learning Center, LLC","156","Ages Served: Infants Toddlers Preschool School-Age","None","Services: Day Program","Minnesota Department of Human Services","01/25/2021","01/01/2026","12/31/2026","   ","",
"1109767","Child Care Center","New Creations Child Care & Learning Center at Rush Creek","18655 73rd Ave N","","","Maple Grove","MN","55311     ","Hennepin","(763) 338-9990","Active","NCCC LLC","187","Ages Served: Infants Toddlers Preschool School-Age","None","Services: Day Program","Minnesota Department of Human Services","08/02/2021","01/01/2026","12/31/2026","   ","",
"1119051","Child Care Center","New Creations Child Care & Learning Center at St Michael","4120 Edgewood Dr NE","","","Saint Michael","MN","55376-7551","Wright","(952) 600-5110","Active","NCCC LLC","170","Ages Served: Infants Toddlers Preschool School-Age","None","Services: Day Program","Minnesota Department of Human Services","06/19/2023","01/01/2026","12/31/2026","   ","",
"1118037","Child Care Center","New Creations Child Care & Learning Center at The Lodge","6139 157th Ln NW","","","Anoka","MN","55303-4139","Anoka","","Active","NCCC LLC","124","Ages Served: Infants Toddlers Preschool School-Age","None","Services: Day Program","Minnesota Department of Human Services","06/16/2023","01/01/2026","12/31/2026","   ","",
"1114676","Child Care Center","New Creations Child Care & Learning Center at Valley View","13500 County Road 11","","","Burnsville","MN","55337-4446","Dakota","(952) 222-7008","Active","NCCC LLC","126","Ages Served: Infants Toddlers Preschool School-Age","None","Services: Day Program","Minnesota Department of Human Services","08/29/2022","01/01/2026","12/31/2026","   ","",
"2000295","Child Care Center","New Creations Child Care & Learning Center at Waconia","150 Sparrow Rd","","","Waconia","MN","55387     ","Carver","","Active","NCCC LLC","120","Ages Served: Infants Toddlers Preschool School-Age","None","Services: Day Program","Minnesota Department of Human Services","08/19/2024","01/01/2026","12/31/2026","   ","",
"1117952","Child Care Center","New Day Family Child Care Center LLC","4203 Webber Pkwy","","","Minneapolis","MN","55412-1747","Hennepin","(612) 428-7460","Active","New Day Family Child Care Center 1 Inc.","50 ","Ages Served: Infants Toddlers Preschool School-Age","Per the State Fire Marshal, temporary occupancy granted until September 28,2026.","Services: Day Program","Minnesota Department of Human Services","07/01/2024","01/01/2026","12/31/2026","   ","",
"2000088","Child Care Center","New Discoveries Child Care Center","703 Oak St","","","Brainerd","MN","56401     ","Crow Wing","(218) 454-2577","Active","The Brainerd Family Young Men's Christian Association","69 ","Ages Served: Infant;Toddler","None","Services: Day Program","Minnesota Department of Human Services","04/23/2024","01/01/2026","12/31/2026","   ","",
"800223","Child Care Center","New Discoveries Child Care Center","424 S 8th St","","","Brainerd","MN","56401     ","Crow Wing","(218) 454-2577","Active","The Brainerd Family Young Men's Christian Association","67 ","Ages Served: Preschool","A maximum of 5 school-age children allowed in the Purple Koala blended preschool/school age classroom","Services: Day Program","Minnesota Department of Human Services","10/16/1984","01/01/2026","12/31/2026","   ","",
"1062785","Child Care Center","New Hope YMCA Early Childhood Learning Center","7601 42nd Ave N","","","New Hope","MN","55427-1226","Hennepin","(763) 592-5524","Active","Young Men's Christian Association of the North","159","Ages Served: Infants Toddlers Preschool","None","Services: Day Program","Minnesota Department of Human Services","04/01/2012","01/01/2026","12/31/2026","   ","",
"1059703","Child Care Center","New Horizon Academy","625 Kutzky Ct NW","","","Rochester","MN","55901-2802","Olmsted","(507) 218-3090","Active","New Horizon Child Care Inc.","129","Ages Served: Toddlers Preschool School-Age","None","Services: Day Program","Minnesota Department of Human Services","09/01/2011","01/01/2026","12/31/2026","   ","",
"1063307","Child Care Center","New Horizon Academy","1 Scimed Pl","","","Maple Grove","MN","55311     ","Hennepin","","Active","New Horizon Child Care Inc.","126","Ages Served: Infants Toddlers Preschool School-Age","None","Services: Day Program, School-age Child Care Program","Minnesota Department of Human Services","08/13/2012","01/01/2026","12/31/2026","   ","",
"1063111","Child Care Center","New Horizon Academy","5903 Neal Ave N","","","Stillwater","MN","55082     ","Washington","(651) 209-0093","Active","New Horizon Child Care Inc.","130","Ages Served: Infants Toddlers Preschool","None","Services: Day Program","Minnesota Department of Human Services","07/09/2012","01/01/2026","12/31/2026","   ","",
"1053430","Child Care Center","New Horizon Academy","1310 Hennepin Ave","","","Minneapolis","MN","55403     ","Hennepin","(612) 455-0294","Active","New Horizon Child Care Inc.","92 ","Ages Served: Infants Toddlers Preschool","None","Services: Day Program","Minnesota Department of Human Services","03/16/2009","01/01/2026","12/31/2026","   ","",
"1051952","Child Care Center","New Horizon Academy","1295 Rice St","","","Saint Paul","MN","55117     ","Ramsey","(651) 488-6085","Active","New Horizon Child Care Inc.","86 ","Ages Served: Infants Toddlers Preschool","None","Services: Day Program","Minnesota Department of Human Services","09/29/2008","01/01/2026","12/31/2026","   ","",
"1034161","Child Care Center","New Horizon Academy","4177 Innovation Way","","","Saint Paul","MN","55112     ","Ramsey","(651) 582-4229","Active","New Horizon Child Care Inc.","120","Ages Served: Infants Toddlers Preschool","None","Services: Day Program","Minnesota Department of Human Services","02/07/2005","01/01/2026","12/31/2026","   ","",
"1038973","Child Care Center","New Horizon Academy","586 Carlton St N","","","Maplewood","MN","55119-4133","Ramsey","(651) 731-4693","Active","New Horizon Child Care Inc.","168","Ages Served: Infants Toddlers Preschool School-Age","Maximum number of school agers in the Preschool D and School Age classrooms is 48.; Maximum number of toddlers in the Toddler A, Toddler B, Toddler C, and Early Preschool A classrooms is 56.; Maximum number of preschoolers in Early Preschool A classrooms,","Services: Day Program","Minnesota Department of Human Services","01/24/2006","01/01/2026","12/31/2026","   ","",
"1036265","Child Care Center","New Horizon Academy","14105 James Rd","","","Rogers","MN","55374     ","Hennepin","(763) 428-0121","Active","New Horizon Child Care Inc.","172","Ages Served: Infants Toddlers Preschool School-Age","None","Services: Day Program","Minnesota Department of Human Services","06/20/2005","01/01/2026","12/31/2026","   ","",
"1021279","Child Care Center","New Horizon Academy","7601 Penn Ave S # D","","","Richfield","MN","55423     ","Hennepin","(612) 292-5437","Active","New Horizon Child Care Inc.","264","Ages Served: Infants Toddlers Preschool","None","Services: Day Program","Minnesota Department of Human Services","03/03/2003","01/01/2026","12/31/2026","   ","",
"1046297","Child Care Center","New Horizon Academy","7802 175th St W","","","Lakeville","MN","55044     ","Dakota","(952) 953-0555","Active","New Horizon Child Care Inc.","166","Ages Served: Infants Toddlers Preschool School-Age","None","Services: Day Program","Minnesota Department of Human Services","06/18/2007","01/01/2026","12/31/2026","   ","",
"1039761","Child Care Center","New Horizon Academy","13130 Riverdale Dr NW","","","Coon Rapids","MN","55448     ","Anoka","","Active","New Horizon Child Care Inc.","168","Ages Served: Infants Toddlers Preschool School-Age","None","Services: Day Program","Minnesota Department of Human Services","04/03/2006","01/01/2026","12/31/2026","   ","",
"1050896","Child Care Center","New Horizon Academy","3785 40th Ave NW","","","Rochester","MN","55901     ","Olmsted","(507) 252-6956","Active","New Horizon Child Care Inc.","158","Ages Served: Infants Toddlers Preschool","None","Services: Day Program","Minnesota Department of Human Services","08/18/2008","01/01/2026","12/31/2026","   ","",
"1048645","Child Care Center","New Horizon Academy","4390 Oakwood Pkwy NE","","","Saint Michael","MN","55376-4598","Wright","(763) 497-0536","Active","New Horizon Child Care Inc.","172","Ages Served: Infants Toddlers Preschool School-Age","None","Services: Day Program","Minnesota Department of Human Services","09/04/2007","01/01/2026","12/31/2026","   ","",
"1082346","Child Care Center","New Horizon Academy","105 W Lake St","","","Minneapolis","MN","55408-3119","Hennepin","","Active","New Horizon Child Care Inc.","168","Ages Served: Infants Toddlers Preschool","None","Services: Day Program","Minnesota Department of Human Services","01/16/2017","01/01/2026","12/31/2026","   ","",
"1083298","Child Care Center","New Horizon Academy","2431 Hennepin Ave","","","Minneapolis","MN","55405-2605","Hennepin","(612) 354-2470","Active","New Horizon Child Care Inc.","156","Ages Served: Infants Toddlers Preschool","Maximum number of Infants in the Transition Inf/Tod classroom is 12.","Services: Day Program","Minnesota Department of Human Services","02/28/2017","01/01/2026","12/31/2026","   ","",
"1081593","Child Care Center","New Horizon Academy","2460 Highway 100 S Ste A","","","Saint Louis Park","MN","55416-1731","Hennepin","(952) 681-2658","Active","New Horizon Child Care Inc.","160","Ages Served: Infants Toddlers Preschool","None","Services: Day Program","Minnesota Department of Human Services","08/15/2016","01/01/2026","12/31/2026","   ","",
"1091067","Child Care Center","New Horizon Academy","327 York Ave","","","Saint Paul","MN","55130-4039","Ramsey","(763) 252-6302","Active","New Horizon Child Care Inc.","194","Ages Served: Infants Toddlers Preschool School-Age","None","Services: Day Program","Minnesota Department of Human Services","01/15/2018","01/01/2026","12/31/2026","   ","",
"1074559","Child Care Center","New Horizon Academy","17995 Linwood Ct","","","Eden Prairie","MN","55347-2123","Hennepin","(952) 456-6850","Active","New Horizon Child Care Inc.","128","Ages Served: Infants Toddlers Preschool","Maximum number of Infants in the Infant 3/Toddler 1 classroom is 12.; Maximum number of Toddlers in the Pre1/Early Pre classroom is 14.","Services: Day Program","Minnesota Department of Human Services","08/25/2014","01/01/2026","12/31/2026","   ","",
"1067318","Child Care Center","New Horizon Academy","1975 Ford Pkwy","","","Saint Paul","MN","55116-1923","Ramsey","(651) 340-6956","Active","New Horizon Child Care Inc.","163","Ages Served: Infants Toddlers Preschool School-Age","Maximum number of school agers in the Pre K classroom is 5.","Services: Day Program","Minnesota Department of Human Services","05/19/2014","01/01/2026","12/31/2026","   ","",
"1064732","Child Care Center","New Horizon Academy","13905 County Road 6","","","Plymouth","MN","55441-3809","Hennepin","(763) 398-1860","Active","New Horizon Child Care Inc.","170","Ages Served: Infants Toddlers Preschool School-Age","None","Services: Day Program","Minnesota Department of Human Services","01/01/2013","01/01/2026","12/31/2026","   ","",
"1076039","Child Care Center","New Horizon Academy","16750 91st Ave N","","","Osseo","MN","55311-5494","Hennepin","","Active","New Horizon Child Care Inc.","144","Ages Served: Infants Toddlers Preschool School-Age","Maximum number of school age children in the Pre K 1 classroom is 5.; Maximum number of school age children in the Pre K 1 classroom is 5.","Services: Day Program","Minnesota Department of Human Services","01/19/2015","01/01/2026","12/31/2026","   ","",
"1079853","Child Care Center","New Horizon Academy","628 Kutzky Ct NW","","","Rochester","MN","55901-3334","Olmsted","(507) 218-3090","Active","New Horizon Child Care Inc.","110","Ages Served: Infants Toddlers","None","Services: Day Program","Minnesota Department of Human Services","06/20/2016","01/01/2026","12/31/2026","   ","",
"1078870","Child Care Center","New Horizon Academy","3354 Penn Ave N","","","Minneapolis","MN","55412-2342","Hennepin","(612) 521-0139","Active","New Horizon Child Care Inc.","174","Ages Served: Infants Toddlers Preschool School-Age","None","Services: Day Program","Minnesota Department of Human Services","11/30/2015","01/01/2026","12/31/2026","   ","",
"801660","Child Care Center","New Horizon Academy","7100 Brooklyn Blvd","","","Minneapolis","MN","55429     ","Hennepin","","Active","New Horizon Child Care Inc.","146","Ages Served: Infants Toddlers Preschool School-Age","None","Services: Day Program","Minnesota Department of Human Services","07/30/1979","07/27/2026","12/31/2026","   ","",
"801663","Child Care Center","New Horizon Academy","8000 E Fish Lake Rd","","","Maple Grove","MN","55311-2246","Hennepin","","Active","New Horizon Child Care Inc.","101","Ages Served: Infants Toddlers Preschool School-Age","None","Services: Day Program","Minnesota Department of Human Services","01/08/1988","01/01/2026","12/31/2026","   ","",
"801665","Child Care Center","New Horizon Academy","11441 Hanson Blvd NW","","","Coon Rapids","MN","55433     ","Anoka","","Active","New Horizon Child Care Inc.","174","Ages Served: Infants Toddlers Preschool School-Age","None","Services: Day Program","Minnesota Department of Human Services","08/02/1988","01/01/2026","12/31/2026","   ","",
"801666","Child Care Center","New Horizon Academy","13000 Pennock Ave","","","Apple Valley","MN","55124-4504","Dakota","(952) 452-7711","Active","New Horizon Child Care Inc.","108","Ages Served: Infants Toddlers Preschool School-Age","None","Services: Day Program","Minnesota Department of Human Services","10/30/1989","01/01/2026","12/31/2026","   ","",
"801667","Child Care Center","New Horizon Academy","4585 Erin Ln","","","Eagan","MN","55122-2359","Dakota","(651) 688-7383","Active","New Horizon Child Care Inc.","162","Ages Served: Infants Toddlers Preschool School-Age","None","Services: Day Program","Minnesota Department of Human Services","10/24/1988","01/01/2026","12/31/2026","   ","",
"801668","Child Care Center","New Horizon Academy","1385 Conway St","","","Saint Paul","MN","55106-5820","Ramsey","(651) 778-9441","Active","New Horizon Child Care Inc.","138","Ages Served: Infants Toddlers Preschool School-Age","None","Services: Day Program","Minnesota Department of Human Services","01/01/1980","01/01/2026","12/31/2026","   ","",
"801670","Child Care Center","New Horizon Academy","14088 141st St W","","","Apple Valley","MN","55124-6581","Dakota","(952) 423-6690","Active","New Horizon Child Care Inc.","172","Ages Served: Infants Toddlers Preschool School-Age","None","Services: Day Program","Minnesota Department of Human Services","08/18/1989","01/01/2026","12/31/2026","   ","",
"801671","Child Care Center","New Horizon Academy","1885 E 134th St","","","Burnsville","MN","55337     ","Dakota","(952) 431-1779","Active","New Horizon Child Care Inc.","98 ","Ages Served: Infants Toddlers Preschool School-Age","None","Services: Day Program","Minnesota Department of Human Services","03/03/1988","01/01/2026","12/31/2026","   ","",
"801673","Child Care Center","New Horizon Academy","310 Lake Dr E","","","Chanhassen","MN","55317-9302","Carver","(952) 949-9056","Active","New Horizon Child Care Inc.","108","Ages Served: Infants Toddlers Preschool","None","Services: Day Program","Minnesota Department of Human Services","10/19/1989","01/01/2026","12/31/2026","   ","",
"801674","Child Care Center","New Horizon Academy","4300 Lexington Ave S","","","Eagan","MN","55123-1917","Dakota","(651) 688-6638","Active","New Horizon Child Care Inc.","108","Ages Served: Infants Toddlers Preschool School-Age","None","Services: Day Program","Minnesota Department of Human Services","02/23/1990","01/01/2026","12/31/2026","   ","",
"801675","Child Care Center","New Horizon Academy","4412 Valley View Rd","","","Edina","MN","55424     ","Hennepin","(952) 920-3528","Active","New Horizon Child Care Inc.","126","Ages Served: Infants Toddlers Preschool","Maximum number of Infants in the Inf/Tod Combination classroom is 12.","Services: Day Program","Minnesota Department of Human Services","01/01/1988","01/01/2026","12/31/2026","   ","",
"801677","Child Care Center","New Horizon Academy","2204 Lower Afton Rd E","","","Saint Paul","MN","55119-5100","Ramsey","(651) 735-7311","Active","New Horizon Child Care Inc.","107","Ages Served: Infants Toddlers Preschool School-Age","None","Services: Day Program","Minnesota Department of Human Services","10/05/1989","01/01/2026","12/31/2026","   ","",
"801678","Child Care Center","New Horizon Academy","2251 Van Dyke St","","","Maplewood","MN","55109-2710","Ramsey","(651) 770-3826","Active","New Horizon Child Care Inc.","138","Ages Served: Infants Toddlers Preschool School-Age","None","Services: Day Program","Minnesota Department of Human Services","10/22/1974","01/01/2026","12/31/2026","   ","",
"801679","Child Care Center","New Horizon Academy","111 Marquette Ave","","","Minneapolis","MN","55401     ","Hennepin","","Active","New Horizon Child Care Inc.","139","Ages Served: Infants Toddlers Preschool","None","Services: Day Program","Minnesota Department of Human Services","09/20/1989","01/01/2026","12/31/2026","   ","",
"801680","Child Care Center","New Horizon Academy","15300 Minnetonka Blvd","","","Minnetonka","MN","55345-1511","Hennepin","(952) 931-9523","Active","New Horizon Child Care Inc.","89 ","Ages Served: Infants Toddlers Preschool School-Age","Maximum number of Infants in the Toddler 1 classroom is 12; Maximum number of School age in the Pre K classroom is 20.","Services: Day Program","Minnesota Department of Human Services","09/09/1986","01/01/2026","12/31/2026","   ","",
"801681","Child Care Center","New Horizon Academy","8400 Normandale Lake Blvd Ste 10","","","Bloomington","MN","55437     ","Hennepin","(952) 921-2273","Active","New Horizon Child Care Inc.","62 ","Ages Served: Infants Toddlers Preschool","None","Services: Day Program","Minnesota Department of Human Services","08/22/1986","01/01/2026","12/31/2026","   ","",
"801683","Child Care Center","New Horizon Academy","3050 Centre Pointe Dr Ste 900","","","Roseville","MN","55113-1181","Ramsey","(651) 631-3579","Active","New Horizon Child Care Inc.","108","Ages Served: Infants Toddlers Preschool School-Age","Maximum number of infants in the Infant/Toddler Transition classroom is 8.","Services: Day Program","Minnesota Department of Human Services","02/01/1989","01/01/2026","12/31/2026","   ","",
"801684","Child Care Center","New Horizon Academy","8050 Afton Rd","","","Woodbury","MN","55125     ","Washington","(651) 731-5222","Active","New Horizon Child Care Inc.","137","Ages Served: Infants Toddlers Preschool School-Age","None","Services: Day Program","Minnesota Department of Human Services","02/19/1988","01/01/2026","12/31/2026","   ","",
"801688","Child Care Center","New Horizon Academy","5340 Hyland Greens Dr","","","Bloomington","MN","55437     ","Hennepin","(952) 830-1148","Active","New Horizon Child Care Inc.","108","Ages Served: Infants Toddlers Preschool School-Age","None","Services: Day Program","Minnesota Department of Human Services","09/07/1990","01/01/2026","12/31/2026","   ","",
"801690","Child Care Center","New Horizon Academy","4201 Minnesota Dr","","","Bloomington","MN","55435-5427","Hennepin","(952) 893-1893","Active","New Horizon Child Care Inc.","160","Ages Served: Infants Toddlers Preschool","None","Services: Day Program","Minnesota Department of Human Services","08/10/1990","01/01/2026","12/31/2026","   ","",
"801692","Child Care Center","New Horizon Academy","6350 Point Chase","","","Eden Prairie","MN","55344-7726","Hennepin","(952) 944-5191","Active","New Horizon Child Care Inc.","108","Ages Served: Infants Toddlers Preschool","None","Services: Day Program","Minnesota Department of Human Services","09/12/1989","01/01/2026","12/31/2026","   ","",
"808906","Child Care Center","New Horizon Academy","3510 Federal Dr","","","Eagan","MN","55122     ","Dakota","(651) 454-3707","Active","New Horizon Child Care Inc.","132","Ages Served: Infants Toddlers Preschool School-Age","None","Services: Day Program","Minnesota Department of Human Services","02/27/1995","01/01/2026","12/31/2026","   ","",
"809195","Child Care Center","New Horizon Academy","9051 White Oaks Trl","","","Champlin","MN","55316     ","Hennepin","","Active","New Horizon Child Care Inc.","132","Ages Served: Infants Toddlers Preschool School-Age","None","Services: Day Program","Minnesota Department of Human Services","04/24/1995","01/01/2026","12/31/2026","   ","",
"809292","Child Care Center","New Horizon Academy","4400 Fountain Hills Dr NE","","","Prior Lake","MN","55372-1208","Scott","(952) 445-6701","Active","New Horizon Child Care Inc.","152","Ages Served: Infants Toddlers Preschool School-Age","None","Services: Day Program","Minnesota Department of Human Services","06/02/1995","01/01/2026","12/31/2026","   ","",
"810015","Child Care Center","New Horizon Academy","999 Moore Lake Dr E","","","Fridley","MN","55432     ","Anoka","(763) 574-7450","Active","New Horizon Child Care Inc.","138","Ages Served: Infants Toddlers Preschool School-Age","None","Services: Day Program, Drop-in Child Care Program","Minnesota Department of Human Services","03/04/1996","01/01/2026","12/31/2026","   ","",
"810731","Child Care Center","New Horizon Academy","19512 Holt St NW","","","Elk River","MN","55330-1287","Sherburne","(763) 441-7737","Active","New Horizon Child Care Inc.","172","Ages Served: Infants Toddlers Preschool School-Age","None","Services: Day Program","Minnesota Department of Human Services","09/13/1996","01/01/2026","12/31/2026","   ","",
"810886","Child Care Center","New Horizon Academy","19625 Highway 7","","","Shorewood","MN","55331     ","Hennepin","(952) 474-3799","Closed as of 08/29/2026","New Horizon Child Care Inc.","110","Ages Served: Infants Toddlers Preschool School-Age","Maximum number of Preschool or School Age in the Pre-K/School Age classroom is 30.","Services: Day Program","Minnesota Department of Human Services","11/01/1996","01/01/2026","12/31/2026","   ","",
"830403","Child Care Center","New Horizon Academy","1506 Northway Dr","","","Saint Cloud","MN","56303     ","Stearns","","Active","New Horizon Child Care Inc.","97 ","Ages Served: Infants Toddlers Preschool School-Age","None","Services: Day Program","Minnesota Department of Human Services","09/02/1997","01/01/2026","12/31/2026","   ","",
"807019","Child Care Center","New Horizon Academy","9085 203rd St W","","","Lakeville","MN","55044-5979","Dakota","(952) 469-6659","Active","New Horizon Child Care Inc.","172","Ages Served: Infants Toddlers Preschool School-Age","None","Services: Day Program","Minnesota Department of Human Services","01/19/1994","01/01/2026","12/31/2026","   ","",
"803970","Child Care Center","New Horizon Academy","10305 6th Ave N","","","Plymouth","MN","55441-6370","Hennepin","","Active","New Horizon Child Care Inc.","143","Ages Served: Infants Toddlers Preschool School-Age","None","Services: Day Program","Minnesota Department of Human Services","06/13/1991","01/01/2026","12/31/2026","   ","",
"803878","Child Care Center","New Horizon Academy","4115 Berkshire Ln N","","","Plymouth","MN","55446-3814","Hennepin","","Active","New Horizon Child Care Inc.","108","Ages Served: Infants Toddlers Preschool School-Age","None","Services: Day Program","Minnesota Department of Human Services","01/30/1991","01/01/2026","12/31/2026","   ","",
"803892","Child Care Center","New Horizon Academy","548 Prairie Center Dr","","","Eden Prairie","MN","55344     ","Hennepin","(952) 942-0092","Active","New Horizon Child Care Inc.","74 ","Ages Served: Infants Toddlers Preschool School-Age","Maximum number of Preschool or School Age in the Blended PreK/School Age classroom is 20.","Services: Day Program","Minnesota Department of Human Services","01/30/1991","01/01/2026","12/31/2026","   ","",
"804350","Child Care Center","New Horizon Academy","2381 108th Ln NE","","","Blaine","MN","55449-5222","Anoka","(763) 757-2604","Active","New Horizon Child Care Inc.","172","Ages Served: Infants Toddlers Preschool School-Age","Maximum number of school-aged children in the Pre-K classroom is 2.","Services: Day Program","Minnesota Department of Human Services","09/30/1991","01/01/2026","12/31/2026","   ","",
"1012986","Child Care Center","New Horizon Academy","4345 Peony Ln N","","","Plymouth","MN","55446-1737","Hennepin","(763) 478-2412","Active","New Horizon Child Care Inc.","172","Ages Served: Infants Toddlers Preschool School-Age","None","Services: Day Program","Minnesota Department of Human Services","07/30/2001","01/01/2026","12/31/2026","   ","",
"1005123","Child Care Center","New Horizon Academy","116 Highway 13 E","","","Burnsville","MN","55337     ","Dakota","(952) 746-5650","Active","New Horizon Child Care Inc.","153","Ages Served: Infants Toddlers Preschool School-Age","None","Services: Day Program","Minnesota Department of Human Services","08/23/2000","01/01/2026","12/31/2026","   ","",
"1007914","Child Care Center","New Horizon Academy","401 Robert St N Ste 101","","","Saint Paul","MN","55101     ","Ramsey","(651) 224-4256","Active","New Horizon Child Care Inc.","206","Ages Served: Infants Toddlers Preschool","None","Services: Day Program","Minnesota Department of Human Services","11/06/2000","01/01/2026","12/31/2026","   ","",
"1009917","Child Care Center","New Horizon Academy","14121 Huntington Ave","","","Savage","MN","55378     ","Scott","(952) 736-9120","Active","New Horizon Child Care Inc.","152","Ages Served: Infants Toddlers Preschool School-Age","None","Services: Day Program","Minnesota Department of Human Services","03/30/2001","01/01/2026","12/31/2026","   ","",
"1002184","Child Care Center","New Horizon Academy","4079 Central Ave NE","","","Columbia Heights","MN","55421     ","Anoka","(763) 789-3863","Active","New Horizon Child Care Inc.","160","Ages Served: Infants Toddlers Preschool School-Age","None","Services: Day Program","Minnesota Department of Human Services","03/16/2000","01/01/2026","12/31/2026","   ","",
"1000499","Child Care Center","New Horizon Academy","8547 Edinburgh Center Dr","","","Brooklyn Park","MN","55443     ","Hennepin","(763) 315-3033","Active","New Horizon Child Care Inc.","172","Ages Served: Infants Toddlers Preschool School-Age","None","Services: Day Program","Minnesota Department of Human Services","08/23/1999","01/01/2026","12/31/2026","   ","",
"1000964","Child Care Center","New Horizon Academy","2905 N Chestnut St","","","Chaska","MN","55318     ","Carver","(952) 368-9850","Active","New Horizon Child Care Inc.","166","Ages Served: Infants Toddlers Preschool School-Age","Maximum number of Toddlers or Preschool in the Toddler 3/Preschool classroom is 14.; Maximum number of Preschool or School Age in the PreK/School Age classroom is 30.","Services: Day Program","Minnesota Department of Human Services","09/07/1999","01/01/2026","12/31/2026","   ","",
"1000965","Child Care Center","New Horizon Academy","126 Twin Rivers Ct","","","Sartell","MN","56377     ","Stearns","","Active","New Horizon Child Care Inc.","154","Ages Served: Infants Toddlers Preschool School-Age","None","Services: Day Program","Minnesota Department of Human Services","09/20/1999","01/01/2026","12/31/2026","   ","",
"1121647","Child Care Center","New Horizon Academy","7315 Brockton Ln N","","","Corcoran","MN","55340     ","Hennepin","","Active","New Horizon Child Care Inc.","174","Ages Served: Infants Toddlers Preschool School-Age","None","Services: Day Program","Minnesota Department of Human Services","04/22/2024","01/01/2026","12/31/2026","   ","",
"2000301","Child Care Center","New Horizon Academy","2730 149th St W","","","Rosemount","MN","55068     ","Dakota","(651) 314-1410","Active","New Horizon Child Care Inc.","174","Ages Served: Infants Toddlers Preschool School-Age","None","Services: Day Program","Minnesota Department of Human Services","01/01/2025","01/01/2026","12/31/2026","   ","",
"2000326","Child Care Center","New Horizon Academy","7000 57th Ave N","","","Crystal","MN","55428     ","Hennepin","(651) 461-8228","Active","New Horizon Child Care Inc.","186","Ages Served: Infant;Toddler;Preschool","None","Services: Day Program","Minnesota Department of Human Services","11/18/2024","01/01/2026","12/31/2026","   ","",
"1117832","Child Care Center","New Horizon Academy","655 5th Ave S","","","Minneapolis","MN","55415-7541","Hennepin","(612) 886-3023","Active","New Horizon Child Care Inc.","124","Ages Served: Infants Toddlers Preschool","None","Services: Day Program","Minnesota Department of Human Services","08/07/2023","01/01/2026","12/31/2026","   ","",
"1109757","Child Care Center","New Horizon Academy","2385 Rosemary Way","","","Lino Lakes","MN","55038     ","Anoka","(651) 204-5101","Active","New Horizon Child Care Inc.","176","Ages Served: Infants Toddlers Preschool","Maximum number of infants in the Toddler Transition classroom is 14. Maximum number of toddler in the Toddler Transition classroom is 14.","Services: Day Program","Minnesota Department of Human Services","07/29/2021","01/01/2026","12/31/2026","   ","",
"1102376","Child Care Center","New Horizon Academy","7800 Sunwood Dr NW","","","Ramsey","MN","55303-5158","Anoka","(763) 710-4478","Active","New Horizon Child Care Inc.","126","Ages Served: Infants Toddlers Preschool School-Age","Maximum number of school age in the PreK/School Age classroom is ten.","Services: Day Program","Minnesota Department of Human Services","01/24/2020","01/01/2026","12/31/2026","   ","",
"1094861","Child Care Center","New Horizon Academy","1615 Windermere Way","","","Shakopee","MN","55379-3551","Scott","(651) 424-0463","Active","New Horizon Child Care Inc.","176","Ages Served: Infants Toddlers Preschool School-Age","Maximum number of Infants in the Transition Inf/Tod classroom is 12.","Services: Day Program","Minnesota Department of Human Services","09/24/2018","01/01/2026","12/31/2026","   ","",
"1092818","Child Care Center","New Horizon Academy","4001 Lexington Ave N","","","Arden Hills","MN","55126     ","Ramsey","(651) 375-5437","Active","New Horizon Child Care Inc.","123","Ages Served: Infants Toddlers Preschool","None","Services: Day Program","Minnesota Department of Human Services","05/14/2018","01/01/2026","12/31/2026","   ","",
"2002131","Child Care Center","New Horizon Academy","227 E Main St","","","Mankato","MN","56001     ","Blue Earth","(507) 330-7700","Active","New Horizon Child Care Inc.","137","Ages Served: Infant;Toddler;Preschool","Per State Fire Marshal, rooms with only one exit (202, 203, 204) shall have a maximum of 10 children -OR- may only be used
for children over the age of 2.5 (max determined by sq footage up to 49).","Services: Day Program","Minnesota Department of Human Services","02/02/2026","02/02/2026","12/31/2026","   ","",
"1065479","Child Care Center","New Life Academy Early Childhood Program","6758 Bailey Rd","","","Woodbury","MN","55129-2506","Washington","(651) 459-4121","Active","New Life Church of Woodbury","165","Ages Served: Preschool","None","Services: Day Program","Minnesota Department of Human Services","09/03/2013","01/01/2026","12/31/2026","   ","",
"801048","Child Care Center","Newport Head Start","1596 11th Ave","","","Newport","MN","55055-1649","Washington","(651) 769-0382","Active","Anoka County Community Action Program, Inc.","40 ","Ages Served: Preschool","None","Services: Day Program","Minnesota Department of Human Services","09/01/1984","01/01/2026","12/31/2026","   ","",
"2002295","Child Care Center","Newstar Child Care Inc","914 University Ave W","","","Saint Paul","MN","55104     ","Ramsey","(952) 686-3264","Active","Newstar Child Care Inc","65 ","Ages Served: Infants Toddlers Preschool School-Age","Per State Fire Marshal: no more than 71 total building occupants, including no more than the maximum licensed capacity of 65 children, are allowed at any time.","Services: Day Program","Minnesota Department of Human Services","08/10/2026","08/10/2026","12/31/2026","   ","",
"1078197","Child Care Center","Next Best Thing to Grandma","38155 Forest Blvd","","","North Branch","MN","55056-5578","Chisago","(651) 674-0044","Active","Next Best Thing To Grandma L. L. C.","99 ","Ages Served: Infants Toddlers Preschool School-Age","None","Services: Day Program","Minnesota Department of Human Services","01/01/2016","01/01/2026","12/31/2026","   ","",
"1000491","Child Care Center","Next Best Thing to Mom","390 Opportunity Blvd N","","","Cambridge","MN","55008-5824","Isanti","(763) 689-3915","Active","Next Best Thing to Mom, Inc.","83 ","Ages Served: Infants Toddlers Preschool School-Age","None","Services: Day Program","Minnesota Department of Human Services","08/17/1999","01/01/2026","12/31/2026","   ","",
"1079093","Child Care Center","Next Steps Learning Center","1430 Park Ct","","","Chanhassen","MN","55317     ","Carver","(952) 923-1065","Active","A & M Chanhassen Child Care Inc","125","Ages Served: Infants Toddlers Preschool School-Age","Maximum number of School Age in the Preschool 3 classroom is 5.","Services: Day Program","Minnesota Department of Human Services","02/26/2016","01/01/2026","12/31/2026","   ","",
"1079094","Child Care Center","Next Steps Learning Center","2440 Chaska Blvd","","","Chaska","MN","55318     ","Carver","(952) 368-4409","Active","A & M Chaska Child Care Inc","177","Ages Served: Infants Toddlers Preschool School-Age","None","Services: Day Program","Minnesota Department of Human Services","02/26/2016","01/01/2026","12/31/2026","   ","",
"1120754","Child Care Center","Next Steps Learning Center","2750 Winners Cir","","","Shakopee","MN","55379     ","Scott","(952) 600-3037","Active","A & M Shakopee Child Care Inc","189","Ages Served: Infants Toddlers Preschool School-Age","None","Services: Day Program","Minnesota Department of Human Services","12/04/2023","01/01/2026","12/31/2026","   ","",
"1115770","Child Care Center","Next Steps Learning Center","1730 Monroe Dr","","","Carver","MN","55315-4422","Carver","(952) 405-6439","Active","A & M Carver Child Care Inc.","189","Ages Served: Infants Toddlers Preschool School-Age","Maximum number of Toddlers in the Early PS A classroom is 14.; Maximum number of School Age in the Pre-K B classroom is 30.","Services: Day Program","Minnesota Department of Human Services","02/13/2023","01/01/2026","12/31/2026","   ","",
"1115227","Child Care Center","Nicollet Child Care Center LLC","8101 Nicollet Ave S","","","Bloomington","MN","55420-1231","Hennepin","(952) 881-0977","Closed as of 04/27/2026","Nicollet Child Care Center LLC","82 ","Ages Served: Infant;Toddler;Preschool;School Age","None","Services: Day Program","Minnesota Department of Human Services","10/17/2022","01/01/2026","12/31/2026","   ","",
"2000070","Child Care Center","Nicollet Daycare Center Inc","2647 Bloomington Ave","","","Minneapolis","MN","55407     ","Hennepin","","Active","Nicollet Daycare Center Inc","64 ","Ages Served: Infant;Toddler;Preschool;School Age","None","Services: Day Program, School-age Child Care Program","Minnesota Department of Human Services","07/02/2024","06/02/2026","12/31/2026","   ","",
"1040952","Child Care Center","Nicollet Early Education Center","1 Pine St","","","Nicollet","MN","56074     ","Nicollet","","Active","Nicollet Public School District 0507-01","61 ","Ages Served: Infants Toddlers Preschool","None","Services: Day Program","Minnesota Department of Human Services","07/26/2006","09/02/2026","12/31/2026","   ","",
"2001607","Child Care Center","NIDO","7132 Portland Ave","","","Richfield","MN","55423     ","Hennepin","(612) 512-9668","Active","Arantxa Inc.","40 ","Ages Served: Infants Toddlers Preschool","None","Services: Day Program, School-age Child Care Program","Minnesota Department of Human Services","03/20/2025","01/01/2026","12/31/2026","   ","",
"1095161","Child Care Center","Nisse Treehouse LLC","114 E Alpine","","","Mabel","MN","55954-1507","Fillmore","(507) 493-5500","Active","Nisse Treehouse LLC","42 ","Ages Served: Infants Toddlers Preschool School-Age","None","Services: Day Program","Minnesota Department of Human Services","09/17/2018","01/01/2026","12/31/2026","   ","",
"1011385","Child Care Center","Noah's Ark Child Care","223 1st St NE","","","Madelia","MN","56062     ","Watonwan","(507) 642-3626","Active","The Church of Saint Mary of Madelia, Minnesota","63 ","Ages Served: Infants Toddlers Preschool","None","Services: Day Program","Minnesota Department of Human Services","08/20/2001","01/01/2026","12/31/2026","   ","",
"801712","Child Care Center","Noah's Ark Child Development Center","11901 Excelsior Blvd","","","Minnetonka","MN","55343-8856","Hennepin","(952) 933-5330","Active","Noah's Ark Child Development Centers, Inc.","96 ","Ages Served: Infants Toddlers Preschool","None","Services: Day Program","Minnesota Department of Human Services","08/19/1985","01/01/2026","12/31/2026","   ","",
"801718","Child Care Center","Noah's Ark Preschool","700 Division St","","","Brownton","MN","55312-4523","McLeod","(320) 328-5325","Active","Immanuel Lutheran Church","15 ","Ages Served: Preschool","None","Services: Day Program","Minnesota Department of Human Services","09/04/1990","01/01/2026","12/31/2026","   ","",
"804368","Child Care Center","Noah's Ark Preschool","9185 Lexington Ave N","","","Circle Pines","MN","55014-3626","Anoka","(763) 784-5928","Active","Our Savior's Lutheran Church of Circle Pines","76 ","Ages Served: Preschool School-Age","None","Services: Day Program","Minnesota Department of Human Services","11/13/1991","01/01/2026","12/31/2026","   ","",
"1056289","Child Care Center","Noah's Ark Preschool","415 S Hiawatha Ave","","","Pipestone","MN","56164-1557","Pipestone","(507) 825-3152","Active","The Church of St. Leo of Pipestone, Minnesota","20 ","Ages Served: Preschool","None","Services: Day Program","Minnesota Department of Human Services","01/19/2010","01/01/2026","12/31/2026","   ","",
"801716","Child Care Center","Noahs Ark Preschool","302 2nd St NE","","","Buffalo","MN","55313-1609","Wright","(763) 682-1883","Active","St. Johns Lutheran Church","30 ","Ages Served: Preschool","None","Services: Day Program","Minnesota Department of Human Services","10/26/1988","01/01/2026","12/31/2026","   ","",
"1082133","Child Care Center","Nokomis Daycare Center Inc","4010 Bloomington Ave","","","Minneapolis","MN","55407-3331","Hennepin","(612) 702-8631","Active","Nokomis Daycare Center Inc","71 ","Ages Served: Infants Toddlers Preschool School-Age","None","Services: Day Program","Minnesota Department of Human Services","10/24/2016","03/25/2026","12/31/2026","   ","",
"801726","Child Care Center","Normandale Preschool & Blessing Place","6100 Normandale Rd","","","Edina","MN","55436-2633","Hennepin","(952) 977-9371","Active","Normandale Lutheran Church","120","Ages Served: Toddlers Preschool","None","Services: Day Program","Minnesota Department of Human Services","09/17/1973","03/26/2026","12/31/2026","   ","",
"1106167","Child Care Center","North Heights Christian Preschool & Childcare","1700 Highway 96 W","","","Arden Hills","MN","55112     ","Ramsey","(651) 797-7863","Active","North Heights Lutheran Church","50 ","Ages Served: Preschool School-Age","None","Services: Day Program","Minnesota Department of Human Services","09/07/2021","01/01/2026","12/31/2026","   ","",
"801619","Child Care Center","North Heights Christian Preschool and Childcare","2651 Rice St","","","Saint Paul","MN","55113-2202","Ramsey","(651) 797-7953","Active","North Heights Lutheran Church","110","Ages Served: Preschool School-Age","None","Services: Day Program","Minnesota Department of Human Services","09/01/1982","01/01/2026","12/31/2026","   ","",
"1118101","Child Care Center","North Oaks Montessori","5050 Hodgson Rd # 1126","","","Shoreview","MN","55126-1226","Ramsey","(320) 279-9548","Active","Musical Montessori Preschool and Childcare Center LLC","27 ","Ages Served: Toddlers Preschool","Per State Fire Marshal/local fire inspector no more than five children under the age of 30 months in care.","Services: Day Program","Minnesota Department of Human Services","06/12/2023","01/01/2026","12/31/2026","   ","",
"1073662","Child Care Center","North Ridge Child Day Care LLC","5430 Boone Ave N","","","New Hope","MN","55428-3615","Hennepin","(763) 592-2680","Active","North Ridge Child Day Care LLC","36 ","Ages Served: Infants Toddlers Preschool","None","Services: Day Program","Minnesota Department of Human Services","08/22/2014","01/01/2026","12/31/2026","   ","",
"1100884","Child Care Center","North Saint Paul Head Start","2499 Helen St N","","","North Saint Paul","MN","55109     ","Ramsey","(651) 603-5820","Active","Community Action Partnership of Ramsey and Washington Counties","40 ","Ages Served: Preschool","None","Services: Day Program","Minnesota Department of Human Services","09/03/2019","07/21/2026","12/31/2026","   ","",
"1120630","Child Care Center","NorthBridge Child Development Center LLC","1926 University Ave W","","","Saint Paul","MN","55104-3426","Ramsey","(651) 272-6194","Active","NorthBridge Child Development Center L.L.C.","38 ","Ages Served: Infants Toddlers Preschool","None","Services: Day Program","Minnesota Department of Human Services","09/22/2023","01/01/2026","12/31/2026","   ","",
"809586","Child Care Center","Northeast Neighborhood Early Center","342 13th Ave NE","","","Minneapolis","MN","55413-1265","Hennepin","(612) 379-7422","Active","Parents in Community Action, Inc.","88 ","Ages Served: Infants Toddlers Preschool","None","Services: Day Program","Minnesota Department of Human Services","09/19/1995","01/01/2026","12/31/2026","   ","",
"1000428","Child Care Center","Northern Voices","1660 County Road B W","","","Saint Paul","MN","55113-4033","Ramsey","(651) 639-2535","Active","Northern Voices","29 ","Ages Served: Toddlers Preschool School-Age","None","Services: Day Program","Minnesota Department of Human Services","09/07/1999","01/01/2026","12/31/2026","   ","",
"801755","Child Care Center","Northfield Day Care Center","300 Union St","","","Northfield","MN","55057-2252","Rice","(507) 645-8400","Active","Northfield Day Care Center Corporation","25 ","Ages Served: Preschool","None","Services: Day Program","Minnesota Department of Human Services","11/12/1970","01/01/2026","12/31/2026","   ","",
"811016","Child Care Center","Northfield Montessori","340 Montessori Ct","","","Northfield","MN","55057-3291","Rice","(507) 663-1279","Active","Northfield Montessori","186","Ages Served: Infants Toddlers Preschool School-Age","None","Services: Day Program","Minnesota Department of Human Services","06/02/1997","01/01/2026","12/31/2026","   ","",
"801756","Child Care Center","Northfield Nursery School","1401 Maple St","","","Northfield","MN","55057-2926","Rice","(507) 645-4607","Active","Northfield Nursery School","28 ","Ages Served: Preschool","None","Services: Day Program","Minnesota Department of Human Services","11/01/1945","01/01/2026","12/31/2026","   ","",
"830978","Child Care Center","Northside Child Development Center","1000 Plymouth Ave N","","","Minneapolis","MN","55411-4005","Hennepin","(612) 204-8214","Active","Catholic Charities of The Archdiocese of Saint Paul and Minneapolis","129","Ages Served: Infants Toddlers Preschool School-Age","None","Services: Day Program","Minnesota Department of Human Services","01/01/1999","01/01/2026","12/31/2026","   ","",
"1003955","Child Care Center","Northside Christian Preschool and Childcare Center","804 131st Ave NE","","","Blaine","MN","55434     ","Anoka","(763) 755-3993","Active","Northside Christian School","10 ","Ages Served: Preschool","None","Services: Day Program","Minnesota Department of Human Services","09/22/2000","08/26/2026","12/31/2026","   ","",
"2001930","Child Care Center","Northstar Childcare Center Inc","3616 12th Ave S","","","Minneapolis","MN","55407     ","Hennepin","(773) 780-6459","Active","Northstar Childcare Center Inc","111","Ages Served: Infants Toddlers Preschool School-Age","None","Services: Day Program","Minnesota Department of Human Services","07/13/2026","07/13/2026","12/31/2026","   ","",
"1086199","Child Care Center","Notre Dame Academy Discovery Center","13505 Excelsior Blvd","","","Minnetonka","MN","55345-4913","Hennepin","(952) 358-3507","Active","Lake Area Discovery Center","144","Ages Served: Toddlers Preschool","None","Services: Day Program","Minnesota Department of Human Services","08/30/2017","01/01/2026","12/31/2026","   ","",
"1065874","Child Care Center","Nuna Childcare Center Inc","312 W Lake St Ste 2933","","","Minneapolis","MN","55408-4898","Hennepin","(612) 345-4060","Active","Nuna Childcare Center Inc","71 ","Ages Served: Infants Toddlers Preschool School-Age","None","Services: Day Program","Minnesota Department of Human Services","08/21/2013","01/01/2026","12/31/2026","   ","",
"2000082","Child Care Center","Nurture Byron","1025 Tompkins Dr NE","","","Byron","MN","55920     ","Olmsted","(507) 624-0101","Active","Nurture Byron L.L.C.","114","Ages Served: Infant;Toddler;Preschool;School Age","None","Services: Day Program, School-age Child Care Program","Minnesota Department of Human Services","03/11/2024","01/01/2026","12/31/2026","   ","",
"1106142","Child Care Center","Nurturing Bright Minds Academy Corp.","6716 Gleason Rd","","","Edina","MN","55439-1130","Hennepin","(952) 777-6351","Active","Nurturing Bright Minds Academy Corp","25 ","Ages Served: Infants Toddlers Preschool","None","Services: Day Program","Minnesota Department of Human Services","01/04/2021","01/01/2026","12/31/2026","   ","",
"1088343","Child Care Center","O2B Kids Carver","4745 Dahlgren Rd","","","Carver","MN","55315-2201","Carver","(952) 466-2603","Active","COT Learning Center Carver, Inc.","137","Ages Served: Infants Toddlers Preschool School-Age","Maximum number of School Age in the PreK/SA-Seniors classroom is 24.; Maximum number of Toddlers in the Tod/Pre- Sophomore classroom is 20.","Services: Day Program","Minnesota Department of Human Services","09/05/2017","03/16/2026","12/31/2026","   ","",
"1021418","Child Care Center","O2B Kids Chanhassen","1490 Lake Dr W","","","Chanhassen","MN","55317-8518","Carver","(952) 448-7829","Active","COT Learning Center Inc.","205","Ages Served: Infants Toddlers Preschool School-Age","None","Services: Day Program","Minnesota Department of Human Services","01/01/2003","03/16/2026","12/31/2026","   ","",
"2000274","Child Care Center","O2B Kids Cottage Grove","7781 Hardwood Ave S","","","Cottage Grove","MN","55016     ","Washington","(651) 506-5966","Active","O2B Early Education Holding, Inc","159","Ages Served: Infants Toddlers Preschool School-Age","None","Services: Day Program, School-age Child Care Program","Minnesota Department of Human Services","09/10/2024","05/07/2026","12/31/2026","   ","",
"2000242","Child Care Center","O2B Kids East Rochester","231 Penny Ln NE","","","Rochester","MN","55906     ","Olmsted","(507) 200-5711","Active","O2B Early Education Holding, Inc","146","Ages Served: Infants Toddlers Preschool School-Age","None","Services: Day Program, School-age Child Care Program","Minnesota Department of Human Services","08/19/2024","01/01/2026","12/31/2026","   ","",
"1083642","Child Care Center","O2B Kids Norwood","316 W Highway 212","","","Norwood Young America","MN","55368-9775","Carver","(952) 467-2610","Active","COT Learning Center NYA, Inc.","126","Ages Served: Infants Toddlers Preschool School-Age","Maximum number of Toddlers in the Early Preschool classroom is 14.","Services: Day Program","Minnesota Department of Human Services","01/03/2017","01/01/2026","12/31/2026","   ","",
"2000249","Child Care Center","O2B Kids NW Rochester","5591 Villa Rd NW","","","Rochester","MN","55901     ","Olmsted","(507) 200-5710","Active","O2B Early Education Holding, Inc","146","Ages Served: Infants Toddlers Preschool School-Age","None","Services: Day Program, School-age Child Care Program","Minnesota Department of Human Services","08/26/2024","01/01/2026","12/31/2026","   ","",
"2001640","Child Care Center","O2B Kids Otsego","8780 Parkview Ave NE","","","Otsego","MN","55330     ","Sherburne","(352) 338-9660","Active","O2B Early Education Holding, Inc","158","Ages Served: Infants Toddlers Preschool School-Age","The room capacity for this Infant C is limited to 12 children with 2 cribs. No more than 2 children, under 12 months of age may be enrolled in this classroom at a time. Subsequently, if an addition child or children between the ages of 12-16 months requir","Services: Day Program, School-age Child Care Program","Minnesota Department of Human Services","02/24/2025","02/24/2025","12/31/2025","   ","",
"2001765","Child Care Center","O2B Kids Rosemount","1060 Upper 144th Street West","","","Rosemount","MN","55068     ","Dakota","(651) 333-4422","Active","O2B Early Education Holding, Inc","158","Ages Served: Infants Toddlers Preschool School-Age","None","Services: Day Program, School-age Child Care Program","Minnesota Department of Human Services","09/15/2025","06/22/2026","12/31/2026","   ","",
"2001641","Child Care Center","O2B Kids Sartell","2451 Leander Ave","","","Sartell","MN","56377     ","Stearns","(320) 458-8785","Conditional as of 06/22/2026","O2B Early Education Holding, Inc","158","Ages Served: Infants Toddlers Preschool School-Age","The room capacity for this Infant C is limited to 12 children with 2 cribs.  No more than 2 children, under 12 months of age may be enrolled in this classroom at a time.  Subsequently, if an addition child or children between the ages of 12-16 months requ","Services: Day Program, School-age Child Care Program","Minnesota Department of Human Services","01/31/2025","01/01/2026","12/31/2026","   ","",
"1046049","Child Care Center","O2B Kids Waconia","410 10th St E","","","Waconia","MN","55387-4552","Carver","(952) 443-9900","Active","Children of Tomorrow Learning Center, Waconia Inc.","157","Ages Served: Infants Toddlers Preschool School-Age","Maximum number of School Age in the PreK B classroom is 8.; Maximum number of Infants in the Young Toddler classroom is 12.; Maximum number of Toddlers in the Early Pre classroom is 17.","Services: Day Program","Minnesota Department of Human Services","06/04/2007","03/16/2026","12/31/2026","   ","",
"801787","Child Care Center","Oak Grove Children's Center","7045 Lyndale Ave S","","","Richfield","MN","55423-3069","Hennepin","(612) 869-1884","Active","Oak Grove Lutheran Church","24 ","Ages Served: Infants Toddlers Preschool","Maximum number of preschooler aged children in the Toddler / Preschool classroom is 9.; Maximum number of toddler aged children in the program is 16.","Services: Day Program","Minnesota Department of Human Services","11/05/1984","01/01/2026","12/31/2026","   ","",
"1110410","Child Care Center","Oak Hill Montessori Community School","4665 Hodgson Rd","","","Shoreview","MN","55126-6040","Ramsey","(651) 484-8242","Active","OHM","108","Ages Served: Toddler;Preschool;School Age","None","Services: Day Program","Minnesota Department of Human Services","04/04/2022","09/08/2026","12/31/2026","   ","",
"1030682","Child Care Center","Oak Knoll Christian Preschool","600 Hopkins Xrd","","","Hopkins","MN","55305-1469","Hennepin","(952) 334-8200","Active","Oak Knoll Lutheran Church","44 ","Ages Served: Toddlers Preschool","None","Services: Day Program","Minnesota Department of Human Services","09/01/2004","01/01/2026","12/31/2026","   ","",
"1013355","Child Care Center","Oakdale Head Start","6355 10th St N","","","Oakdale","MN","55128-6137","Washington","(651) 748-0021","Active","Anoka County Community Action Program, Inc.","20 ","Ages Served: Preschool","None","Services: Day Program","Minnesota Department of Human Services","10/23/2001","01/01/2026","12/31/2026","   ","",
"801803","Child Care Center","Olivia Head Start","701 9th St S","","","Olivia","MN","56277-1572","Renville","(320) 523-2264","Active","United Community Action Partnership, Inc.","20 ","Ages Served: Preschool","None","Services: Day Program","Minnesota Department of Human Services","12/01/1976","01/01/2026","12/31/2026","   ","",
"1075545","Child Care Center","Olu's Beginnings","1315 12th Ave N","","","Minneapolis","MN","55411     ","Hennepin","(612) 824-1142","Active","Olu's Beginnings, LLC","110","Ages Served: Infants Toddlers Preschool School-Age","None","Services: Day Program","Minnesota Department of Human Services","07/01/2015","01/01/2026","12/31/2026","   ","",
"1025085","Child Care Center","One Block at a Time","702 Chatfield Ave NW","","","Preston","MN","55965-1089","Fillmore","(507) 765-3809","Active","Fillmore Central 2198-01","80 ","Ages Served: Infants Toddlers Preschool","None","Services: Day Program","Minnesota Department of Human Services","09/05/2003","01/01/2026","12/31/2026","   ","",
"806785","Child Care Center","Open Arms Christian Early Childhood Center","201 E 104th St","","","Minneapolis","MN","55420-5305","Hennepin","(952) 888-5116","Active","Holy Emmanuel Evangelical Lutheran Church, Bloomington, Minnesota","122","Ages Served: Infants Toddlers Preschool School-Age","None","Services: Day Program","Minnesota Department of Human Services","01/01/1999","01/01/2026","12/31/2026","   ","",
"1056213","Child Care Center","Open Arms Early Education & Child Care Center","3355 Hiawatha Ave","","","Minneapolis","MN","55406-2441","Hennepin","(612) 729-0000","Active","Open Arms Early Education & Child Care Center, Incorporated","138","Ages Served: Infants Toddlers Preschool School-Age","None","Services: Day Program","Minnesota Department of Human Services","04/19/2010","01/07/2026","12/31/2026","   ","",
"1117027","Child Care Center","Open Arms Early Learning Center LLC","4123 E Lake St Ste A","","","Minneapolis","MN","55406-2255","Hennepin","(651) 417-3754","Closed as of 06/02/2026","Open Arms Early Learning Center LLC","84 ","Ages Served: Infants Toddlers Preschool School-Age","None","Services: Day Program","Minnesota Department of Human Services","04/20/2023","01/01/2026","12/31/2026","   ","",
"1006214","Child Care Center","Open Arms Lutheran Child Development Center","616 Ruth St N","","","Saint Paul","MN","55119-3936","Ramsey","(651) 735-4202","Active","Eastern Heights Evangelical Lutheran Church","110","Ages Served: Infants Toddlers Preschool School-Age","None","Services: Day Program","Minnesota Department of Human Services","07/17/2001","01/01/2026","12/31/2026","   ","",
"801813","Child Care Center","Open Door Preschool","500 3rd St W","","","Northfield","MN","55057-1717","Rice","(507) 645-8532","Active","Open Door Preschool","20 ","Ages Served: Preschool","None","Services: Day Program","Minnesota Department of Human Services","12/01/1966","01/01/2026","12/31/2026","   ","",
"1076119","Child Care Center","Orchard Park Crosstown","6000 Culligan Way","","","Minnetonka","MN","55345-5917","Hennepin","(952) 938-3333","Active","Orchard Park Daycare LLC","57 ","Ages Served: Infants Toddlers Preschool","None","Services: Day Program","Minnesota Department of Human Services","01/05/2015","01/01/2026","12/31/2026","   ","",
"1018312","Child Care Center","Orono Discovery Center-ISD #278","5050 Independence St","","","Maple Plain","MN","55359-9642","Hennepin","(952) 746-5895","Active","Orono Public School District 0278-01","107","Ages Served: Infants Toddlers Preschool","Per state fire inspector, the toddler room 103 shall not have more than 10 children under age of 2.5 years old without adding a second exit.  Second exit shall not pass through a bathroom.","Services: Day Program, Drop-in Child Care Program","Minnesota Department of Human Services","08/27/2002","01/01/2026","12/31/2026","   ","",
"1004687","Child Care Center","Orono Montessori School","850 Wayzata Blvd W","","","Wayzata","MN","55391-9518","Hennepin","(952) 404-0935","Active","Orono Montessori School Inc.","93 ","Ages Served: Infants Toddlers Preschool School-Age","Not to exceed four school age children.","Services: Day Program","Minnesota Department of Human Services","09/06/2000","01/01/2026","12/31/2026","   ","",
"1113328","Child Care Center","Our Lady of Grace Preschool","5071 Eden Ave","","","Edina","MN","55436-2363","Hennepin","(952) 929-5463","Active","The Church of Our Lady of Grace in Edina, Minnesota","120","Ages Served: Preschool","None","Services: Day Program","Minnesota Department of Human Services","08/30/2022","01/01/2026","12/31/2026","   ","",
"1078386","Child Care Center","Our Lady of Peace Early Learning Program","5435 11th Ave S","","","Minneapolis","MN","55417-2505","Hennepin","(612) 824-7328","Active","The Church of Our Lady of Peace","59 ","Ages Served: Preschool","None","Services: Day Program","Minnesota Department of Human Services","01/01/2016","01/01/2026","12/31/2026","   ","",
"804148","Child Care Center","Our Lady of the Lake Preschool Center","2411 Commerce Blvd","","","Mound","MN","55364-1427","Hennepin","(952) 472-1284","Active","The Church of Our Lady of the Lake of Mound, Minn.","55 ","Ages Served: Preschool","None","Services: Day Program","Minnesota Department of Human Services","08/28/1991","01/01/2026","12/31/2026","   ","",
"1018416","Child Care Center","Our Lady of the Prairie","200 E Church St","","","Belle Plaine","MN","56011-1816","Scott","(952) 873-6564","Active","The Church of Our Lady of the Prairie, Belle Plaine","40 ","Ages Served: Preschool","None","Services: Day Program","Minnesota Department of Human Services","09/18/2002","01/01/2026","12/31/2026","   ","",
"1061387","Child Care Center","Our Little World Daycare","121 Birkdale Dr","","","Mankato","MN","56001-7047","Blue Earth","(507) 344-0021","Active","Our Little World Daycare, Inc.","152","Ages Served: Infants Toddlers Preschool School-Age","None","Services: Day Program","Minnesota Department of Human Services","12/05/2011","01/01/2026","12/31/2026","   ","",
"801836","Child Care Center","Our Redeemer Christian Children's Center","1000 14th St S","","","Moorhead","MN","56560-3762","Clay","(218) 233-8270","Active","Our Redeemer Evangelical Lutheran Church Moorhead","130","Ages Served: Infants Toddlers Preschool School-Age","None","Services: Day Program","Minnesota Department of Human Services","09/03/1985","01/01/2026","12/31/2026","   ","",
"801833","Child Care Center","Our Redeemer Lutheran Preschool","515 Skyline Blvd","","","Cloquet","MN","55720     ","Carlton","(218) 879-0258","Active","Our Redeemer Lutheran Church","20 ","Ages Served: Preschool","None","Services: Day Program","Minnesota Department of Human Services","09/11/1990","01/05/2026","12/31/2026","   ","",
"1029997","Child Care Center","Our Redeemers Litttle Lambs Preschool","35568 Foxtail Ln","","","Cohasset","MN","55721-8751","Itasca","(218) 999-7193","Active","Our Redeemer Lutheran Church of Cohasset, Minnesota","20 ","Ages Served: Preschool","None","Services: Day Program","Minnesota Department of Human Services","09/14/2004","01/01/2026","12/31/2026","   ","",
"801842","Child Care Center","Our Savior Early Childhood Center","23290 Highway 7","","","Excelsior","MN","55331-3139","Carver","(952) 474-5181","Active","The Evangelical Lutheran Church of Our Savior, Excelsior, Minnesota","121","Ages Served: School Age","None","Services: Day Program","Minnesota Department of Human Services","10/16/1980","01/01/2026","12/31/2026","   ","",
"801837","Child Care Center","Our Savior's Christian Preschool","14980 Diamond Path W","","","Rosemount","MN","55068-4505","Dakota","(651) 423-5590","Active","Lutheran Church of Our Savior","95 ","Ages Served: Infants Toddlers Preschool","None","Services: Day Program","Minnesota Department of Human Services","09/14/1987","09/04/2026","12/31/2026","   ","",
"1100956","Child Care Center","Our Savior's Lutheran Early Learning Childcare","800 Bluff St NE","","","Hutchinson","MN","55350-1313","McLeod","(320) 587-3318","Active","Our Savior's Lutheran Church","108","Ages Served: Infants Toddlers Preschool School-Age","None","Services: Day Program","Minnesota Department of Human Services","03/16/2020","01/01/2026","12/31/2026","   ","",
"801839","Child Care Center","Our Savior's Lutheran Preschool","217 S Broadway","","","Crookston","MN","56716-1953","Polk","(218) 281-5191","Active","Our Savior's Lutheran School","20 ","Ages Served: Preschool","None","Services: Day Program","Minnesota Department of Human Services","10/01/1984","01/01/2026","12/31/2026","   ","",
"1009812","Child Care Center","Our Savior's New Horizons Christian Preschool","615 12th St","","","Cloquet","MN","55720-2321","Carlton","(218) 879-7318","Closed as of 03/18/2026","Our Savior's Lutheran Church","20 ","Ages Served: Preschool","None","Services: Day Program","Minnesota Department of Human Services","09/11/2000","01/01/2026","12/31/2026","   ","",
"1112075","Child Care Center","P & C Learning Center","5000 W Broadway Ave","","","Crystal","MN","55429-3504","Hennepin","(763) 656-7264","Pending Reopening as of 12/24/2025","P&C Business Enterprises, Incorporated","76 ","Ages Served: Infants Toddlers Preschool School-Age","None","Services: Day Program","Minnesota Department of Human Services","12/05/2022","01/01/2026","12/31/2026","   ","",
"1081211","Child Care Center","Pacelli Shamrock Zone","511 4th Ave NW","","","Austin","MN","55912-2336","Mower","(507) 437-3278","Active","Pacelli Catholic Schools, Inc.","82 ","Ages Served: Preschool School-Age","None","Services: Day Program","Minnesota Department of Human Services","07/18/2018","01/01/2026","12/31/2026","   ","",
"830354","Child Care Center","Paidea Child Development Center","949 Geneva Ave N","","","Oakdale","MN","55128-7409","Washington","(651) 714-8646","Active","Development of Human Potential, Corporation","102","Ages Served: Toddlers Preschool School-Age","None","Services: Day Program","Minnesota Department of Human Services","09/02/1997","01/01/2026","12/31/2026","   ","",
"1107877","Child Care Center","Panther Care","518 S McCornell Ave","","","Parkers Prairie","MN","56361-4713","Otter Tail","(218) 338-4079","Active","Parkers Prairie Public School District 0547-01","40 ","Ages Served: Infants Toddlers Preschool","None","Services: Day Program","Minnesota Department of Human Services","06/01/2021","01/01/2026","12/31/2026","   ","",
"805073","Child Care Center","Park Place Early Childhood Family Development Center","2745 Park Ave","","","Minneapolis","MN","55407-1008","Hennepin","(612) 870-7422","Active","Parents in Community Action, Inc.","76 ","Ages Served: Infants Toddlers Preschool","None","Services: Day Program","Minnesota Department of Human Services","01/01/1999","01/01/2026","12/31/2026","   ","",
"830575","Child Care Center","Pat-a-cake Child Care","7761 Lake Dr Ste E","","","Circle Pines","MN","55014-1157","Anoka","(651) 786-2286","Active","Pat-A-Cake Child Care Inc.","66 ","Ages Served: Infants Toddlers Preschool School-Age","None","Services: Day Program","Minnesota Department of Human Services","12/01/1997","01/01/2026","12/31/2026","   ","",
"2001799","Child Care Center","Patriot Pals","510 Patriot Lane","","","Beaver Creek","MN","56116     ","Rock","(507) 673-2541","Active","Hills Beaver Creek School Dist #671","43 ","Ages Served: Infants Toddlers Preschool","None","Services: Day Program","Minnesota Department of Human Services","12/04/2025","01/01/2026","12/31/2026","   ","",
"1065274","Child Care Center","Peace in Christ Christian Preschool","5007 Maple Grove Rd","","","Hermantown","MN","55811     ","St. Louis","(218) 729-9473","Active","Peace in Christ Lutheran Church","20 ","Ages Served: Preschool","None","Services: Day Program","Minnesota Department of Human Services","09/03/2013","01/01/2026","12/31/2026","   ","",
"801892","Child Care Center","Peace Lutheran Church Preschool","20 Northdale Blvd NW","","","Minneapolis","MN","55448     ","Anoka","(763) 754-2383","Active","Peace Lutheran Church of Coon Rapids, Minnesota","60 ","Ages Served: Preschool","None","Services: Day Program","Minnesota Department of Human Services","09/27/1972","02/11/2026","12/31/2026","   ","",
"801893","Child Care Center","Peace Lutheran Preschool","213 6th Ave SW","","","Faribault","MN","55021-5899","Rice","(507) 334-5999","Active","Peace Lutheran Church of Faribault, Minnesota","184","Ages Served: Toddlers Preschool School-Age","None","Services: Day Program","Minnesota Department of Human Services","09/03/1974","01/01/2026","12/31/2026","   ","",
"1113957","Child Care Center","Peace of Mind Early Education Center","9025 Tamarack Rd","","","Woodbury","MN","55125     ","Washington","(651) 731-2608","Active","Little Newtons Operating, LLC","224","Ages Served: Infants Toddlers Preschool School-Age","None","Services: Day Program","Minnesota Department of Human Services","12/29/2022","01/01/2026","12/31/2026","   ","",
"1041376","Child Care Center","Peaceful Heights Montessori School & Day Care","375 Marie Ave E","","","West St Paul","MN","55118-4013","Dakota","(651) 451-1498","Active","Renew Heights, L.L.C.","68 ","Ages Served: Infants Toddlers Preschool School-Age","This program has a Preschool/School Age Combination of 35 children with a maximum of 10 school age children.","Services: Day Program","Minnesota Department of Human Services","06/16/2006","01/01/2026","12/31/2026","   ","",
"1104835","Child Care Center","Peaceful Valley Montessori Academy of Golden Valley","6501 Country Club Dr","","","Golden Valley","MN","55427-4673","Hennepin","(763) 208-7581","Active","ES MN, LLC","160","Ages Served: Infants Toddlers Preschool","None","Services: Day Program","Minnesota Department of Human Services","12/28/2020","01/01/2026","12/31/2026","   ","",
"1104834","Child Care Center","Peaceful Valley Montessori of Eden Prairie","18295 Cascade Dr","","","Eden Prairie","MN","55347-2171","Hennepin","(952) 934-7862","Active","ES MN, LLC","144","Ages Served: Infants Toddlers Preschool","None","Services: Day Program","Minnesota Department of Human Services","11/17/2020","01/01/2026","12/31/2026","   ","",
"808184","Child Care Center","Peli Preschool & Family Center","21 N Hill St","","","La Crescent","MN","55947-1059","Houston","(507) 895-4440","Active","Prince of Peace Lutheran Church","67 ","Ages Served: Infants Toddlers Preschool School-Age","None","Services: Day Program","Minnesota Department of Human Services","09/01/1994","01/01/2026","12/31/2026","   ","",
"1046194","Child Care Center","People Serving People Early Childhood Development Program","614 S 3rd St","","","Minneapolis","MN","55415-1104","Hennepin","(612) 277-0235","Active","People Serving People, Inc.","35 ","Ages Served: Infants Toddlers Preschool","None","Services: Day Program","Minnesota Department of Human Services","08/09/2007","01/01/2026","12/31/2026","   ","",
"1084787","Child Care Center","People Serving People Early Learning Center","810 S 7th St","","","Minneapolis","MN","55415-1702","Hennepin","(612) 249-5337","Active","People Serving People, Inc.","60 ","Ages Served: Infants Toddlers Preschool","None","Services: Day Program","Minnesota Department of Human Services","04/25/2017","01/01/2026","12/31/2026","   ","",
"1065946","Child Care Center","Perfect Balance Child Care LLC","3616 12th Ave S","","","Minneapolis","MN","55407-2704","Hennepin","(612) 276-0652","Revoked: Under Appeal as of 05/30/2026","Perfect Balance Child Care, Inc.","108","Ages Served: Infants Toddlers Preschool School-Age","None","Services: Day Program","Minnesota Department of Human Services","10/31/2014","01/01/2026","12/31/2026","   ","",
"1065533","Child Care Center","Peter Pan Preschool & Childcare","2195 Rolling Green Ln","","","North Mankato","MN","56003-4442","Nicollet","(507) 387-8213","Active","Peter Pan Preschool & Childcare LLC","60 ","Ages Served: Infants Toddlers Preschool","None","Services: Day Program","Minnesota Department of Human Services","09/09/2013","01/01/2026","12/31/2026","   ","",
"1086481","Child Care Center","Pierz Head Start","66 Kamnic St","","","Pierz","MN","56364-4004","Morrison","(320) 468-6458","Active","Tri-County Community Action Partnership, Inc.","20 ","Ages Served: Preschool","None","Services: Day Program","Minnesota Department of Human Services","08/17/2017","01/01/2026","12/31/2026","   ","",
"801912","Child Care Center","Pillsbury House Early Education Center","3501 Chicago Ave","","","Minneapolis","MN","55407-2109","Hennepin","(612) 824-0708","Active","Pillsbury United Communities","32 ","Ages Served: Toddlers Preschool","None","Services: Day Program","Minnesota Department of Human Services","06/05/1981","01/01/2026","12/31/2026","   ","",
"1062777","Child Care Center","Pine Childrens Early Learning Center LLC","510 2nd St SE","","","Pine City","MN","55063     ","Pine","","Active","Pine Childrens Early Learning Center LLC","66 ","Ages Served: Toddlers Preschool School-Age","None","Services: Day Program","Minnesota Department of Human Services","06/04/2012","01/01/2026","12/31/2026","   ","",
"1106266","Child Care Center","Pine Pals Intergenerational Learning Child Care and Preschool","1700 30th St NW","","","Bemidji","MN","56601     ","Beltrami","(218) 444-5151","Active","Pine Pals, Inc.","96 ","Ages Served: Infants Toddlers Preschool School-Age","None","Services: Day Program","Minnesota Department of Human Services","11/30/2020","01/01/2026","12/31/2026","   ","",
"2000182","Child Care Center","Pine Pals Nest Infant-Toddler Child Care","3807 Greenleaf Ave NW","","","Bemidji","MN","56601     ","Beltrami","(218) 444-5151","Active","Pine Pals Greenleaf, Inc","30 ","Ages Served: Infants Toddlers","None","Services: Day Program","Minnesota Department of Human Services","10/28/2024","01/01/2026","12/31/2026","   ","",
"1121145","Child Care Center","Pine View Child Care and Learning Center","34257 County Road 3","","","Crosslake","MN","56442     ","Crow Wing","(612) 805-9126","Active","PV Acquisition Co., LLC","57 ","Ages Served: Infants Toddlers Preschool School-Age","Maximum of three school-aged children in the preschool classroom.","Services: Day Program","Minnesota Department of Human Services","02/26/2024","01/01/2026","12/31/2026","   ","",
"1066037","Child Care Center","Pioneers Preschool Center","3680 Pheasant Ridge Dr NE","","","Blaine","MN","55449     ","Anoka","","Active","Atawasul Center","40 ","Ages Served: Preschool","None","Services: Day Program","Minnesota Department of Human Services","09/04/2013","01/01/2026","12/31/2026","   ","",
"1119143","Child Care Center","Play Island Preschool","140 S 10th St","","","Bird Island","MN","55310     ","Renville","(320) 365-3693","Active","The Church of St. Mary of Bird Island","35 ","Ages Served: Preschool","None","Services: Day Program","Minnesota Department of Human Services","09/05/2023","01/01/2026","12/31/2026","   ","",
"2000150","Child Care Center","Playful Haven Childcare, LLC","1721 Old Hudson Rd","","","Saint Paul","MN","55106     ","Ramsey","(763) 269-0061","Active","Playful Haven Childcare, LLC","58 ","Ages Served: Infants Toddlers Preschool School-Age","None","Services: Day Program","Minnesota Department of Human Services","12/16/2024","01/01/2026","12/31/2026","   ","",
"801948","Child Care Center","Playschool Child Care","1709 McKnight Rd N","","","Maplewood","MN","55109-4849","Ramsey","(651) 779-7926","Active","Playschool, Inc.","109","Ages Served: Toddlers Preschool School-Age","None","Services: Day Program","Minnesota Department of Human Services","09/04/1986","01/01/2026","12/31/2026","   ","",
"1074750","Child Care Center","Plymouth Academy","911 Plymouth Ave N","","","Minneapolis","MN","55411     ","Hennepin","(612) 388-4898","Active","Plymouth Academy Inc","155","Ages Served: Infants Toddlers Preschool School-Age","None","Services: Day Program","Minnesota Department of Human Services","01/21/2015","01/01/2026","12/31/2026","   ","",
"1119020","Child Care Center","Polar Cubs Childcare Center","115 4th Ave W","","","Floodwood","MN","55736-4523","St. Louis","(612) 202-5858","Active","Polar Cubs Childcare Center","48 ","Ages Served: Infants Toddlers Preschool School-Age","None","Services: Day Program","Minnesota Department of Human Services","09/03/2024","01/05/2026","12/31/2026","   ","",
"1051433","Child Care Center","Pony Preschool & Child Development Center LLC","490 4th St N","","","Bayport","MN","55003-1110","Washington","(651) 351-9528","Active","Pony Preschool & Child Development Center, LLC","60 ","Ages Served: Infants Toddlers Preschool","None","Services: Day Program","Minnesota Department of Human Services","09/22/2008","01/01/2026","12/31/2026","   ","",
"1014503","Child Care Center","Portland Village Early Childhood Family Development Center","1829 Portland Ave","","","Minneapolis","MN","55404-1812","Hennepin","(612) 377-7422","Active","Parents in Community Action, Inc.","38 ","Ages Served: Infants Toddlers Preschool","None","Services: Day Program","Minnesota Department of Human Services","03/12/2002","01/01/2026","12/31/2026","   ","",
"1064066","Child Care Center","Prairie Hill Montessori LLC","26070 2nd St E","","","Zimmerman","MN","55398-5308","Sherburne","(763) 498-3122","Active","Prairie Hill Montessori School, LLC","45 ","Ages Served: Preschool School-Age","None","Services: Day Program","Minnesota Department of Human Services","11/12/2012","01/05/2026","12/31/2026","   ","",
"830468","Child Care Center","Prairie Meadows Head Start","650 Agnes St NE","","","Spicer","MN","56288     ","Kandiyohi","(320) 235-0850","Active","United Community Action Partnership, Inc.","20 ","Ages Served: Preschool","None","Services: Day Program","Minnesota Department of Human Services","11/24/1997","01/01/2026","12/31/2026","   ","",
"1111598","Child Care Center","Prairie Pines Child Care Center","124 Johnson Ave N","","","Fosston","MN","56542-1328","Polk","","Active","Prairie Pines Childcare Center","72 ","Ages Served: Infant;Toddler;Preschool;School Age","Maximum number of School Aged children in the Pre-K / School Age Classroom is 15.","Services: Day Program","Minnesota Department of Human Services","07/25/2022","01/01/2026","12/31/2026","   ","",
"830364","Child Care Center","Prairie Playhouse Child Care","349 S Edquist St","","","Appleton","MN","56208     ","Swift","(320) 289-2060","Active","Prairie Playhouse Child Care, Inc.","102","Ages Served: Infants Toddlers Preschool School-Age","None","Services: Day Program","Minnesota Department of Human Services","09/29/1997","01/01/2026","12/31/2026","   ","",
"2001624","Child Care Center","Prairie Woods Nature School","12718 10th St NE","","","Spicer","MN","56288     ","Kandiyohi","(320) 354-5894","Active","Prairie Woods Environmental Learning Center","18 ","Ages Served: Preschool","None","Services: Day Program","Minnesota Department of Human Services","02/17/2025","01/01/2026","12/31/2026","   ","",
"1080546","Child Care Center","Precious Little Blessings","1304 Fir Ave N","","","Glencoe","MN","55336-1103","McLeod","(320) 864-3006","Active","St. John's Evangelical Lutheran Church","58 ","Ages Served: Infants Toddlers Preschool","None","Services: Day Program","Minnesota Department of Human Services","05/02/2016","01/01/2026","12/31/2026","   ","",
"830837","Child Care Center","Precious Years Learning Ctr","24646 Hazelwood Dr","","","Nisswa","MN","56468-2918","Crow Wing","","Active","Precious Years Learning Center","53 ","Ages Served: Infants Toddlers Preschool School-Age","None","Services: Day Program","Minnesota Department of Human Services","10/05/1998","01/01/2026","12/31/2026","   ","",
"810125","Child Care Center","Preschool Place","1141 Cardinal St","","","Chaska","MN","55318-1654","Carver","(952) 361-4223","Active","Chaska Fit and Fun Pre-School, Inc.","74 ","Ages Served: Toddlers Preschool School-Age","None","Services: Day Program","Minnesota Department of Human Services","04/01/1996","01/01/2026","12/31/2026","   ","",
"1094967","Child Care Center","Presentation of Mary Discovery Center","1695 Kennard St","","","Maplewood","MN","55109     ","Ramsey","","Active","Lake Area Discovery Center","81 ","Ages Served: Infants Toddlers Preschool","None","Services: Day Program","Minnesota Department of Human Services","09/04/2018","01/01/2026","12/31/2026","   ","",
"1115273","Child Care Center","Primrose School of Andover at Crosstown","15216 Bluebird St NW","","","Andover","MN","55304-3554","Anoka","(763) 208-7858","Active","Early Foundations MSP Andover LLC","140","Ages Served: Infants Toddlers Preschool School-Age","None","Services: Day Program","Minnesota Department of Human Services","11/07/2022","01/01/2026","12/31/2026","   ","",
"1079346","Child Care Center","Primrose School of Apple Valley","15455 Embry Path","","","Apple Valley","MN","55124-7299","Dakota","(952) 683-9595","Active","Little Badgers, Inc.","181","Ages Served: Infants Toddlers Preschool School-Age","None","Services: Day Program","Minnesota Department of Human Services","01/11/2016","01/01/2026","12/31/2026","   ","",
"1100457","Child Care Center","Primrose School of Arden Hills & Shoreview","4061 Lexington Ave N","","","Arden Hills","MN","55126-2979","Ramsey","(651) 800-6373","Active","PrimShoreview Enterprises LLC","191","Ages Served: Infants Toddlers Preschool School-Age","None","Services: Day Program","Minnesota Department of Human Services","10/15/2019","01/01/2026","12/31/2026","   ","",
"2001730","Child Care Center","Primrose School of Champlin Park","10051 Xenia Ave N","","","Minneapolis","MN","55443     ","Hennepin","(763) 494-5500","Active","PrimChamplin Enterprises LLC","181","Ages Served: Infant;Toddler;Preschool;School Age","None","Services: Day Program","Minnesota Department of Human Services","10/01/2025","01/01/2026","12/31/2026","   ","",
"1064067","Child Care Center","Primrose School of Chanhassen","8950 Crossroads Blvd","","","Chanhassen","MN","55317-7001","Carver","(952) 934-2590","Active","MEP2 Inc","174","Ages Served: Infants Toddlers Preschool","Maximum number of Toddlers in the Pathways 1 classroom is 14.; Maximum number of Toddlers in the Pathways 2 classroom is 14.","Services: Day Program","Minnesota Department of Human Services","12/17/2012","01/01/2026","12/31/2026","   ","",
"1088402","Child Care Center","Primrose School of Cottage Grove","6927 Pine Arbor Dr S","","","Cottage Grove","MN","55016-4580","Washington","(651) 302-7877","Active","M & M Arora Business Group, Inc.","183","Ages Served: Infants Toddlers Preschool School-Age","None","Services: Day Program","Minnesota Department of Human Services","12/26/2017","01/01/2026","12/31/2026","   ","",
"1060201","Child Care Center","Primrose School of Eagan","4249 Johnny Cake Ridge Rd","","","Eagan","MN","55122-2235","Dakota","(651) 994-1477","Active","ETC Kids, Corp.","179","Ages Served: Infants Toddlers Preschool School-Age","None","Services: Day Program","Minnesota Department of Human Services","06/30/2011","01/01/2026","12/31/2026","   ","",
"1044451","Child Care Center","Primrose School of Eden Prairie","7800 Eden Prairie Rd","","","Eden Prairie","MN","55347-1152","Hennepin","(952) 944-6025","Active","Minnesota Educational Excellence, Inc.","176","Ages Served: Infants Toddlers Preschool School-Age","Maximum number of Toddlers in the Pathways 1 classroom is 14.; Maximum number of Toddlers in the Pathways 2 classroom is 14.","Services: Day Program","Minnesota Department of Human Services","01/11/2007","01/01/2026","12/31/2026","   ","",
"1110144","Child Care Center","Primrose School of Edina","7399 Metro Blvd","","","Edina","MN","55439-2373","Hennepin","(612) 559-2288","Active","PrimEdina LLC","180","Ages Served: Infants Toddlers Preschool","None","Services: Day Program","Minnesota Department of Human Services","03/14/2023","01/01/2026","12/31/2026","   ","",
"1115274","Child Care Center","Primrose School of Hugo","14689 Victor Hugo Blvd N","","","Hugo","MN","55038     ","Washington","(651) 528-7648","Active","Early Foundations MSP Hugo LLC","136","Ages Served: Infants Toddlers Preschool School-Age","None","Services: Day Program","Minnesota Department of Human Services","11/07/2022","01/01/2026","12/31/2026","   ","",
"1054015","Child Care Center","Primrose School of Lakeville North","9711 163rd St W","","","Lakeville","MN","55044-4719","Dakota","(952) 435-8885","Active","RHBT Enterprises, Inc.","183","Ages Served: Infants Toddlers Preschool School-Age","Maximum number of Infants in the Young Toddler classroom is 12.; Maximum number of toddlers in the Pre Pathway classroom is 14.","Services: Day Program","Minnesota Department of Human Services","06/29/2009","01/01/2026","12/31/2026","   ","",
"2000100","Child Care Center","Primrose School of Maple Grove","6975 Wedgwood Rd N","","","Maple Grove","MN","55311     ","Hennepin","","Active","PR's Little Learners Foundation LLC","176","Ages Served: Infants Toddlers Preschool School-Age","Explorers (Preschool/School Age Combination) licensed for 30, not to exceed 10 preschoolers; Pre-K (Preschool/School Age Combination) licensed for 30, not to exceed 20 preschoolers","Services: Day Program","Minnesota Department of Human Services","05/01/2024","01/01/2026","12/31/2026","   ","",
"1120972","Child Care Center","Primrose School of Minnetonka","17821 Highway 7","","","Minnetonka","MN","55345-4123","Hennepin","(952) 401-0300","Active","Early Foundations MSP Minnetonka LLC","249","Ages Served: Infants Toddlers Preschool","None","Services: Day Program","Minnesota Department of Human Services","11/06/2023","01/01/2026","12/31/2026","   ","",
"1053885","Child Care Center","Primrose School of Rochester","2600 2nd St SW","","","Rochester","MN","55902-4132","Olmsted","(507) 424-2660","Active","JEK of Rochester Inc.","176","Ages Served: Infants Toddlers Preschool","None","Services: Day Program","Minnesota Department of Human Services","06/15/2009","01/01/2026","12/31/2026","   ","",
"2001729","Child Care Center","Primrose School of Rogers","21035 135th Ave N","","","Rogers","MN","55374     ","Hennepin","(763) 760-3732","Active","PrimRogersEnterprisesLLC","177","Ages Served: Infants Toddlers Preschool","None","Services: Day Program","Minnesota Department of Human Services","07/01/2025","01/01/2026","12/31/2026","   ","",
"1096770","Child Care Center","Primrose School of S. Minneapolis & Richfield","6500 Richfield Pkwy","","","Richfield","MN","55423-6401","Hennepin","(612) 999-0666","Active","PrimSMPLS Enterprises LLC","180","Ages Served: Infants Toddlers Preschool School-Age","Maximum number of infants is 36
Maximum number of toddlers is 46","Services: Day Program","Minnesota Department of Human Services","03/18/2019","01/01/2026","12/31/2026","   ","",
"1066498","Child Care Center","Primrose School of Savage","7459 S Park Dr","","","Savage","MN","55378-3634","Scott","(952) 226-4352","Active","S3A Enterprises LLC","192","Ages Served: Infants Toddlers Preschool School-Age","None","Services: Day Program","Minnesota Department of Human Services","11/28/2013","01/01/2026","12/31/2026","   ","",
"2001648","Child Care Center","Primrose School of St Louis Park West","8955 W 36th St","","","Saint Louis Park","MN","55426     ","Hennepin","(952) 873-7484","Active","Early Foundations MSP SLPW LLC","182","Ages Served: Infant;Toddler;Preschool","None","Services: Day Program, School-age Child Care Program","Minnesota Department of Human Services","03/03/2025","01/01/2026","12/31/2026","   ","",
"1081419","Child Care Center","Primrose School of St Paul at Merriam Park","1533 Dayton Ave","","","Saint Paul","MN","55104-6307","Ramsey","(651) 202-3144","Active","Taylor Hobbs Inc.","196","Ages Served: Infants Toddlers Preschool School-Age","None","Services: Day Program","Minnesota Department of Human Services","09/06/2016","01/01/2026","12/31/2026","   ","",
"1115419","Child Care Center","Primrose School of the Lakes at Blaine","2303 124th Ct NE","","","Blaine","MN","55449-5177","Anoka","(763) 767-4222","Active","Early Foundations MSP Blaine LLC","181","Ages Served: Infants Toddlers Preschool School-Age","None","Services: Day Program","Minnesota Department of Human Services","12/15/2022","01/01/2026","12/31/2026","   ","",
"1110147","Child Care Center","Primrose School of W. Plymouth","17805 Old Rockford Rd","","","Minneapolis","MN","55446     ","Hennepin","","Active","PrimPlymouth LLC","182","Ages Served: Infants Toddlers Preschool","None","Services: Day Program","Minnesota Department of Human Services","03/14/2023","01/01/2026","12/31/2026","   ","",
"2002432","Child Care Center","Primrose School of Woodbury","10350 City Walk Dr","","","Woodbury","MN","55129     ","Washington","(651) 731-5333","Active","Saleem Karmaliani","183","Ages Served: Infants Toddlers Preschool School-Age","None","Services: Day Program","Minnesota Department of Human Services","09/01/2026","09/01/2026","12/31/2026","   ","",
"1048370","Child Care Center","Primrose School of Woodbury Tall Giraffe, Inc.","10350 City Walk Dr","","","Woodbury","MN","55129-6920","Washington","(651) 731-5333","Closed as of 09/01/2026","Tall Giraffe, Inc.","181","Ages Served: Infants Toddlers Preschool School-Age","Maximum number of infant aged children in the Toddler Classroom is 12.
Maximum number of toddler aged children  in the Toddler Classroom is 12.; Maximum number of toddler aged children in the Early Preschool 1 Classroom is 14.
Maximum number of preschoo","Services: Day Program","Minnesota Department of Human Services","10/22/2007","01/01/2026","12/31/2026","   ","",
"1017049","Child Care Center","Prince of Peace Luther Preschool Campus","4770 County Road 120","","","Saint Cloud","MN","56303-1106","Stearns","(320) 251-1477","Active","Prince of Peace Lutheran School Association","16 ","Ages Served: Preschool","None","Services: Day Program","Minnesota Department of Human Services","09/13/2002","01/01/2026","12/31/2026","   ","",
"1017051","Child Care Center","Prince of Peace Lutheran Preschool-Holy Cross Campus","2555 Clearwater Rd","","","Saint Cloud","MN","56301-5954","Stearns","(320) 251-8416","Active","Prince of Peace Lutheran School Association","16 ","Ages Served: Preschool","None","Services: Day Program","Minnesota Department of Human Services","09/13/2002","03/24/2026","12/31/2026","   ","",
"1017050","Child Care Center","Prince of Peace Lutheran Preschool-Trinity Campus","2163 Mayhew Lake Rd NE","","","Sauk Rapids","MN","56379-4554","Benton","(320) 230-9116","Active","Prince of Peace Lutheran School Association","60 ","Ages Served: Preschool","None","Services: Day Program","Minnesota Department of Human Services","09/13/2002","01/01/2026","12/31/2026","   ","",
"1094911","Child Care Center","Proctor Head Start","202 5th St","","","Proctor","MN","55810-1627","St. Louis","(218) 748-7335","Active","Arrowhead Economic Opportunity Agency, Inc.","37 ","Ages Served: Preschool","None","Services: Day Program","Minnesota Department of Human Services","09/12/2018","01/01/2026","12/31/2026","   ","",
"1105372","Child Care Center","Project Beginnings","606 16th St NE","","","Kasson","MN","55944-1618","Dodge","(507) 634-1306","Active","Kasson-Mantorville School District 0204-01","51 ","Ages Served: Infants Toddlers","None","Services: Day Program","Minnesota Department of Human Services","11/02/2020","01/01/2026","12/31/2026","   ","",
"809025","Child Care Center","Project Secure Early Childhood Family Development Center","4225 3rd Ave S","","","Minneapolis","MN","55409-2105","Hennepin","(612) 825-7422","Active","Parents in Community Action, Inc.","44 ","Ages Served: Infants Toddlers Preschool","None","Services: Day Program","Minnesota Department of Human Services","04/01/1995","01/01/2026","12/31/2026","   ","",
"1040167","Child Care Center","Project Secure/Fraser Early Childhood Family Development Center","700 Humboldt Ave N","","","Minneapolis","MN","55411-3931","Hennepin","(612) 377-7422","Active","Parents in Community Action, Inc.","44 ","Ages Served: Infants Toddlers Preschool","None","Services: Day Program","Minnesota Department of Human Services","04/07/2006","01/01/2026","12/31/2026","   ","",
"1113017","Child Care Center","Proud Child Care Center Inc.","6570 Edenvale Blvd","","","Eden Prairie","MN","55346-2502","Hennepin","(612) 636-4524","Active","Proud Child Care Center Inc","47 ","Ages Served: Infants Toddlers Preschool School-Age","None","Services: Day Program","Minnesota Department of Human Services","05/23/2022","05/27/2026","12/31/2026","   ","",
"1011389","Child Care Center","Providence Academy","15100 Schmidt Lake Rd","","","Plymouth","MN","55446-3722","Hennepin","(763) 258-2500","Active","Providence Academy","49 ","Ages Served: Preschool","None","Services: Day Program","Minnesota Department of Human Services","08/28/2001","01/01/2026","12/31/2026","   ","",
"1092974","Child Care Center","Puddle Jumpers Learning Center","1593 11th Ave","","","Granite Falls","MN","56241-1061","Yellow Medicine","(320) 564-0122","Active","Puddle Jumpers Learning Center LLP","66 ","Ages Served: Infants Toddlers Preschool School-Age","None","Services: Day Program","Minnesota Department of Human Services","06/25/2018","01/01/2026","12/31/2026","   ","",
"1088945","Child Care Center","Pumpkin Patch Childcare and Learning Center","301 W Burnsville Pkwy","","","Burnsville","MN","55337     ","Dakota","(952) 898-7280","Active","Zakia, Inc.","209","Ages Served: Infants Toddlers Preschool School-Age","None","Services: Day Program","Minnesota Department of Human Services","10/30/2017","01/01/2026","12/31/2026","   ","",
"2001761","Child Care Center","Pumpkin Patch Preschool, LLC","9225 Jason Ave NE","","","Monticello","MN","55362     ","Wright","(763) 295-5040","Active","Pumpkin Patch Preschool, LLC","30 ","Ages Served: Preschool","None","Services: Day Program","Minnesota Department of Human Services","08/25/2025","01/01/2026","12/31/2026","   ","",
"802001","Child Care Center","Punkins and Monkeys Preschool","231 Sinclair Lewis Ave","","","Sauk Centre","MN","56378-1340","Stearns","(320) 297-1192","Active","Punkin's and Monkey's Nursery School","20 ","Ages Served: Preschool","None","Services: Day Program","Minnesota Department of Human Services","09/01/1983","01/01/2026","12/31/2026","   ","",
"1107363","Child Care Center","Quality Child Care LLC","1067 Rice St","","","Saint Paul","MN","55117     ","Ramsey","(651) 846-9723","Active","Quality Childcare LLC","80 ","Ages Served: Infants Toddlers Preschool School-Age","None","Services: Day Program","Minnesota Department of Human Services","02/07/2022","02/23/2026","12/31/2026","   ","",
"1076277","Child Care Center","Quality Kid Care Center Inc","3212 22nd St NW","","","Rochester","MN","55901-7652","Olmsted","(507) 226-8254","Active","Quality Kid Care Center Inc.","74 ","Ages Served: Infants Toddlers Preschool School-Age","None","Services: Day Program","Minnesota Department of Human Services","03/20/2015","04/06/2026","12/31/2026","   ","",
"1112185","Child Care Center","Quarry Kids Child Care Center","132 Oriole St E","","","Sandstone","MN","55072-5134","Pine","(320) 245-8085","Active","Quarry Kids Child Care Center","105","Ages Served: Infants Toddlers Preschool School-Age","None","Services: Day Program","Minnesota Department of Human Services","05/30/2022","05/05/2026","12/31/2026","   ","",
"807877","Child Care Center","Queen of Peace Preschool","102 4th St","","","Cloquet","MN","55720-1763","Carlton","(218) 879-8516","Active","Queen of Peace Parish","30 ","Ages Served: Preschool","None","Services: Day Program","Minnesota Department of Human Services","09/12/1994","01/01/2026","12/31/2026","   ","",
"2001763","Child Care Center","Radiant Montessori","15650 95th Ave N","","","Maple Grove","MN","55369     ","Hennepin","(763) 420-2323","Active","Cadence Education, LLC","115","Ages Served: Infants Toddlers Preschool School-Age","None","Services: Day Program, School-age Child Care Program","Minnesota Department of Human Services","04/20/2026","04/20/2026","12/31/2026","   ","",
"1050547","Child Care Center","Radiant Montessori School LLC","15650 95th Ave N","","","Maple Grove","MN","55369-4532","Hennepin","","Closed as of 04/18/2026","Radiant Montessori School, LLC","116","Ages Served: Infants Toddlers Preschool","None","Services: Day Program","Minnesota Department of Human Services","09/02/2008","01/01/2026","12/31/2026","   ","",
"830776","Child Care Center","Rainbow Child Development Center","605 Como Ave","","","Saint Paul","MN","55103-1507","Ramsey","(651) 646-5272","Active","Rainbow Child Development Center Inc.","64 ","Ages Served: Infants Toddlers Preschool School-Age","Maximum number of School Agers in the Preschool 2 classroom is 20.","Services: Day Program","Minnesota Department of Human Services","08/19/1998","07/02/2026","12/31/2026","   ","",
"1090035","Child Care Center","Rainbow Montessori Academy LLC","8736 Nicollet Ave S","","","Bloomington","MN","55420-2826","Hennepin","(952) 888-8052","Active","Rainbow Montessori, LLC","71 ","Ages Served: Infants Toddlers Preschool School-Age","Maximum number of school age in the Preschool classroom is 15.","Services: Day Program","Minnesota Department of Human Services","01/01/2018","01/01/2026","12/31/2026","   ","",
"1000967","Child Care Center","Rainbow School","624 3rd Ave SW","","","Rochester","MN","55902-3318","Olmsted","(507) 261-0586","Active","Rainbow School","40 ","Ages Served: Preschool","None","Services: Day Program","Minnesota Department of Human Services","08/25/1999","09/08/2026","12/31/2026","   ","",
"802019","Child Care Center","Rainbow School and Child Care Center","680 Mississippi St NE","","","Minneapolis","MN","55432-4422","Anoka","(763) 571-7521","Active","Fridley United Methodist Church","101","Ages Served: Infants Toddlers Preschool","None","Services: Day Program","Minnesota Department of Human Services","09/17/1979","01/01/2026","12/31/2026","   ","",
"1113205","Child Care Center","Rainy River Rugrats","810 5th St","","","International Falls","MN","56649     ","Koochiching","","Active","Rainy River Rugrats LLC","72 ","Ages Served: Infants Toddlers Preschool School-Age","None","Services: Day Program","Minnesota Department of Human Services","06/28/2022","01/01/2026","12/31/2026","   ","",
"802024","Child Care Center","Ramalynn Montessori Academy","8800 Queen Ave S","","","Bloomington","MN","55431-1908","Hennepin","(952) 921-6500","Active","Ramalynn Montessori Academy, Inc.","50 ","Ages Served: Preschool School-Age","None","Services: Day Program","Minnesota Department of Human Services","05/31/1985","01/01/2026","12/31/2026","   ","",
"1028318","Child Care Center","Rayito de Sol LLC","6949 Nicollet Ave","","","Richfield","MN","55423-2408","Hennepin","(763) 772-2157","Active","Waynapichu, LLC","34 ","Ages Served: Infants Toddlers Preschool","None","Services: Day Program","Minnesota Department of Human Services","04/05/2004","01/01/2026","12/31/2026","   ","",
"1042427","Child Care Center","Rayito de Sol Spanish Immersion","1601 Nicollet Ave","","","Minneapolis","MN","55403-2725","Hennepin","(763) 772-2157","Active","Machupichu & LLC dba Rayito de Sol Spanish Immersion","143","Ages Served: Infants Toddlers Preschool School-Age","None","Services: Day Program","Minnesota Department of Human Services","09/07/2006","01/01/2026","12/31/2026","   ","",
"1115124","Child Care Center","Rayito de Sol Spanish Immersion Early Learning Center","3520 Williston Rd","","","Minnetonka","MN","55345-1516","Hennepin","(952) 314-5133","Active","Rayito de Sol - Minnetonka, LLC","80 ","Ages Served: School Age","Per state fire marshal, no more than five children under 30 months in the infant classroom due to no second exit.","Services: Day Program","Minnesota Department of Human Services","11/14/2022","01/01/2026","12/31/2026","   ","",
"800483","Child Care Center","RCLS Stepping Stones","2619 9th Ave NW","","","Rochester","MN","55901-2304","Olmsted","(507) 289-3267","Active","Rochester Central Lutheran School Association, Inc.","80 ","Ages Served: Preschool","None","Services: Day Program","Minnesota Department of Human Services","10/01/1981","01/01/2026","12/31/2026","   ","",
"1051888","Child Care Center","Reach Up Inc Big Lake Head Start","701 Minnesota Ave","","","Big Lake","MN","55309-8800","Sherburne","(763) 262-8121","Active","Reach-Up Incorporated","15 ","Ages Served: Preschool","None","Services: Day Program","Minnesota Department of Human Services","09/15/2008","01/01/2026","12/31/2026","   ","",
"802823","Child Care Center","Ready To Grow Ready To Learn","200 W Parkway","","","Burnsville","MN","55337     ","Dakota","(952) 707-4146","Active","Burnsville-Eagan-Savage School District 0191-01","83 ","Ages Served: Infants Toddlers Preschool","None","Services: Day Program","Minnesota Department of Human Services","01/01/1999","01/01/2026","12/31/2026","   ","",
"802048","Child Care Center","Ready, Set, Grow","1583 Radio Dr","","","Woodbury","MN","55125-9450","Washington","(651) 738-9346","Active","King of Kings Lutheran Church","80 ","Ages Served: Preschool","None","Services: Day Program","Minnesota Department of Human Services","10/01/1986","01/01/2026","12/31/2026","   ","",
"1081809","Child Care Center","Recovering Hope Daycare Center","2031 Rowland Rd","","","Mora","MN","55051-7119","Kanabec","(844) 314-4673","Active","Recovering Hope Treatment Center, Inc.","35 ","Ages Served: Infants Toddlers Preschool","None","Services: Day Program","Minnesota Department of Human Services","08/01/2016","01/01/2026","12/31/2026","   ","",
"1111725","Child Care Center","Red Balloon Childcare","12601 Birch Ave","","","Becker","MN","55308-8809","Sherburne","(763) 262-4611","Conditional as of 06/14/2026","Little Newtons Operating, LLC","139","Ages Served: Infants Toddlers Preschool School-Age","None","Services: Day Program","Minnesota Department of Human Services","10/03/2022","01/01/2026","12/31/2026","   ","",
"1042513","Child Care Center","Red Bridge Preschool","150 5th St","","","Marine St Crx","MN","55047-9686","Washington","(651) 433-3222","Active","Christ Evangelical Lutheran Church of Marine on St. Croix, Minnesota","29 ","Ages Served: Toddlers Preschool","Per State Fire Marshal, no more than 5 children under 30 months.","Services: Day Program","Minnesota Department of Human Services","09/07/2006","01/01/2026","12/31/2026","   ","",
"1058812","Child Care Center","Red Cottage Montessori School","503 W 6th St","","","Red Wing","MN","55066-2608","Goodhue","(651) 764-9871","Active","Red Cottage Montessori School","18 ","Ages Served: Toddlers Preschool","None","Services: Day Program","Minnesota Department of Human Services","01/01/2011","01/01/2026","12/31/2026","   ","",
"810554","Child Care Center","Red Wing Family YMCA, Early Childhood Education Center","434 Main St","","","Red Wing","MN","55066-2323","Goodhue","(651) 388-4724","Active","Red Wing Family YMCA","60 ","Ages Served: Preschool School-Age","Maximum number of School Age in the Preschool 2 classroom is 5.","Services: Day Program","Minnesota Department of Human Services","08/27/1996","01/01/2026","12/31/2026","   ","",
"802061","Child Care Center","Redeemer Christian Academy","115 Boulevard","","","Wayzata","MN","55391     ","Hennepin","(952) 473-5356","Active","Redeemer Lutheran Church","20 ","Ages Served: Preschool","None","Services: Day Program","Minnesota Department of Human Services","09/13/1976","01/01/2026","12/31/2026","   ","",
"1016695","Child Care Center","Redeemer Lutheran Preschool","1401 6th St SW","","","Willmar","MN","56201-4004","Kandiyohi","(320) 235-4685","Active","Redeemer Lutheran Church of Willmar","50 ","Ages Served: Preschool","None","Services: Day Program","Minnesota Department of Human Services","08/20/2003","01/01/2026","12/31/2026","   ","",
"1083795","Child Care Center","Redwood Falls Head Start","201 McPhail Dr","","","Redwood Falls","MN","56283     ","Redwood","","Active","United Community Action Partnership, Inc.","20 ","Ages Served: Preschool","Per the State Fire Marshall, temporary occupancy granted until September 10, 2026.","Services: Day Program","Minnesota Department of Human Services","01/18/2017","09/08/2026","12/31/2026","   ","",
"1019767","Child Care Center","Resurrection Lutheran Preschool","4520 19th Ave NW","","","Rochester","MN","55901-8270","Olmsted","(507) 282-8280","Active","Resurrection and Life Evangelical Lutheran Church","40 ","Ages Served: Preschool","None","Services: Day Program","Minnesota Department of Human Services","01/07/2003","01/01/2026","12/31/2026","   ","",
"1094772","Child Care Center","Richfield Latch Key Child Care Center (DBA-Richfield Fun Club)","6400 Sheridan Ave S","","","Richfield","MN","55423-1010","Hennepin","(612) 798-6938","Active","Richfield Latch Key Child Care Center, Inc.","104","Ages Served: Preschool School-Age","None","Services: Day Program","Minnesota Department of Human Services","03/18/2019","01/01/2026","12/31/2026","   ","",
"1094773","Child Care Center","Richfield Latch Key Child Care Center (DBA-Richfield Fun Club)","7020 12th Ave S","","","Richfield","MN","55423-3337","Hennepin","(612) 798-6682","Active","Richfield Latch Key Child Care Center, Inc.","129","Ages Served: Preschool School-Age","None","Services: Day Program","Minnesota Department of Human Services","03/18/2019","01/01/2026","12/31/2026","   ","",
"1094774","Child Care Center","Richfield Latch Key Child Care Center (DBA-Richfield Fun Club)","7001 Elliot Ave S","","","Richfield","MN","55423-3354","Hennepin","(612) 866-0231","Active","Richfield Latch Key Child Care Center, Inc.","83 ","Ages Served: Preschool School-Age","None","Services: Day Program","Minnesota Department of Human Services","02/13/2019","01/01/2026","12/31/2026","   ","",
"1114160","Child Care Center","Ridgewood Preschool","4420 County Road 101","","","Minnetonka","MN","55345-2421","Hennepin","(952) 474-0858","Active","Ridgewood Church","35 ","Ages Served: Preschool","None","Services: Day Program","Minnesota Department of Human Services","09/13/2022","01/01/2026","12/31/2026","   ","",
"1099186","Child Care Center","Riley Crossing Child Care Center","620 Aldrich Dr","","","Chanhassen","MN","55317-0075","Carver","(952) 906-7277","Active","Mission Hills Childcare LLC","106","Ages Served: Infants Toddlers Preschool","Maximum number of Infants in the Infant-Goldfish classroom is 12.; Maximum number of preschool in the Tod-Speckled Frogs classroom is 19.","Services: Day Program","Minnesota Department of Human Services","11/04/2019","01/01/2026","12/31/2026","   ","",
"804543","Child Care Center","Rise and Shine Kids","1650 7th Ave NE","","","Owatonna","MN","55060-1455","Steele","","Active","Radiant Church","73 ","Ages Served: Infants Toddlers Preschool School-Age","None","","Minnesota Department of Human Services","01/01/1999","01/01/2026","12/31/2026","   ","",
"1118739","Child Care Center","Rise Early Learning Center","8119 Highway 7","","","Saint Louis Park","MN","55426     ","Hennepin","(952) 277-9583","Active","Rise Early Learning Center","62 ","Ages Served: Infants Toddlers Preschool","None","Services: Day Program","Minnesota Department of Human Services","01/01/2024","01/01/2026","12/31/2026","   ","",
"804104","Child Care Center","River Hills Early Childhood Center","11100 River Hills Dr","","","Burnsville","MN","55337-3281","Dakota","(952) 895-0423","Active","River Hills United Methodist Church","90 ","Ages Served: Infants Toddlers Preschool School-Age","None","Services: Day Program","Minnesota Department of Human Services","09/01/1991","01/01/2026","12/31/2026","   ","",
"2001480","Child Care Center","River Valley Montessori of Bloomington","10801 Normandale Blvd","","","Bloomington","MN","55437     ","Hennepin","","Active","La Petite Academy Inc","106","Ages Served: Infants Toddlers Preschool","None","Services: Day Program","Minnesota Department of Human Services","03/10/2025","01/09/2026","12/31/2026","   ","",
"2001574","Child Care Center","River Valley Montessori of Excelsior","810 Excelsior Blvd","","","Excelsior","MN","55331     ","Hennepin","(952) 900-4739","Active","La Petite Academy Inc","157","Ages Served: Infant;Toddler;Preschool","None","Services: Day Program","Minnesota Department of Human Services","05/19/2025","01/26/2026","12/31/2026","   ","",
"2001572","Child Care Center","River Valley Montessori of Savage","14014 Highway 13 S","","","Savage","MN","55378     ","Scott","(952) 900-4294","Active","La Petite Academy Inc","116","Ages Served: Infants Toddlers Preschool","None","Services: Day Program","Minnesota Department of Human Services","03/10/2025","01/09/2026","12/31/2026","   ","",
"2001573","Child Care Center","River Valley Montessori of Shakopee","110 Prairie St. N","","","Shakopee","MN","55379     ","Scott","(952) 900-4128","Active","La Petite Academy Inc","170","Ages Served: Infant;Toddler;Preschool","None","Services: Day Program","Minnesota Department of Human Services","03/10/2025","01/09/2026","12/31/2026","   ","",
"2000181","Child Care Center","Riverlake Chilcare LLC","3408 E Lake St","","","Minneapolis","MN","55406     ","Hennepin","(507) 271-5203","Active","Riverlake Childcare LLC","117","Ages Served: Infants Toddlers Preschool School-Age","None","Services: Day Program, School-age Child Care Program","Minnesota Department of Human Services","09/03/2024","01/01/2026","12/31/2026","   ","",
"1022965","Child Care Center","Riverside Christian School Preschool","610 2nd Ave NE","","","East Grand Forks","MN","56721-2504","Polk","(218) 773-1770","Active","Riverside Christian School","20 ","Ages Served: Preschool","None","Services: Day Program","Minnesota Department of Human Services","09/02/2003","01/01/2026","12/31/2026","   ","",
"2001699","Child Care Center","Riverway Preschool","9000 117th Ave N","","","Champlin","MN","55316     ","Hennepin","(763) 234-6604","Active","Riverway Church","60 ","Ages Served: Preschool School-Age","None","Services: Day Program, School-age Child Care Program","Minnesota Department of Human Services","09/15/2025","01/01/2026","12/31/2026","   ","",
"1036645","Child Care Center","Robin's Nest-Childcare-Daycare, LLC","655 Pleasant Dr","","","Hastings","MN","55033-1575","Dakota","(651) 480-1181","Active","Robin's Nest-Childcare-Daycare, LLC","62 ","Ages Served: Infants Toddlers Preschool School-Age","None","Services: Day Program","Minnesota Department of Human Services","08/29/2005","01/01/2026","12/31/2026","   ","",
"1090245","Child Care Center","Robyn's Nest Daycare Center LLC","1759 Commerce Dr","","","North Mankato","MN","56003-1802","Nicollet","(507) 388-8595","Active","Robyn's Nest Daycare Center, LLC","50 ","Ages Served: Infants Toddlers Preschool School-Age","Maximum number of school age children in the Preschool/School Age classroom is 10 children.","Services: Day Program","Minnesota Department of Human Services","08/07/2018","01/01/2026","12/31/2026","   ","",
"1064561","Child Care Center","Rochester Arts & Sciences Academy","2521 Pennington Dr NW","","","Rochester","MN","55901-0194","Olmsted","(507) 206-4646","Active","Rochester Arts & Sciences Academy Foundation","124","Ages Served: Preschool School-Age","None","Services: Day Program","Minnesota Department of Human Services","01/01/2013","01/01/2026","12/31/2026","   ","",
"802157","Child Care Center","Rochester Montessori School","5099 7th St NW","","","Rochester","MN","55901-2902","Olmsted","(507) 288-8725","Active","Rochester Montessori School, Inc.","188","Ages Served: Toddlers Preschool School-Age","None","Services: Day Program","Minnesota Department of Human Services","05/01/1989","01/01/2026","12/31/2026","   ","",
"1085934","Child Care Center","Rockin Round The Clock II","115 SE 11th St","","","Grand Rapids","MN","55744-3952","Itasca","(218) 326-9211","Active","Rockin Round The Clock II","52 ","Ages Served: Infants Toddlers Preschool School-Age","None","Services: Day Program","Minnesota Department of Human Services","12/08/2017","01/01/2026","12/31/2026","   ","",
"1120376","Child Care Center","Rocking Horse Ranch, Inc.","14859 Louisiana Ave S","","","Savage","MN","55378     ","Scott","(952) 440-1777","Closed as of 03/12/2026","Rocking Horse Ranch, Inc.","74 ","Ages Served: Infants Toddlers Preschool","None","Services: Day Program","Minnesota Department of Human Services","09/16/2024","01/01/2026","12/31/2026","   ","",
"2001717","Child Care Center","Room 2 Grow Inc","136 19th Ave N","","","Saint Cloud","MN","56303     ","Stearns","(320) 217-2766","Active","Room 2 Grow Inc","33 ","Ages Served: Preschool;School Age","None","Services: Day Program","Minnesota Department of Human Services","11/07/2025","01/01/2026","12/31/2026","   ","",
"1110955","Child Care Center","Room For Growing, Inc.","11125 Lake Blvd","","","Chisago City","MN","55013-9667","Chisago","(651) 257-5441","Active","Room For Growing, Inc.","112","Ages Served: Infants Toddlers Preschool School-Age","None","Services: Day Program","Minnesota Department of Human Services","07/15/2022","01/01/2026","12/31/2026","   ","",
"1110956","Child Care Center","Room For Growing, Inc.","268 12th St SW","","","Forest Lake","MN","55025-1482","Washington","(651) 464-1601","Active","Room For Growing, Inc.","112","Ages Served: Infants Toddlers Preschool School-Age","None","Services: Day Program","Minnesota Department of Human Services","10/15/2022","01/01/2026","12/31/2026","   ","",
"1110957","Child Care Center","Room For Growing, Inc.","38862 14th Ave","","","North Branch","MN","55056-5459","Chisago","(651) 277-2441","Active","Room For Growing, Inc.","78 ","Ages Served: Infants Toddlers Preschool School-Age","None","Services: Day Program","Minnesota Department of Human Services","06/01/2022","01/01/2026","12/31/2026","   ","",
"1110958","Child Care Center","Room For Growing, Inc.","4700 Scandia Trl N","","","Forest Lake","MN","55025-8108","Washington","(651) 464-2330","Active","Room For Growing, Inc.","116","Ages Served: Infants Toddlers Preschool School-Age","None","Services: Day Program","Minnesota Department of Human Services","09/15/2022","01/01/2026","12/31/2026","   ","",
"802042","Child Care Center","Roosevelt A and B","345 30th Ave N","","","Sartell","MN","56303     ","Stearns","(320) 252-8735","Active","Reach-Up Incorporated","40 ","Ages Served: Preschool","None","Services: Day Program","Minnesota Department of Human Services","11/01/1975","01/01/2026","12/31/2026","   ","",
"805514","Child Care Center","Roosevelt Head Start","1575 Ames Ave","","","Saint Paul","MN","55106-2901","Ramsey","(651) 774-6311","Active","Community Action Partnership of Ramsey and Washington Counties","80 ","Ages Served: Preschool","None","Services: Day Program","Minnesota Department of Human Services","01/01/1999","07/21/2026","12/31/2026","   ","",
"2000078","Child Care Center","Roots and Wings Early Learning Center","4440 E US Highway 2","","","Grand Rapids","MN","55744     ","Itasca","(218) 259-4756","Active","Roots and Wings Early Learning Center LLC","125","Ages Served: Infants Toddlers Preschool School-Age","None","Services: Day Program","Minnesota Department of Human Services","03/26/2026","03/26/2026","12/31/2026","   ","",
"1113587","Child Care Center","Roots and Wings Forest School","35320 550th Ave","","","New York Mills","MN","56567-8933","Otter Tail","(218) 325-0234","Active","Roots and Wings Forest School","34 ","Ages Served: Preschool School-Age","None","Services: Day Program","Minnesota Department of Human Services","07/31/2023","01/01/2026","12/31/2026","   ","",
"806182","Child Care Center","Rosebuds Early Learning Center","6875 Jamaica Ave S","","","Cottage Grove","MN","55016-5761","Washington","(651) 459-4526","Active","Rose of Sharon Lutheran Church","84 ","Ages Served: Infant;Toddler;Preschool","Maximum number of infants in the program is 13.
Maximum number of toddlers in the program is 22.","Services: Day Program","Minnesota Department of Human Services","08/11/1993","01/01/2026","12/31/2026","   ","",
"830818","Child Care Center","Rosemount Headstart","2496 145th St W","","","Rosemount","MN","55068-4929","Dakota","(651) 322-3529","Active","Scott-Carver-Dakota CAP Agency, Inc.","20 ","Ages Served: Preschool","None","Services: Day Program","Minnesota Department of Human Services","09/08/1998","01/01/2026","12/31/2026","   ","",
"1110078","Child Care Center","Rush Creek KinderCare","6999 Alvarado Ln N","","","Maple Grove","MN","55311-2273","Hennepin","(952) 428-8525","Active","KinderCare Education LLC","136","Ages Served: Infants Toddlers Preschool School-Age","None","Services: Day Program","Minnesota Department of Human Services","09/02/2021","01/01/2026","12/31/2026","   ","",
"800377","Child Care Center","Ruth O. Benner Head Start Center","586 Fuller Ave","","","Saint Paul","MN","55103-2245","Ramsey","(651) 224-4363","Active","Community Action Partnership of Ramsey and Washington Counties","118","Ages Served: Toddlers Preschool","None","Services: Day Program","Minnesota Department of Human Services","04/01/1979","01/01/2026","12/31/2026","   ","",
"1055396","Child Care Center","Sacred Heart Area Preschool","324 4th St NE","","","Staples","MN","56479     ","Todd","","Active","The Church of the Sacred Heart Parish, Minnesota","20 ","Ages Served: Preschool","None","Services: Day Program","Minnesota Department of Human Services","04/26/2010","01/01/2026","12/31/2026","   ","",
"807903","Child Care Center","Sacred Heart Children's House","308 Elm Ave W","","","Waseca","MN","56093-2427","Waseca","(507) 835-2780","Active","The Church of the Sacred Heart of Waseca, Minnesota","40 ","Ages Served: Preschool","None","Services: Day Program","Minnesota Department of Human Services","09/06/1994","01/01/2026","12/31/2026","   ","",
"1033718","Child Care Center","Sacred Heart Parish/School","4050 Hubbard Ave N","","","Robbinsdale","MN","55422-2283","Hennepin","(763) 537-1329","Active","The Church of Sacred Heart","36 ","Ages Served: Preschool","None","Services: Day Program","Minnesota Department of Human Services","03/14/2005","01/01/2026","12/31/2026","   ","",
"1000693","Child Care Center","Sacred Heart Preschool","200 3rd St NW","","","East Grand Forks","MN","56721-1806","Polk","","Active","Sacred Heart Church, East Grand Forks","40 ","Ages Served: Preschool","None","Services: Day Program","Minnesota Department of Human Services","09/01/1999","01/01/2026","12/31/2026","   ","",
"1058248","Child Care Center","Sacred Heart School Pre-K & Early Childhood Center","303 2nd St NE","","","Freeport","MN","56331-5001","Stearns","","Active","Church of the Sacred Heart, Minnesota","69 ","Ages Served: Infants Toddlers Preschool","None","Services: Day Program","Minnesota Department of Human Services","11/01/2010","01/01/2026","12/31/2026","   ","",
"1097989","Child Care Center","Saint Agnes Preschool","530 Lafond Ave","","","Saint Paul","MN","55103     ","Ramsey","(651) 925-8700","Active","The Church of St. Agnes of St. Paul, Minnesota","55 ","Ages Served: Preschool","None","Services: Day Program","Minnesota Department of Human Services","02/04/2019","01/01/2026","12/31/2026","   ","",
"1005525","Child Care Center","Saint Ambrose Early Childhood Education Center","4125 Woodbury Dr","","","Saint Paul","MN","55129-9627","Washington","(651) 768-3031","Active","The Church of Saint Ambrose of Woodbury","136","Ages Served: Infants Toddlers Preschool","None","Services: Day Program","Minnesota Department of Human Services","09/01/2000","01/01/2026","12/31/2026","   ","",
"1100182","Child Care Center","Saint Boniface Pre Kindergarten","501 Main St","","","Cold Spring","MN","56320     ","Stearns","(320) 685-3541","Active","The Church of St. Boniface Cold Spring, Minnesota","52 ","Ages Served: Preschool","None","Services: Day Program","Minnesota Department of Human Services","03/24/2020","01/01/2026","12/31/2026","   ","",
"802327","Child Care Center","Saint Francis of Assisi Preschool","318 11th Ave SE","","","Rochester","MN","55904-7221","Olmsted","(507) 288-4816","Active","Rochester Catholic Schools","40 ","Ages Served: Preschool","None","Services: Day Program","Minnesota Department of Human Services","02/21/1990","01/01/2026","12/31/2026","   ","",
"1104017","Child Care Center","Saint Rose of Lima Catholic School","2072 Hamline Ave N","","","Roseville","MN","55113     ","Ramsey","(651) 357-1228","Active","The Church of Saint Rose of Lima of Rosetown, Minnesota","39 ","Ages Served: Preschool","None","Services: Day Program","Minnesota Department of Human Services","09/10/2020","01/01/2026","12/31/2026","   ","",
"1109498","Child Care Center","Saints Peter & Paul Child Care","110 Central Ave N","","","Richmond","MN","56368     ","Stearns","(320) 206-0130","Active","Saints Peter & Paul Child Care","59 ","Ages Served: Infants Toddlers Preschool","None","Services: Day Program","Minnesota Department of Human Services","02/14/2022","01/01/2026","12/31/2026","   ","",
"2000190","Child Care Center","Salama Child Care Center, LLC","1619 Eastwood Rd SE","","","Rochester","MN","55904     ","Olmsted","(507) 319-1773","Active","Salama Child Care Center, LLC","32 ","Ages Served: Infants Toddlers Preschool School-Age","None","Services: Day Program","Minnesota Department of Human Services","07/18/2024","10/21/2025","12/31/2026","   ","",
"1103664","Child Care Center","Salamah Childcare Center","2526 Horizon Dr","","","Burnsville","MN","55337     ","Dakota","(612) 720-1683","Pending Reopening as of 07/01/2025","Learning Ladder Childcare Inc.","38 ","Ages Served: Infants Toddlers Preschool School-Age","None","Services: Day Program","Minnesota Department of Human Services","01/01/2021","01/01/2026","12/31/2026","   ","",
"2001676","Child Care Center","Salamah Childcare LLC","2526 Horizon Dr","","","Burnsville","MN","55337     ","Dakota","(952) 855-7787","Active","Salamah Childcare LLC","38 ","Ages Served: Infants Toddlers Preschool School-Age","None","Services: Day Program, School-age Child Care Program","Minnesota Department of Human Services","07/01/2025","11/17/2025","12/31/2026","   ","",
"1063677","Child Care Center","Salem Lutheran Church & School","14940 62nd St N","","","Stillwater","MN","55082-6623","Washington","(651) 439-7831","Active","Salem Lutheran Church & School","60 ","Ages Served: Preschool","None","Services: Day Program","Minnesota Department of Human Services","11/19/2012","01/01/2026","12/31/2026","   ","",
"1033567","Child Care Center","Salem Lutheran Church and Preschool","7825 Bailey Rd","","","Woodbury","MN","55129     ","Washington","(651) 458-9861","Active","Salem Lutheran Church and Preschool","40 ","Ages Served: Preschool","None","Services: Day Program","Minnesota Department of Human Services","02/01/2005","01/01/2026","12/31/2026","   ","",
"1108022","Child Care Center","Salem Lutheran School","9615 Pioneer Trl","","","Loretto","MN","55357-9694","Hennepin","","Active","Anchored in Christ Lutheran Ministries","40 ","Ages Served: Preschool","Not To Exceed 20 Preschool Aged Children","Services: Day Program","Minnesota Department of Human Services","08/30/2021","01/01/2026","12/31/2026","   ","",
"802183","Child Care Center","Salem Preschool","2655 5th St NW","","","New Brighton","MN","55112-2544","Ramsey","(651) 633-0158","Active","Salem Covenant Church of New Brighton, Minnesota","40 ","Ages Served: Preschool;School Age","None","Services: Day Program","Minnesota Department of Human Services","10/21/1971","01/01/2026","12/31/2026","   ","",
"1077489","Child Care Center","Sam & Abes Child Care Learning & Development Center","622 Sunrise Dr","","","Saint Peter","MN","56082-5500","Nicollet","(507) 345-1451","Active","RS LLC","59 ","Ages Served: Infants Toddlers Preschool","None","Services: Day Program","Minnesota Department of Human Services","07/27/2015","06/23/2026","12/31/2026","   ","",
"1066817","Child Care Center","Sam & Abes Childcare Learning & Development Center","160 Saint Andrews Ct Ste 100","","","Mankato","MN","56001-8679","Blue Earth","(507) 345-1451","Active","RS LLC","65 ","Ages Served: Infants Toddlers Preschool","None","Services: Day Program","Minnesota Department of Human Services","03/10/2014","06/02/2026","12/31/2026","   ","",
"1065076","Child Care Center","Samuel Lutheran Early Childhood Center","500 Village Dr","","","Marshall","MN","56258-1538","Lyon","(507) 532-2162","Active","Christ Lutheran Church","22 ","Ages Served: Preschool","None","Services: Day Program","Minnesota Department of Human Services","08/19/2013","01/01/2026","12/31/2026","   ","",
"804632","Child Care Center","Scandia Preschool","20971 Olinda Trl N","","","Scandia","MN","55073     ","Washington","(651) 433-3195","Active","Elim Lutheran Church","20 ","Ages Served: Preschool","None","Services: Day Program","Minnesota Department of Human Services","04/01/1992","01/01/2026","12/31/2026","   ","",
"2002408","Child Care Center","School of St. Philip Preschool","225 E 3rd St","","","Litchfield","MN","55355     ","Meeker","(320) 693-6283","Active","The Church of St. Philip, of Litchfield Minnesota","20 ","Ages Served: Preschool","None","Services: Day Program","Minnesota Department of Human Services","09/08/2026","09/08/2026","12/31/2026","   ","",
"1050329","Child Care Center","School Readiness Learning Academy Inc","1221 7th Ave N","","","Minneapolis","MN","55411-3925","Hennepin","(612) 977-9104","Active","School-Readiness Learning Academy Inc","38 ","Ages Served: Toddlers Preschool School-Age","None","Services: Day Program","Minnesota Department of Human Services","03/01/2009","01/01/2026","12/31/2026","   ","",
"1088993","Child Care Center","School Readiness Learning Academy North","2503 Lowry Ave N","","","Minneapolis","MN","55411-1010","Hennepin","(612) 236-4435","Active","School-Readiness Learning Academy Inc","23 ","Ages Served: Infants Toddlers Preschool School-Age","None","Services: Day Program","Minnesota Department of Human Services","01/08/2018","01/01/2026","12/31/2026","   ","",
"802199","Child Care Center","Seed Early Learning Academy","1300 Olson Memorial Hwy","","","Minneapolis","MN","55411-3968","Hennepin","(612) 374-3178","Active","Seed Daycare","72 ","Ages Served: Preschool School-Age","None","Services: Day Program","Minnesota Department of Human Services","09/09/1990","01/01/2026","12/31/2026","   ","",
"800906","Child Care Center","Seeds of Grace Preschool and Childcare","13655 Round Lake Blvd NW","","","Andover","MN","55304-3659","Anoka","(763) 421-1996","Active","Grace Lutheran Church of Anoka, Minnesota","91 ","Ages Served: Infants Toddlers Preschool","None","Services: Day Program","Minnesota Department of Human Services","09/05/1972","01/01/2026","12/31/2026","   ","",
"1039729","Child Care Center","Seeds of Wisdom Early Development","400 13th Ave SE","","","Rochester","MN","55904-4925","Olmsted","(507) 258-5022","Active","Word of Life Church of God in Christ","16 ","Ages Served: Toddlers Preschool","None","Services: Day Program","Minnesota Department of Human Services","01/01/2007","01/01/2026","12/31/2026","   ","",
"800141","Child Care Center","Semcac Head Start Austin","300 16th St NE","","","Austin","MN","55912-4596","Mower","(507) 703-0977","Active","Semcac","89 ","Ages Served: Toddlers Preschool","None","Services: Day Program","Minnesota Department of Human Services","10/01/1984","01/01/2026","12/31/2026","   ","",
"801858","Child Care Center","Semcac Head Start Owatonna","565 20th St NE Ste A","","","Owatonna","MN","55060-1641","Steele","(507) 451-8180","Active","Semcac","40 ","Ages Served: Preschool","None","Services: Day Program","Minnesota Department of Human Services","09/08/1988","01/01/2026","12/31/2026","   ","",
"804356","Child Care Center","Semcac Head Start-Eagle Bluff","28097 Goodview Dr","","","Lanesboro","MN","55949-8290","Fillmore","(507) 703-0291","Active","Semcac","20 ","Ages Served: Preschool","None","Services: Day Program","Minnesota Department of Human Services","11/01/1991","01/01/2026","12/31/2026","   ","",
"830413","Child Care Center","Semcac Head Start-Kasson","202 5th St SE","","","Kasson","MN","55944     ","Dodge","","Active","Semcac","20 ","Ages Served: Preschool","None","Services: Day Program","Minnesota Department of Human Services","05/01/1997","09/08/2026","12/31/2026","   ","",
"830728","Child Care Center","Semcac Head Start-Winona","1756 Kraemer Dr Ste 200","","","Winona","MN","55987-2086","Winona","(507) 454-2151","Active","Semcac","44 ","Ages Served: Toddlers Preschool","None","Services: Day Program","Minnesota Department of Human Services","06/26/1998","01/01/2026","12/31/2026","   ","",
"802406","Child Care Center","Semcac Head Start-Winona Redeemer","1664 Kraemer Dr","","","Winona","MN","55987     ","Winona","(507) 932-5519","Active","Semcac","20 ","Ages Served: Preschool","None","Services: Day Program","Minnesota Department of Human Services","04/12/1989","01/01/2026","12/31/2026","   ","",
"1115318","Child Care Center","Serenity Kids","1103 Oakview Dr","","","Dilworth","MN","56529     ","Clay","(218) 477-3700","Active","Serenity Kids, LLC","20 ","Ages Served: Preschool","None","Services: Day Program","Minnesota Department of Human Services","11/28/2022","01/01/2026","12/31/2026","   ","",
"802211","Child Care Center","Seward Child Care Center","2323 32nd Ave S","","","Minneapolis","MN","55406-1459","Hennepin","(612) 724-3030","Active","Seward Child Care Center, Inc.","30 ","Ages Served: Toddlers Preschool","None","Services: Day Program","Minnesota Department of Human Services","06/13/1973","01/01/2026","12/31/2026","   ","",
"802217","Child Care Center","Shakopee Head Start","917 Dakota St S","","","Shakopee","MN","55379-2562","Scott","(952) 402-9809","Active","Scott-Carver-Dakota CAP Agency, Inc.","20 ","Ages Served: Preschool","None","Services: Day Program","Minnesota Department of Human Services","12/04/1970","01/01/2026","12/31/2026","   ","",
"830336","Child Care Center","Shepherd of the Hills Preschool","3920 Victoria St N","","","Saint Paul","MN","55126-2908","Ramsey","(651) 483-6885","Active","Shepherd of the Hills Evangelical Lutheran Church","82 ","Ages Served: Toddlers Preschool","None","Services: Day Program","Minnesota Department of Human Services","08/15/1997","01/01/2026","12/31/2026","   ","",
"808005","Child Care Center","Shepherd of the Valley Preschool","12650 Johnny Cake Ridge Rd","","","Saint Paul","MN","55124     ","Dakota","(952) 985-7370","Active","Shepherd of the Valley Lutheran Church","50 ","Ages Served: Preschool","None","Services: Day Program","Minnesota Department of Human Services","09/12/1994","01/01/2026","12/31/2026","   ","",
"802223","Child Care Center","Shepherd's Care","11875 W Eagle Lake Dr","","","Maple Grove","MN","55369-5529","Hennepin","","Active","Shepherd of the Grove Evangelical Lutheran Church","96 ","Ages Served: Infants Toddlers Preschool School-Age","Maximum number of school-age in the Preschoolers Room 6 classroom is five.","Services: Day Program","Minnesota Department of Human Services","09/01/1989","01/01/2026","12/31/2026","   ","",
"830391","Child Care Center","Shepherd's Flock Preschool","3611 North Berens Rd NW","","","Prior Lake","MN","55379-5899","Scott","(952) 230-2923","Active","Shepherd of the Lake Evangelical Lutheran Church","76 ","Ages Served: Preschool","None","Services: Day Program","Minnesota Department of Human Services","09/24/1997","05/20/2026","12/31/2026","   ","",
"1052276","Child Care Center","Shiloh Temple International Ministries","1201 W Broadway Ave","","","Minneapolis","MN","55411     ","Hennepin","(612) 302-1463","Active","Shiloh Temple International Ministries, Inc.","148","Ages Served: ","None","Services: Day Program","Minnesota Department of Human Services","02/02/2009","01/01/2026","12/31/2026","   ","",
"2001555","Child Care Center","Shining Stars Learning Center","955 Highway 55","","","Hastings","MN","55033     ","Dakota","","Active","Rivertown Learning Center LLC","102","Ages Served: Infants Toddlers Preschool School-Age","None","Services: Day Program, School-age Child Care Program","Minnesota Department of Human Services","01/01/2025","01/01/2026","12/31/2026","   ","",
"802232","Child Care Center","Shirley R Abelson Aleph Preschool","5225 Barry St W","","","Saint Louis Park","MN","55416-5445","Hennepin","(952) 873-7320","Active","Beth El Synagogue","121","Ages Served: Infants Toddlers Preschool","None","Services: Day Program","Minnesota Department of Human Services","02/01/1946","01/01/2026","12/31/2026","   ","",
"802233","Child Care Center","Shoreline Early Childhood Development Center","3745 Shoreline Dr","","","Wayzata","MN","55391-9784","Hennepin","(952) 471-8541","Active","Shoreline Early Childhood Development Center, Inc.","81 ","Ages Served: Infants Toddlers Preschool School-Age","None","Services: Day Program","Minnesota Department of Human Services","05/02/1972","01/01/2026","12/31/2026","   ","",
"1062792","Child Care Center","Shoreview YMCA Early Childhood Learning Center","3760 Lexington Ave N","","","Saint Paul","MN","55126-2915","Ramsey","(651) 747-0971","Active","Young Men's Christian Association of the North","27 ","Ages Served: Preschool","None","Services: Day Program","Minnesota Department of Human Services","04/01/2012","01/01/2026","12/31/2026","   ","",
"830682","Child Care Center","Siembra Montessori","1915 Chicago Ave","","","Minneapolis","MN","55404-1904","Hennepin","(612) 874-1412","Active","Centro Tyrone Guzman","70 ","Ages Served: Preschool School-Age","None","Services: Day Program","Minnesota Department of Human Services","05/12/1998","01/01/2026","12/31/2026","   ","",
"801598","Child Care Center","Silver View Education Center","2574 Mounds View Blvd","","","Mounds View","MN","55112-4032","Ramsey","(651) 621-6222","Active","Mounds View Public School District 0621-01","47 ","Ages Served: Infants Toddlers Preschool School-Age","None","Services: Day Program","Minnesota Department of Human Services","03/28/1989","01/01/2026","12/31/2026","   ","",
"1082529","Child Care Center","Skyline Towers Head Start","1247 Saint Anthony Ave","","","Saint Paul","MN","55104-4126","Ramsey","(651) 226-7410","Active","Community Action Partnership of Ramsey and Washington Counties","20 ","Ages Served: Preschool","None","Services: Day Program","Minnesota Department of Human Services","09/06/2016","01/01/2026","12/31/2026","   ","",
"1062906","Child Care Center","Sleepy Tigers Chinese Immersion Learning Center","16023 Minnetonka Blvd","","","Minnetonka","MN","55345-1302","Hennepin","(612) 568-8819","Active","Sleepy Tigers Chinese Immersion Learning Center Inc","131","Ages Served: Toddlers Preschool School-Age","None","Services: Day Program","Minnesota Department of Human Services","08/13/2012","01/01/2026","12/31/2026","   ","",
"1077077","Child Care Center","Small Sprouts Preschool","1125 S State St","","","Fairmont","MN","56031-4415","Martin","(507) 235-5513","Active","Bethel Evangelical Free Church","40 ","Ages Served: Preschool","None","Services: Day Program","Minnesota Department of Human Services","09/08/2015","01/07/2026","12/31/2026","   ","",
"802053","Child Care Center","Small World Early Learning Center","309 Main Ave N","","","Red Lake Falls","MN","56750-4013","Red Lake","(218) 253-4496","Active","Red Lake Falls Children's Center, Inc.","39 ","Ages Served: Infants Toddlers Preschool School-Age","Maximum number of school aged children in the Preschool / School Age Combo Classroom is 5.","Services: Day Program","Minnesota Department of Human Services","09/01/1976","01/01/2026","12/31/2026","   ","",
"1076380","Child Care Center","Small World Learning Center","8400 City Centre Dr","","","Woodbury","MN","55125     ","Washington","(651) 739-1961","Active","Jain Enterprises III, Inc","118","Ages Served: Infants Toddlers Preschool School-Age","Maximum number of preschoolers in the Kindergarten Readiness/School Age Combination is 20.","Services: Day Program","Minnesota Department of Human Services","02/25/2015","01/01/2026","12/31/2026","   ","",
"1065534","Child Care Center","Small World Learning Center","1621 McGlynn Rd","","","Chanhassen","MN","55317-8202","Carver","(952) 470-6000","Active","Jain Enterprises II Inc.","106","Ages Served: Infants Toddlers Preschool","None","Services: Day Program","Minnesota Department of Human Services","05/06/2013","01/01/2026","12/31/2026","   ","",
"1074720","Child Care Center","Small World Learning Center","90 Locust St","","","Farmington","MN","55024     ","Dakota","(651) 463-2022","Active","Millennium Learning Center III Inc.","97 ","Ages Served: Infants Toddlers Preschool School-Age","Maximum number of infants in the Transition Room is 10 children. Maximum number of toddlers in the Transition Room is 12 children.","Services: Day Program","Minnesota Department of Human Services","07/07/2014","01/01/2026","12/31/2026","   ","",
"1081623","Child Care Center","Small World Learning Center","4565 Scott Trl","","","Eagan","MN","55122-2396","Dakota","(651) 405-0004","Active","Millennium Learning Center IV, Inc. Corporation","84 ","Ages Served: Infants Toddlers Preschool School-Age","None","Services: Day Program","Minnesota Department of Human Services","11/18/2016","01/01/2026","12/31/2026","   ","",
"1117993","Child Care Center","Small World Learning Center","301 Promenade Ave","","","Wayzata","MN","55391-2662","Hennepin","(763) 245-7078","Active","Millennium Learning Center V, Inc. Corporation","117","Ages Served: Infants Toddlers Preschool School-Age","None","Services: Day Program","Minnesota Department of Human Services","06/12/2023","01/01/2026","12/31/2026","   ","",
"1026207","Child Care Center","Small World Learning Center/Jain Enterprises Inc","10210 Lancaster Ln N","","","Maple Grove","MN","55369-2982","Hennepin","(763) 424-5574","Active","Jain Enterprises, Inc.","78 ","Ages Served: Infant;Toddler;Preschool","None","Services: Day Program","Minnesota Department of Human Services","01/15/2004","01/01/2026","12/31/2026","   ","",
"1066084","Child Care Center","Smart Start Childcare & Learning Center","14480 60th St N","","","Stillwater","MN","55082-6313","Washington","(651) 439-0699","Active","Smart Start Childcare and Learning Center Inc","141","Ages Served: Infants Toddlers Preschool School-Age","None","Services: Day Program","Minnesota Department of Human Services","10/02/2013","01/01/2026","12/31/2026","   ","",
"2000106","Child Care Center","Smart Start Childcare and Learning Center Woodbury","6255 Upper Afton Rd","","","Woodbury","MN","55125     ","Washington","(651) 280-0188","Active","Smart Start Childcare and Learning Center","87 ","Ages Served: Infants Toddlers Preschool","None","Services: Day Program, School-age Child Care Program","Minnesota Department of Human Services","09/30/2024","01/01/2026","12/31/2026","   ","",
"1106415","Child Care Center","Smiling Faces Academy","7217 W Broadway Ave","","","Brooklyn Park","MN","55428-1623","Hennepin","(763) 432-2082","Active","Smiling Faces Academy, LLC","58 ","Ages Served: Infants Toddlers Preschool School-Age","Maximum number of infants in the Infant/Toddler classroom is eight.; Not to exceed eight infants in the Infant/Toddler classroom.","Services: Day Program","Minnesota Department of Human Services","11/17/2020","01/01/2026","12/31/2026","   ","",
"1117813","Child Care Center","Snug as a Bug Childcare, LLC","826 E Bridge St","","","Redwood Falls","MN","56283     ","Redwood","(507) 627-7684","Active","Snug as a Bug Childcare, LLC","79 ","Ages Served: Infants Toddlers Preschool School-Age","None","Services: Day Program","Minnesota Department of Human Services","09/06/2023","01/01/2026","12/31/2026","   ","",
"2002409","Child Care Center","Soaring Eagles Childcare","68 10th St","","","Windom","MN","56101-1561","Cottonwood","(507) 831-6910","Active","Independent School District #177","73 ","Ages Served: Infants Toddlers Preschool","None","Services: Day Program","Minnesota Department of Human Services","09/01/2026","09/01/2026","12/31/2026","   ","",
"1064021","Child Care Center","Solar Academy Inc","1274 Marion Rd SE","","","Rochester","MN","55904     ","Olmsted","(507) 258-7777","Active","Solar Academy Inc","92 ","Ages Served: Infants Toddlers Preschool School-Age","None","Services: Day Program","Minnesota Department of Human Services","01/02/2013","01/01/2026","12/31/2026","   ","",
"802263","Child Care Center","Son-Shine Corner Inc.","705 County Road 101 N","","","Plymouth","MN","55447-3537","Hennepin","(763) 473-9656","Active","Son-Shine Corner Inc.","54 ","Ages Served: Toddlers Preschool School-Age","The maximum number of school age children in the Preschool/School Age classroom is one.","Services: Day Program","Minnesota Department of Human Services","09/01/1982","01/01/2026","12/31/2026","   ","",
"2001990","Child Care Center","Sonnet Montessori & Child Care","15855 61st Ave N","","","Plymouth","MN","55446-3741","Hennepin","(612) 927-3232","Active","JK Child Care LLC","147","Ages Served: Infants Toddlers Preschool School-Age","None","Services: Day Program","Minnesota Department of Human Services","03/16/2026","03/16/2026","12/31/2026","   ","",
"1110511","Child Care Center","Sonnet Montessori & Child Care","19955 Idealic Ave","","","Lakeville","MN","55044-2003","Dakota","","Active","JK Child Care LLC","91 ","Ages Served: Infants Toddlers Preschool School-Age","None","Services: Day Program","Minnesota Department of Human Services","01/01/2022","01/01/2026","12/31/2026","   ","",
"1110515","Child Care Center","Sonnet Montessori & Child Care","4637 Park Nicollet Ave SE","","","Prior Lake","MN","55372-3909","Scott","","Active","JK Child Care LLC","76 ","Ages Served: Infants Toddlers Preschool School-Age","None","Services: Day Program","Minnesota Department of Human Services","01/01/2022","01/01/2026","12/31/2026","   ","",
"1021758","Child Care Center","Sonshine Learning Center","680 Highway 62","","","Saint Paul","MN","55118     ","Dakota","(651) 994-1945","Active","Sonshine Learning Center","104","Ages Served: Infants Toddlers Preschool School-Age","Per the State Fire Marshal, the occupant load of Infant 2 cannot exceed 10 people due to having one exit door.; Per State Fire Marshal, Toddler/Preschool cannot exceed 10 children under 2.5 years of age.; Per the State Fire Marshal, Toddler 2 cannot excee","Services: Day Program","Minnesota Department of Human Services","03/26/2003","01/01/2026","12/31/2026","   ","",
"1066378","Child Care Center","SonShine Learning Center Luther","1568 Eustis St","","","Lauderdale","MN","55108     ","Ramsey","(651) 756-1530","Active","Sonshine Learning Center","108","Ages Served: Infants Toddlers Preschool School-Age","None","Services: Day Program","Minnesota Department of Human Services","09/05/2013","01/01/2026","12/31/2026","   ","",
"804605","Child Care Center","South Branch Early Childhood Family Development Center","7145 Harriet Ave","","","Richfield","MN","55423-3071","Hennepin","(612) 861-7422","Active","Parents in Community Action, Inc.","48 ","Ages Served: Infants Toddlers Preschool","None","Services: Day Program","Minnesota Department of Human Services","01/01/1999","01/01/2026","12/31/2026","   ","",
"1116650","Child Care Center","South Metro Childcare Academy","8932 Old Cedar Ave S","","","Minneapolis","MN","55425     ","Hennepin","(612) 707-6260","Active","South Metro Childcare Academy LLC","57 ","Ages Served: Infant;Toddler;Preschool;School Age","None","Services: Day Program","Minnesota Department of Human Services","03/16/2023","01/01/2026","12/31/2026","   ","",
"1078834","Child Care Center","South Metro Montessori School","10970 185th St W","","","Lakeville","MN","55044-5227","Dakota","(952) 435-8899","Active","South Metro Montessori School LLC","50 ","Ages Served: Toddlers Preschool School-Age","Maximum number of school aged children in the Butterfly Room 127 is 5.; Per fire inspector, no more than 5 children under the age of 30 months can be in care.","Services: Day Program","Minnesota Department of Human Services","01/04/2016","01/01/2026","12/31/2026","   ","",
"804965","Child Care Center","South Shore Trinity Lutheran Church Preschool","2480 S Shore Blvd","","","White Bear Lake","MN","55110-3898","Ramsey","(651) 429-4293","Active","South Shore Trinity Evangelical Lutheran Church, White Bear Lake, Minn","22 ","Ages Served: Preschool","None","Services: Day Program","Minnesota Department of Human Services","01/01/1999","01/01/2026","12/31/2026","   ","",
"1009453","Child Care Center","Southside A, B, C","1205 6th Ave S","","","Saint Cloud","MN","56301-5582","Stearns","(320) 257-5257","Active","Reach-Up Incorporated","60 ","Ages Served: Preschool","None","Services: Day Program","Minnesota Department of Human Services","02/06/2001","01/01/2026","12/31/2026","   ","",
"802271","Child Care Center","Southside Family Nurturing Center","2448 18th Ave S","","","Minneapolis","MN","55404     ","Hennepin","(612) 721-2762","Active","Southside Family Nurturing Center","29 ","Ages Served: Toddlers Preschool","None","Services: Day Program","Minnesota Department of Human Services","04/17/1967","01/01/2026","12/31/2026","   ","",
"830831","Child Care Center","SouthWest Metro Child Care","4601 Dean Lakes Blvd","","","Shakopee","MN","55379     ","Scott","(952) 567-8100","Active","Southwest Metro Intermediate 288 0288-06","23 ","Ages Served: Infant;Toddler;Preschool","None","Services: Day Program","Minnesota Department of Human Services","09/28/1998","01/01/2026","12/31/2026","   ","",
"1019855","Child Care Center","Southwest Minnesota State University Child Day Care Center","1502 Birch St","","","Marshall","MN","56258-2288","Lyon","(507) 537-6014","Active","SMSU Child Care Center","41 ","Ages Served: Infants Toddlers Preschool School-Age","Maximum number of school agers in the Preschool classroom is 16.","Services: Day Program","Minnesota Department of Human Services","09/06/2002","01/01/2026","12/31/2026","   ","",
"1065869","Child Care Center","Southwest Montessori School","5000 Washburn Ave S","","","Minneapolis","MN","55410-2224","Hennepin","(612) 920-2311","Active","HLO Inc","28 ","Ages Served: Preschool","None","Services: Day Program","Minnesota Department of Human Services","08/26/2013","01/01/2026","12/31/2026","   ","",
"2002077","Child Care Center","Spring Daycare LLC","651 Nicollet Mall Ste 135","Ste135","","Minneapolis","MN","55402     ","Hennepin","(612) 226-2193","Active","Spring Daycare LLC","53 ","Ages Served: Infants Toddlers Preschool School-Age","None","Services: Day Program","Minnesota Department of Human Services","04/13/2026","04/13/2026","12/31/2026","   ","",
"2001704","Child Care Center","Sprout and Bloom Child Development Center","15 121st Ave NW","","","Coon Rapids","MN","55448     ","Anoka","(952) 232-6876","Active","Sprout and Bloom Child Development Center LLC","91 ","Ages Served: Infants Toddlers Preschool School-Age","None","Services: Day Program, Drop-in Child Care Program, School-age Child Care Program","Minnesota Department of Human Services","08/05/2025","01/01/2026","12/31/2026","   ","",
"1095680","Child Care Center","Sprouts Childcare & Early Education Center LLC","200 Schumann Dr NW","","","Stewartville","MN","55976-7918","Olmsted","(507) 504-1050","Active","Sprouts Childcare & Early Education Center LLC","99 ","Ages Served: Infants Toddlers Preschool School-Age","None","Services: Day Program","Minnesota Department of Human Services","10/29/2018","01/01/2026","12/31/2026","   ","",
"802286","Child Care Center","St Andrew Early Learning Program","13600 Technology Dr","","","Eden Prairie","MN","55344-2251","Hennepin","(952) 937-2776","Active","St. Andrew Lutheran Church","158","Ages Served: Infants Toddlers Preschool","Maximum number of Infants in the Tweener classroom is 12.","Services: Day Program","Minnesota Department of Human Services","05/05/1989","01/01/2026","12/31/2026","   ","",
"802298","Child Care Center","St Anthony Park Community Nursery School","2200 Hillside Ave","","","Saint Paul","MN","55108-1609","Ramsey","(651) 230-5552","Active","Centennial United Methodist Church","70 ","Ages Served: Preschool School-Age","None","Services: Day Program","Minnesota Department of Human Services","11/01/1961","01/01/2026","12/31/2026","   ","",
"1080539","Child Care Center","St Charles Borromeo Preschool","2727 Stinson Blvd","","","Saint Anthony","MN","55418     ","Hennepin","(612) 781-2643","Active","The Church of St. Charles Borromeo of Minneapolis, Minnesota","59 ","Ages Served: Preschool","None","Services: Day Program","Minnesota Department of Human Services","09/06/2016","01/01/2026","12/31/2026","   ","",
"1076829","Child Care Center","St Charles Child Care","343 Daycare Dr","","","Saint Charles","MN","55972     ","Winona","(507) 932-8808","Active","St. Charles Child Care #2, LLC","101","Ages Served: Infants Toddlers Preschool School-Age","None","Services: Day Program","Minnesota Department of Human Services","05/04/2015","01/01/2026","12/31/2026","   ","",
"802316","Child Care Center","St Croix Kids Early Childhood Center","111 Orleans St E","","","Stillwater","MN","55082-6603","Washington","(651) 439-3616","Active","St. Croix Kids Early Childhood Center","43 ","Ages Served: Toddlers Preschool School-Age","None","Services: Day Program","Minnesota Department of Human Services","09/01/1977","01/01/2026","12/31/2026","   ","",
"802320","Child Care Center","St Davids Center for Child and Family Development","3395 Plymouth Rd","","","Minnetonka","MN","55305-3633","Hennepin","(952) 939-0396","Active","St. David's Center for Child & Family Development","123","Ages Served: Toddlers Preschool","None","Services: Day Program","Minnesota Department of Human Services","09/15/1981","01/01/2026","12/31/2026","   ","",
"1058562","Child Care Center","St Dominic Preschool","216 Spring St N","","","Northfield","MN","55057-1431","Rice","(507) 645-8136","Active","The Church of St. Dominic of Northfield, Minnesota","40 ","Ages Served: Preschool","None","Services: Day Program","Minnesota Department of Human Services","09/01/2013","01/01/2026","12/31/2026","   ","",
"1000968","Child Care Center","St Elizabeth Ann Seton Preschool","2035 15th St W","","","Hastings","MN","55033-9294","Dakota","(651) 438-3223","Active","St. Elizabeth Ann Seton Parish","40 ","Ages Served: Preschool","None","Services: Day Program","Minnesota Department of Human Services","09/01/1999","01/01/2026","12/31/2026","   ","",
"1085935","Child Care Center","St Elizabeth Ann Seton Rainbow Preschool","1615 11th Ave S","","","Saint Cloud","MN","56301-5670","Stearns","(320) 251-1988","Active","St. Elizabeth Ann Seton School","45 ","Ages Served: Preschool","None","Services: Day Program","Minnesota Department of Human Services","08/29/2017","01/01/2026","12/31/2026","   ","",
"1000467","Child Care Center","St Felix School Preschool and Kindergarten Readiness & St Felix Gods K","130 3rd St E","","","Wabasha","MN","55981-1452","Wabasha","(651) 565-4446","Active","St. Felix Church of Wabasha, Minnesota","35 ","Ages Served: Preschool School-Age","Maximum number of School Age in the Preschool- KG Readiness classroom is 15.","Services: Day Program","Minnesota Department of Human Services","08/20/1999","01/01/2026","12/31/2026","   ","",
"802329","Child Care Center","St Francis Xavier Child Development Center","219 19th St NW","","","Buffalo","MN","55313-5042","Wright","(763) 684-0075","Active","Church of St. Francis Xavier","40 ","Ages Served: Preschool","None","Services: Day Program","Minnesota Department of Human Services","09/06/1988","01/01/2026","12/31/2026","   ","",
"1066115","Child Care Center","St Francis Xavier School","308 2nd St N","","","Sartell","MN","56377-1719","Stearns","(320) 259-7090","Active","The Church of St. Francis Xavier, of Sartell, Minnesota","60 ","Ages Served: Preschool","None","Services: Day Program","Minnesota Department of Human Services","09/26/2013","01/01/2026","12/31/2026","   ","",
"1091751","Child Care Center","St Henrys Area Preschool","254 3rd Ave SW","","","Perham","MN","56573-1442","Otter Tail","(218) 346-6190","Active","St Henrys Area Preschool","40 ","Ages Served: Preschool","None","Services: Day Program","Minnesota Department of Human Services","03/12/2018","01/01/2026","12/31/2026","   ","",
"830968","Child Care Center","St James Community Child Care","500 3rd Ave S","","","Saint James","MN","56081-1744","Watonwan","(507) 375-4517","Active","St. James Public School District 0840-01","118","Ages Served: Infants Toddlers Preschool","None","Services: Day Program","Minnesota Department of Human Services","01/15/1999","01/01/2026","12/31/2026","   ","",
"1058660","Child Care Center","St John Early Childhood Learning Center","34719 County Highway 24","","","Redwood Falls","MN","56283-2842","Redwood","(507) 617-3002","Active","St John Lutheran School","75 ","Ages Served: Preschool School-Age","None","Services: Day Program","Minnesota Department of Human Services","01/21/2011","01/01/2026","12/31/2026","   ","",
"1003299","Child Care Center","St John Lutheran Day Care","137 S Houk St","","","Good Thunder","MN","56037-4016","Blue Earth","(507) 278-3635","Active","St. John Lutheran Church","85 ","Ages Served: Infants Toddlers Preschool School-Age","None","Services: Day Program","Minnesota Department of Human Services","08/30/1999","01/01/2026","12/31/2026","   ","",
"1090289","Child Care Center","St John the Baptist Catholic Montessori School","638 Mill St","","","Excelsior","MN","55331     ","Hennepin","(952) 474-5812","Active","Church of St. John the Baptist of Excelsior, Minnesota","99 ","Ages Served: Toddlers Preschool School-Age","Maximum number of school age children in the Before and After Care Room is 15.; Maximum number of school age children in the Casa 2 Room is 15.; Maximum number of school age children in the program is 15.","Services: Day Program","Minnesota Department of Human Services","04/16/2018","01/01/2026","12/31/2026","   ","",
"1074767","Child Care Center","St Johns Lutheran Preschool","109 1st St NW","","","Norwood Young America","MN","55397-9496","Carver","(952) 467-3461","Active","St. John's Lutheran Congregation of Norwood Young America","20 ","Ages Served: Preschool","None","Services: Day Program","Minnesota Department of Human Services","08/31/2015","01/01/2026","12/31/2026","   ","",
"1080115","Child Care Center","St Johns Preschool","36620 County 4 Blvd","","","Goodhue","MN","55027     ","Goodhue","(651) 923-4773","Active","St Johns Preschool","19 ","Ages Served: Preschool","None","Services: Day Program","Minnesota Department of Human Services","09/01/2017","01/01/2026","12/31/2026","   ","",
"1086068","Child Care Center","St Joseph Preschool","13900 Biscayne Ave W","","","Rosemount","MN","55068-3451","Dakota","(651) 423-1658","Active","The Church of St. Joseph of Rosemount, Minnesota","63 ","Ages Served: Preschool","None","Services: Day Program","Minnesota Department of Human Services","09/05/2017","01/01/2026","12/31/2026","   ","",
"1051073","Child Care Center","St Joseph's Preschool","1138 Seminole Ave","","","West St Paul","MN","55118-2098","Dakota","(651) 789-8300","Active","The Church of Saint Joseph of West Saint Paul, Minnesota","49 ","Ages Served: Preschool","None","Services: Day Program","Minnesota Department of Human Services","08/25/2008","01/01/2026","12/31/2026","   ","",
"802346","Child Care Center","St Josephs Preschool","315 SW 21st St","","","Grand Rapids","MN","55744-4148","Itasca","(218) 326-6232","Active","St. Joseph's Church, Grand Rapids","45 ","Ages Served: Preschool","None","Services: Day Program","Minnesota Department of Human Services","11/04/1986","01/01/2026","12/31/2026","   ","",
"1066308","Child Care Center","St Josephs School","1005 2nd Ave S","","","Moorhead","MN","56560     ","Clay","(218) 233-0553","Active","St. Joseph's Church, Moorhead","50 ","Ages Served: Preschool","Per State Fire Marshal/local fire inspector temporary occupancy granted until 10/26/26.","Services: Day Program","Minnesota Department of Human Services","09/02/2014","01/01/2026","12/31/2026","   ","",
"802299","Child Care Center","St Katharine Drexel School","428 2nd St SE","","","Saint Cloud","MN","56304     ","Benton","(320) 251-2376","Active","St. Katharine Drexel School","38 ","Ages Served: Preschool","None","Services: Day Program","Minnesota Department of Human Services","09/13/1988","01/01/2026","12/31/2026","   ","",
"2002365","Child Care Center","St Mary's Church & School","104 Saint Marys St NW","","","Sleepy Eye","MN","56085     ","Brown","(507) 794-4121","Active","St Mary's Church & School","38 ","Ages Served: Preschool","Per State Fire Marshal temporary occupancy granted until October 26, 2026.; Per State Fire Marshal Music Room is not approved for occupancy by licensed child care center.","Services: Day Program","Minnesota Department of Human Services","08/25/2026","08/25/2026","12/31/2026","   ","",
"1062962","Child Care Center","St Marys Elementary School Little Echoes Preschool","225 6th St","","","Tracy","MN","56175     ","Lyon","(507) 629-3270","Active","The Church of St. Mary of Tracy, Minnesota","20 ","Ages Served: Preschool","None","Services: Day Program","Minnesota Department of Human Services","09/04/2012","01/01/2026","12/31/2026","   ","",
"1011526","Child Care Center","St Marys School","308 E South St","","","Caledonia","MN","55921-1353","Houston","(507) 725-3355","Active","Church of St. Mary's","101","Ages Served: Preschool School-Age","None","Services: Day Program","Minnesota Department of Human Services","08/27/2001","01/01/2026","12/31/2026","   ","",
"802368","Child Care Center","St Matthew Community Preschool","555 E 12th St","","","Saint Charles","MN","55972-1601","Winona","(507) 932-4223","Active","St. Matthew Lutheran Church","20 ","Ages Served: Preschool","None","Services: Day Program","Minnesota Department of Human Services","09/06/1983","01/01/2026","12/31/2026","   ","",
"1066335","Child Care Center","St Maximilian Kolbe Catholic Preschool","235 2nd St S","","","Delano","MN","55328-8828","Wright","(763) 972-2528","Active","St Maximilian Kolbe Catholic School","40 ","Ages Served: Preschool","None","Services: Day Program","Minnesota Department of Human Services","11/04/2013","01/01/2026","12/31/2026","   ","",
"1063308","Child Care Center","St Michael Catholic Preschool","100 Central Ave E","","","Saint Michael","MN","55376-4510","Wright","(763) 515-3931","Active","St. Michael Catholic Church","40 ","Ages Served: Preschool","None","Services: Day Program","Minnesota Department of Human Services","09/04/2012","09/04/2026","12/31/2026","   ","",
"802837","Child Care Center","St Olaf Wee Learning Center","306 2nd St NW","","","Austin","MN","55912-3160","Mower","(507) 433-6463","Active","St Olaf's Lutheran Church","93 ","Ages Served: Toddlers Preschool","None","Services: Day Program","Minnesota Department of Human Services","04/01/1991","01/01/2026","12/31/2026","   ","",
"2001710","Child Care Center","St Paul Academy and Summit School Pre-Kindergarten","1712 Randolph Ave","","","Saint Paul","MN","55105     ","Ramsey","(651) 698-2451","Active","St. Paul Academy and Summit School","20 ","Ages Served: Preschool","None","Services: Day Program","Minnesota Department of Human Services","08/13/2025","01/01/2026","12/31/2026","   ","",
"1062807","Child Care Center","St Paul Eastside YMCA Early Childhood Learning Center","875 Arcade St","","","Saint Paul","MN","55106     ","Ramsey","","Active","Young Men's Christian Association of the North","70 ","Ages Served: Infants Toddlers Preschool","None","Services: Day Program","Minnesota Department of Human Services","04/01/2012","01/01/2026","12/31/2026","   ","",
"1067631","Child Care Center","St Paul Learning Center Inc","1922 University Ave W","","","Saint Paul","MN","55104-3426","Ramsey","(651) 645-0595","Active","St Paul Learning Center Inc","91 ","Ages Served: Infants Toddlers Preschool School-Age","None","Services: Day Program","Minnesota Department of Human Services","10/10/2014","01/01/2026","12/31/2026","   ","",
"1062800","Child Care Center","St Paul Midway YMCA Early Childhood Learning Center","530 Wheeler St N","","","Saint Paul","MN","55104     ","Ramsey","","Active","Young Men's Christian Association of the North","106","Ages Served: Infants Toddlers Preschool","None","Services: Day Program","Minnesota Department of Human Services","04/01/2012","08/28/2026","12/31/2026","   ","",
"802381","Child Care Center","St Paul Preschool","621 W Main St","","","Pipestone","MN","56164-1243","Pipestone","(507) 825-2142","Active","St. Paul Lutheran Church","17 ","Ages Served: Preschool","None","Services: Day Program","Minnesota Department of Human Services","10/09/1989","01/01/2026","12/31/2026","   ","",
"802386","Child Care Center","St Pauls Little Saints ECC","5634 Luther Rd SE","","","Prior Lake","MN","55372-2031","Scott","(952) 226-2525","Active","St. Paul's Evangelical Lutheran Church of Prior Lake, Minnesota","63 ","Ages Served: Infants Toddlers Preschool","None","","Minnesota Department of Human Services","07/23/1987","01/01/2026","12/31/2026","   ","",
"1049241","Child Care Center","St Peter Community Childcare Center Inc","600 S 5th St Ste 125","","","Saint Peter","MN","56082-1495","Nicollet","","Active","St. Peter Community Childcare Center, Inc.","119","Ages Served: Infants Toddlers Preschool School-Age","Maximum number of school age children in the Pre-K/School Age 2 classroom is 25.; Maximum number of school age children in the Preschool/School Age 1 classroom is 36.","Services: Day Program","Minnesota Department of Human Services","01/21/2008","01/01/2026","12/31/2026","   ","",
"802393","Child Care Center","St Peter's Early Childhood Education Center","5421 France Ave S","","","Edina","MN","55410-2357","Hennepin","(952) 927-8400","Active","St Peter's Early Childhood Education Center","99 ","Ages Served: Infants Toddlers Preschool School-Age","None","Services: Day Program","Minnesota Department of Human Services","10/20/1967","01/01/2026","12/31/2026","   ","",
"1098196","Child Care Center","St Peter's School","34 Main St","","","Hokah","MN","55941-6500","Houston","(507) 894-4375","Active","The Church of St. Peter of Hokah, Minnesota","35 ","Ages Served: Infants Toddlers Preschool School-Age","None","Services: Day Program","Minnesota Department of Human Services","09/01/2019","01/01/2026","12/31/2026","   ","",
"1018306","Child Care Center","St Pius X Preschool","1205 12th Ave NW","","","Rochester","MN","55901-1798","Olmsted","(507) 282-5161","Active","Rochester Catholic Schools","54 ","Ages Served: Toddlers Preschool","None","Services: Day Program","Minnesota Department of Human Services","08/13/2002","01/01/2026","12/31/2026","   ","",
"1081125","Child Care Center","St Raphael Catholic Preschool & Pre K","7301 Bass Lake Rd","","","Crystal","MN","55428-3826","Hennepin","(763) 504-9450","Active","The Church of Saint Raphael in Crystal, Minnesota","40 ","Ages Served: Preschool;School Age","None","Services: Day Program","Minnesota Department of Human Services","08/23/2016","01/01/2026","12/31/2026","   ","",
"1059377","Child Care Center","St Stephen Preschool","1301 S 4th St","","","Marshall","MN","56258     ","Lyon","(507) 537-1516","Active","St. Stephen Lutheran Church of Marshall, MN","20 ","Ages Served: Preschool School-Age","None","Services: Day Program","Minnesota Department of Human Services","08/16/2011","08/04/2026","12/31/2026","   ","",
"1066515","Child Care Center","St Theodore Pre Kindergarten School","323 E Clark St","","","Albert Lea","MN","56007-2955","Freeborn","(507) 373-9657","Active","The Church of St. Theodore of Albert Lea, Minnesota","20 ","Ages Served: Preschool","None","Services: Day Program","Minnesota Department of Human Services","01/27/2014","01/01/2026","12/31/2026","   ","",
"1048537","Child Care Center","St Therese Early Learning Center","18323 Minnetonka Blvd","","","Wayzata","MN","55391-3231","Hennepin","(952) 261-0587","Active","The Church of Saint Therese of Deephaven","146","Ages Served: Infants Toddlers Preschool","None","Services: Day Program","Minnesota Department of Human Services","09/10/2007","07/07/2026","12/31/2026","   ","",
"1066090","Child Care Center","St Thomas More Preschool","1065 Summit Ave","","","Saint Paul","MN","55105-3004","Ramsey","(651) 224-4836","Active","IHM/St. Luke's School","100","Ages Served: Preschool","None","Services: Day Program","Minnesota Department of Human Services","09/03/2013","01/01/2026","12/31/2026","   ","",
"1048343","Child Care Center","St Wenceslaus Little Saints Preschool","227 Main St E","","","New Prague","MN","56071-1838","Scott","(952) 758-3133","Active","The Church of St. Wenceslaus of New Prague, Minnesota","60 ","Ages Served: Preschool","None","Services: Day Program","Minnesota Department of Human Services","01/10/2008","01/01/2026","12/31/2026","   ","",
"1012326","Child Care Center","St. Andrew's Preschool","260 East Ave","","","Mahtomedi","MN","55115-2279","Washington","(651) 762-4300","Active","St. Andrew's Evangelical Lutheran Church","94 ","Ages Served: Toddlers Preschool","None","Services: Day Program","Minnesota Department of Human Services","06/18/2001","01/01/2026","12/31/2026","   ","",
"802287","Child Care Center","St. Andrew's Preschool","900 Stillwater Rd","","","Mahtomedi","MN","55115-2206","Washington","(651) 762-9121","Active","St. Andrew's Evangelical Lutheran Church","20 ","Ages Served: Preschool","None","Services: Day Program","Minnesota Department of Human Services","10/01/1979","01/01/2026","12/31/2026","   ","",
"802297","Child Care Center","St. Anthony Park Co-op Preschool","2129 Commonwealth Ave","","","Saint Paul","MN","55108-1715","Ramsey","(651) 230-3691","Active","St. Anthony Park Co-op Preschool","25 ","Ages Served: Preschool","None","Services: Day Program","Minnesota Department of Human Services","09/01/1961","01/01/2026","12/31/2026","   ","",
"1118191","Child Care Center","St. Anthony PreSchool","514 N Washington St","","","New Ulm","MN","56073-1846","Brown","(507) 233-0700","Active","New Ulm Area Catholic Schools, Inc.","30 ","Ages Served: Preschool","None","Services: Day Program","Minnesota Department of Human Services","08/24/2023","01/01/2026","12/31/2026","   ","",
"2002324","Child Care Center","St. Bartholomew Preschool","630 Wayzata Blvd E","","","Wayzata","MN","55391     ","Hennepin","(952) 473-6189","Active","St Bartholomews Church","80 ","Ages Served: Preschool School-Age","Per licensing rule 9503.0155 sub.9: No more than 14 children in room B154, No more than 15 children in room B156","Services: Day Program, School-age Child Care Program","Minnesota Department of Human Services","07/20/2026","07/20/2026","12/31/2026","   ","",
"1120795","Child Care Center","St. Cloud Childcare Inc","975 Highway 10 S","","","Saint Cloud","MN","56304     ","Sherburne","","Pending Reopening as of 01/12/2026","St. Cloud Childcare Inc","66 ","Ages Served: Infants Toddlers Preschool School-Age","None","Services: Day Program","Minnesota Department of Human Services","02/12/2024","01/01/2026","12/31/2026","   ","",
"809565","Child Care Center","St. Croix Montessori","177 Neal Ave N","","","Stillwater","MN","55082-1932","Washington","(651) 436-2603","Active","St. Croix Montessori School","130","Ages Served: Toddlers Preschool School-Age","None","Services: Day Program","Minnesota Department of Human Services","09/05/1995","01/01/2026","12/31/2026","   ","",
"1099536","Child Care Center","St. Edward Preschool","210 W 4th St","","","Minneota","MN","56264-9627","Lyon","(507) 872-6391","Active","St. Edward's Church","25 ","Ages Served: Preschool School-Age","None","Services: Day Program","Minnesota Department of Human Services","03/04/2020","01/01/2026","12/31/2026","   ","",
"802328","Child Care Center","St. Francis Preschool","817 Juniper St","","","Brainerd","MN","56401-3056","Crow Wing","(218) 829-2344","Active","St. Francis' Church, Brainerd","40 ","Ages Served: Preschool","None","Services: Day Program","Minnesota Department of Human Services","05/01/1984","01/01/2026","12/31/2026","   ","",
"802332","Child Care Center","St. James Lutheran Early Education Center","3650 Williams Dr","","","Burnsville","MN","55337-1765","Dakota","(952) 890-4574","Active","St. James Child Care Center, Inc.","56 ","Ages Served: Preschool School-Age","None","Services: Day Program","Minnesota Department of Human Services","12/29/1971","01/01/2026","12/31/2026","   ","",
"801213","Child Care Center","St. Jerome Kids Korner","384 Roselawn Ave E","","","Maplewood","MN","55117-2033","Ramsey","(651) 771-1023","Active","The Church of St. Jerome, Maplewood, Minnesota","65 ","Ages Served: Preschool School-Age","Maximum number of preschool aged children in the Preschool/School Age Classroom is 40.","Services: Day Program","Minnesota Department of Human Services","09/16/1987","01/01/2026","12/31/2026","   ","",
"809414","Child Care Center","St. John Neumann Early Childhood Programs","4030 Pilot Knob Rd","","","Eagan","MN","55122-1814","Dakota","(651) 454-0569","Active","The Church of St. John Neumann","99 ","Ages Served: Toddlers Preschool","None","Services: Day Program","Minnesota Department of Human Services","09/01/1995","01/01/2026","12/31/2026","   ","",
"1110684","Child Care Center","St. John Paul II Catholic School","1630 4th St NE","","","Minneapolis","MN","55413-1238","Hennepin","(612) 424-6221","Closed as of 07/04/2026","The Church of the Ascension of Minneapolis, Minnesota","20 ","Ages Served: Preschool","Per the fire marshal, the program is not able to use the gymnasium, as it does not meet current fire codes.","Services: Day Program","Minnesota Department of Human Services","09/06/2022","01/01/2026","12/31/2026","   ","",
"807876","Child Care Center","St. John the Baptist Catholic School","111 Main St W","","","Vermillion","MN","55085-4505","Dakota","(651) 437-2644","Active","Church of St. John the Baptist","42 ","Ages Served: Preschool School-Age","None","Services: Day Program","Minnesota Department of Human Services","08/18/1994","01/01/2026","12/31/2026","   ","",
"802338","Child Care Center","St. John's ABC Preschool","803w 1st St # Rt 2 Hwy 34","","","Park Rapids","MN","56470     ","Hubbard","(218) 732-9783","Active","St. John's Lutheran Church","22 ","Ages Served: Preschool","None","Services: Day Program","Minnesota Department of Human Services","09/01/1987","01/01/2026","12/31/2026","   ","",
"2001519","Child Care Center","St. John's Area School Pre-Kindergarten Program","215 7th Ave","","","Foley","MN","56329     ","Benton","(320) 968-7972","Active","St. John's Area School","20 ","Ages Served: Preschool","None","Services: Day Program","Minnesota Department of Human Services","02/03/2025","01/01/2026","12/31/2026","   ","",
"802333","Child Care Center","St. John's Child Care Center","4842 Nicollet Ave","","","Minneapolis","MN","55419-5535","Hennepin","(612) 827-1237","Active","St. John's English Evangelical Lutheran Church of Minneapolis, Minneso","102","Ages Served: Toddlers Preschool School-Age","88 preschool/school-age. Not to exceed 43 school-age","Services: Day Program","Minnesota Department of Human Services","11/01/1964","01/01/2026","12/31/2026","   ","",
"1018677","Child Care Center","St. John's Lutheran Church and School","300 E 4th St","","","Chaska","MN","55318-2096","Carver","(952) 448-2526","Active","St. John's Lutheran Church and School","50 ","Ages Served: Preschool School-Age","Maximum number of school-age in the Pre-K 105 classroom is 10","Services: Day Program","Minnesota Department of Human Services","09/03/2002","01/01/2026","12/31/2026","   ","",
"1109452","Child Care Center","St. John's Lutheran Preschool","9141 County Road 101","","","Corcoran","MN","55340-9694","Hennepin","(763) 420-2426","Active","St. John's Evangelical Lutheran Church of Corcoran and Maple Grove","40 ","Ages Served: Preschool","None","Services: Day Program","Minnesota Department of Human Services","09/06/2021","01/01/2026","12/31/2026","   ","",
"1030248","Child Care Center","St. John's Roots to Wings Learning Center","516 W Chestnut St","","","Lake City","MN","55041-1515","Wabasha","(651) 345-3523","Active","St. John's Evangelical Lutheran Church","50 ","Ages Served: Preschool School-Age","Maximum number of Preschool or School Age in the PreK 3 classroom is 20.; Maximum number of Preschool or School Age in the PreK 4 classroom is 20.; Maximum number of Preschool or School Age in the Eagle’s Net classroom is 10.","Services: Day Program","Minnesota Department of Human Services","08/24/2004","01/01/2026","12/31/2026","   ","",
"810876","Child Care Center","St. Johns Grandkids","201 S County Road 5","","","Springfield","MN","56087-2102","Brown","(507) 723-3230","Active","St. John Lutheran Home","61 ","Ages Served: Infants Toddlers Preschool School-Age","None","Services: Day Program","Minnesota Department of Human Services","12/01/1996","01/01/2026","12/31/2026","   ","",
"802352","Child Care Center","St. Luke's Christian Preschool","1701 W Old Shakopee Rd","","","Bloomington","MN","55431-3025","Hennepin","(952) 881-5801","Active","St. Luke's Lutheran Church of Bloomington, Minnesota","20 ","Ages Served: Preschool","None","Services: Day Program","Minnesota Department of Human Services","07/31/1970","01/01/2026","12/31/2026","   ","",
"802359","Child Care Center","St. Martin's Early Learning Center","312 E Broadway St","","","Winona","MN","55987-3700","Winona","(507) 474-4400","Active","St. Martin's Evangelical Lutheran Church","74 ","Ages Served: Toddlers Preschool","None","Services: Day Program","Minnesota Department of Human Services","09/01/1980","01/01/2026","12/31/2026","   ","",
"802363","Child Care Center","St. Mary's Child Care Center","530 E 2nd St","","","Duluth","MN","55805     ","St. Louis","(218) 786-4411","Active","St. Mary's Medical Center","64 ","Ages Served: Infants Toddlers Preschool School-Age","None","Services: Day Program","Minnesota Department of Human Services","07/11/1982","01/01/2026","12/31/2026","   ","",
"1097046","Child Care Center","St. Mary's Early Learning Academy","815 6th Ave SW","","","Pine City","MN","55063-1804","Pine","(320) 629-3953","Active","St Mary's Early Learning Academy","94 ","Ages Served: Infants Toddlers Preschool School-Age","None","Services: Day Program","Minnesota Department of Human Services","01/01/2019","01/01/2026","12/31/2026","   ","",
"1119423","Child Care Center","St. Mary's Montessori Children's House","425 Central Ave","","","Long Prairie","MN","56347-1339","Todd","(320) 357-0815","Active","St. Mary of Mount Carmel Church Long Prairie","34 ","Ages Served: Preschool School-Age","None","Services: Day Program","Minnesota Department of Human Services","09/05/2023","01/01/2026","12/31/2026","   ","",
"1109075","Child Care Center","St. Mary's Preschool","219 4th St N","","","Breckenridge","MN","56520     ","Wilkin","(218) 643-5443","Active","St. Mary of the Presentation, Breckenridge, Minnesota","40 ","Ages Served: Preschool","None","Services: Day Program","Minnesota Department of Human Services","08/22/2022","01/01/2026","12/31/2026","   ","",
"802372","Child Care Center","St. Michael's Lutheran Preschool","9201 Normandale Blvd","","","Minneapolis","MN","55437-1940","Hennepin","(952) 230-2025","Active","St. Michael's Lutheran Church","29 ","Ages Served: Preschool","None","Services: Day Program","Minnesota Department of Human Services","09/01/1968","01/01/2026","12/31/2026","   ","",
"1057890","Child Care Center","St. Odilia Child Care/St. Odilia Catholic School","3495 Victoria St N","","","Shoreview","MN","55126-3813","Ramsey","(651) 484-3364","Active","The Church of St. Odilia, of Shoreview, Minnesota","173","Ages Served: Toddlers Preschool School-Age","Temporary occupancy until October 13, 2026 per the State Fire Marshal","Services: Day Program","Minnesota Department of Human Services","09/07/2010","01/01/2026","12/31/2026","   ","",
"2001492","Child Care Center","St. Pascal Regional Catholic School","1757 Conway St","","","Saint Paul","MN","55106     ","Ramsey","(651) 432-4963","Active","The Church of the Ascension of Minneapolis, Minnesota","54 ","Ages Served: Preschool","None","Services: Day Program","Minnesota Department of Human Services","01/01/2025","01/01/2026","12/31/2026","   ","",
"2001575","Child Care Center","St. Paul Lutheran School Extended Care","201 Oxford St","","","Fairmont","MN","56031     ","Martin","(507) 238-9491","Active","St. Paul's Lutheran Church & School","48 ","Ages Served: Preschool","This program is licensed to operate August - May","Services: Day Program","Minnesota Department of Human Services","08/28/2025","01/01/2026","12/31/2026","   ","",
"802384","Child Care Center","St. Paul's Childhood Center","900 Summit Ave","","","Saint Paul","MN","55105-3029","Ramsey","","Active","St. Paul's Childhood Center","131","Ages Served: Infants Toddlers Preschool School-Age","None","Services: Day Program","Minnesota Department of Human Services","09/04/1970","01/01/2026","12/31/2026","   ","",
"802387","Child Care Center","St. Paul's Lutheran Preschool","500 6th Ave SW","","","Perham","MN","56573-1697","Otter Tail","(218) 346-2300","Active","St. Paul's Lutheran Church of Perham, Minnesota","30 ","Ages Served: Preschool","None","Services: Day Program","Minnesota Department of Human Services","09/09/1987","01/01/2026","12/31/2026","   ","",
"1103813","Child Care Center","St. Paul's Preschool","126 S Payne St","","","New Ulm","MN","56073-3269","Brown","(507) 354-3621","Active","St Paul's Lutheran Church","60 ","Ages Served: Preschool","None","Services: Day Program","Minnesota Department of Human Services","08/27/2020","01/01/2026","12/31/2026","   ","",
"1116685","Child Care Center","St. Peter Claver Catholic School","1060 Central Ave W","","","Saint Paul","MN","55104     ","Ramsey","(651) 621-2260","Active","The Church of the Ascension of Minneapolis, Minnesota","20 ","Ages Served: Preschool","None","Services: Day Program","Minnesota Department of Human Services","04/24/2023","01/01/2026","12/31/2026","   ","",
"1114443","Child Care Center","St. Peter's Preschool","410 Ring Ave N","","","Canby","MN","56220     ","Yellow Medicine","(507) 223-7729","Active","The Church of St. Peter of Canby, Minnesota","17 ","Ages Served: Preschool","None","Services: Day Program","Minnesota Department of Human Services","09/06/2022","01/01/2026","12/31/2026","   ","",
"830633","Child Care Center","St. Peter's Preschool/Discovery","1250 S Shore Dr","","","Forest Lake","MN","55025-1933","Washington","(651) 982-2215","Active","The Church of Saint Peter","40 ","Ages Served: Preschool","None","Services: Day Program","Minnesota Department of Human Services","02/20/1998","01/01/2026","12/31/2026","   ","",
"802396","Child Care Center","St. Philips Preschool","1401 15th St W","","","Hastings","MN","55033-2437","Dakota","(651) 437-6541","Active","St. Philip's Lutheran Church of Hastings, Minnesota","32 ","Ages Served: Preschool","None","Services: Day Program","Minnesota Department of Human Services","06/10/1985","01/01/2026","12/31/2026","   ","",
"2001872","Child Care Center","St. Raphael Catholic Preschool","20 W Van Dusen St","","","Springfield","MN","56087     ","Brown","(507) 723-4135","Active","St Raphael Church & School","20 ","Ages Served: Preschool","None","Services: Day Program","Minnesota Department of Human Services","01/05/2026","01/05/2026","12/31/2026","   ","",
"1040721","Child Care Center","St. Stephen Preschool","8400 France Ave S","","","Minneapolis","MN","55431-1519","Hennepin","(952) 999-9600","Active","St. Stephen Evangelical Lutheran Church","99 ","Ages Served: Preschool","None","Services: Day Program","Minnesota Department of Human Services","09/11/2006","01/01/2026","12/31/2026","   ","",
"1118987","Child Care Center","St. Thomas Aquinas Preschool","810 5th St","","","International Falls","MN","56649-2215","Koochiching","(218) 283-3430","Active","Church of St. Thomas Aquinas of International Falls, Minnesota","40 ","Ages Served: Preschool","None","Services: Day Program","Minnesota Department of Human Services","09/13/2023","01/01/2026","12/31/2026","   ","",
"1084558","Child Care Center","Star Learning Center Inc","1512 Southcross Dr W","","","Burnsville","MN","55306-6918","Dakota","(952) 378-1062","Active","Star Learning Center Inc","102","Ages Served: Infants Toddlers Preschool School-Age","None","Services: Day Program","Minnesota Department of Human Services","06/01/2017","01/01/2026","12/31/2026","   ","",
"2000187","Child Care Center","Starlight Daycare LLC","1229 E Lake St Ste 104","","","Minneapolis","MN","55407     ","Hennepin","","Active","Starlight Daycare LLC","100","Ages Served: Infants Toddlers Preschool School-Age","None","Services: Day Program, School-age Child Care Program","Minnesota Department of Human Services","08/19/2024","01/01/2026","12/31/2026","   ","",
"1113648","Child Care Center","STARS Early Learning Academy","1111 Village Pkwy","","","Cologne","MN","55322-9249","Carver","(612) 468-3582","Active","STARS Early Learning Academy","130","Ages Served: Infants Toddlers Preschool School-Age","Maximum number of Preschool in the Pre-K 2 classroom is 20.; Maximum number of Toddlers in the Young Preschool classroom is 14.; Maximum number of Preschool or School Age in the Pre-K 1 classroom is 20.","Services: Day Program","Minnesota Department of Human Services","04/03/2023","01/01/2026","12/31/2026","   ","",
"830690","Child Care Center","Stay 'N Play Child Care","619 E 4th St","","","Litchfield","MN","55355     ","Meeker","(320) 593-7858","Active","Stay 'N Play Child Care, Inc.","150","Ages Served: Infants Toddlers Preschool School-Age","Maximum number of infants in the Infant classroom and Toddler classroom (infant/toddler combination classroom) is 16 infants.; Maximum number of toddlers in the Toddler classroom and the Toddler/Preschool combination classroom is 28 toddlers.","Services: Day Program","Minnesota Department of Human Services","05/22/1998","01/01/2026","12/31/2026","   ","",
"1100426","Child Care Center","Stay and Play Child Care LLC","114 N State St","","","New Ulm","MN","56073-1857","Brown","(507) 359-7372","Active","Stay and Play Child Care LLC","70 ","Ages Served: Infants Toddlers Preschool School-Age","None","Services: Day Program","Minnesota Department of Human Services","08/03/2020","01/01/2026","12/31/2026","   ","",
"1054346","Child Care Center","Stay N Play Child Care Inc","500 Industrial Dr SW","","","Willmar","MN","56201-2716","Kandiyohi","","Active","Stay 'N Play Child Care, Inc.","100","Ages Served: Infants Toddlers Preschool School-Age","None","Services: Day Program","Minnesota Department of Human Services","06/29/2009","01/01/2026","12/31/2026","   ","",
"1092332","Child Care Center","Stella Maris Academy prek- Holy Rosary Campus","2802 E 4th St","","","Duluth","MN","55812-1501","St. Louis","(218) 724-8565","Active","Stella Maris Academy","76 ","Ages Served: Preschool","None","Services: Day Program","Minnesota Department of Human Services","05/29/2018","01/01/2026","12/31/2026","   ","",
"1092329","Child Care Center","Stella Maris Academy PreK- St. James Campus","715 N 57th Ave W","","","Duluth","MN","55807-1334","St. Louis","(218) 624-1511","Active","Stella Maris Academy","40 ","Ages Served: Preschool","None","Services: Day Program","Minnesota Department of Human Services","04/18/2018","01/01/2026","12/31/2026","   ","",
"1086835","Child Care Center","Step By Step Montessori of Brooklyn Park","8455 W Broadway Ave","","","Brooklyn Park","MN","55445     ","Hennepin","(763) 493-9093","Active","ES SBS Brooklyn, LLC","125","Ages Served: Infants Toddlers Preschool","None","Services: Day Program","Minnesota Department of Human Services","01/24/2018","01/01/2026","12/31/2026","   ","",
"1086836","Child Care Center","Step By Step Montessori of Chaska","1485 White Oak Dr","","","Chaska","MN","55318-2525","Carver","(952) 368-4456","Active","ES SBS Chaska, LLC","211","Ages Served: Infants Toddlers Preschool","None","Services: Day Program","Minnesota Department of Human Services","01/08/2018","01/01/2026","12/31/2026","   ","",
"1086837","Child Care Center","Step By Step Montessori of Corcoran","23610 County Road 10","","","Loretto","MN","55357-9799","Hennepin","(763) 498-5437","Active","ES SBS Corcoran, LLC","156","Ages Served: Infants Toddlers Preschool School-Age","None","Services: Day Program","Minnesota Department of Human Services","01/10/2018","01/01/2026","12/31/2026","   ","",
"1086843","Child Care Center","Step By Step Montessori of Edina","6519 Barrie Rd","","","Edina","MN","55435-2305","Hennepin","(952) 920-7450","Active","ES SBS Southdale, LLC","164","Ages Served: Infants Toddlers Preschool","None","Services: Day Program","Minnesota Department of Human Services","02/14/2018","01/01/2026","12/31/2026","   ","",
"1086841","Child Care Center","Step By Step Montessori of Maple Grove","11601 73rd Ave N","","","Maple Grove","MN","55369-5547","Hennepin","(763) 315-3602","Active","ES SBS Maple, LLC","158","Ages Served: Infants Toddlers Preschool","None","Services: Day Program","Minnesota Department of Human Services","01/08/2018","01/01/2026","12/31/2026","   ","",
"1086840","Child Care Center","Step By Step Montessori of Plymouth","4355 Highway 169 N","","","Minneapolis","MN","55442     ","Hennepin","(763) 557-6777","Active","ES SBS Plymouth, LLC","184","Ages Served: Infants Toddlers Preschool School-Age","None","Services: Day Program","Minnesota Department of Human Services","01/08/2018","01/01/2026","12/31/2026","   ","",
"1086838","Child Care Center","Step By Step Montessori of St Anthony","2955 Pentagon Dr","","","Minneapolis","MN","55418-3208","Hennepin","(612) 788-8010","Active","ES SBS St. Anthony, LLC","128","Ages Served: Infants Toddlers Preschool","None","Services: Day Program","Minnesota Department of Human Services","01/08/2018","01/01/2026","12/31/2026","   ","",
"1086845","Child Care Center","Step By Step Montessori of Wayzata","15300 Wayzata Blvd","","","Wayzata","MN","55391     ","Hennepin","(952) 476-0240","Active","ES SBS Wayzata, LLC","96 ","Ages Served: Infants Toddlers Preschool School-Age","Maximum number of school age children between Children's House 1 & Children's House 2 classroom is 15.","Services: Day Program","Minnesota Department of Human Services","03/01/2018","01/01/2026","12/31/2026","   ","",
"1088722","Child Care Center","Stepping Stones Childcare & Preschool LLC","550 S 4th St","","","Marshall","MN","56258     ","Lyon","(507) 337-9730","Active","Stepping Stones Childcare & Preschool LLC","55 ","Ages Served: Infants Toddlers Preschool School-Age","None","Services: Day Program","Minnesota Department of Human Services","01/02/2018","01/01/2026","12/31/2026","   ","",
"1060203","Child Care Center","Stepping Stones Childcare Learning Center Inc","810 NW 7th St","","","Brainerd","MN","56401-2986","Crow Wing","","Active","Stepping Stones Childcare Learning Center, Inc.","136","Ages Served: Infants Toddlers Preschool School-Age","None","Services: Day Program","Minnesota Department of Human Services","06/13/2011","01/01/2026","12/31/2026","   ","",
"1064797","Child Care Center","Stepping Stones Childcare Learning Center Inc","7140 Fairview Rd","","","Baxter","MN","56425-8292","Crow Wing","","Active","Stepping Stones Childcare Learning Center, Inc.","74 ","Ages Served: Infants Toddlers Preschool","None","Services: Day Program","Minnesota Department of Human Services","04/13/2013","01/01/2026","12/31/2026","   ","",
"1095790","Child Care Center","Stepping Stones Early Learning Center","3540 125th Ln NE","","","Blaine","MN","55449-6613","Anoka","(763) 710-7273","Active","Stepping Stones ELC Inc.","169","Ages Served: Infants Toddlers Preschool School-Age","None","Services: Day Program","Minnesota Department of Human Services","01/02/2019","01/01/2026","12/31/2026","   ","",
"1095855","Child Care Center","Stepping Stones Early Learning Center","11253 Eagle View Blvd","","","Saint Paul","MN","55129     ","Washington","(651) 998-1661","Active","Stepping Stones ELC Inc.","215","Ages Served: Infants Toddlers Preschool School-Age","None","Services: Day Program","Minnesota Department of Human Services","01/02/2019","01/01/2026","12/31/2026","   ","",
"1092109","Child Care Center","Stepping Stones Preschool","34384 County Road 63","","","Grand Rapids","MN","55744-4730","Itasca","(218) 327-9343","Active","Grand Rapids Evangelical Free Church","20 ","Ages Served: Preschool","None","Services: Day Program","Minnesota Department of Human Services","09/01/2018","10/07/2025","12/31/2026","   ","",
"1114115","Child Care Center","Steve & Kate's Camp","5435 11th Ave S","","","Minneapolis","MN","55417-2505","Hennepin","","Active","Bright Horizons Children's Centers LLC","178","Ages Served: Preschool School-Age","None","Services: Day Program","Minnesota Department of Human Services","06/13/2022","01/01/2026","12/31/2026","   ","",
"1094662","Child Care Center","Success Child Care Inc.","946 University Ave W","","","Saint Paul","MN","55104-4703","Ramsey","(612) 323-9799","Active","Success Child Care Inc.","81 ","Ages Served: Infants Toddlers Preschool School-Age","None","Services: Day Program","Minnesota Department of Human Services","09/24/2018","04/16/2026","12/31/2026","   ","",
"2001684","Child Care Center","Suffah Stars LLC","3629 95th Ave NE","","","Circle Pines","MN","55014     ","Anoka","(763) 910-8260","Active","Suffah Stars LLC","20 ","Ages Served: Preschool","None","Services: Day Program","Minnesota Department of Human Services","08/18/2025","07/02/2026","12/31/2026","   ","",
"808805","Child Care Center","Summit Childcare/preschool","1600 N 8th Ave E","","","Duluth","MN","55805-1116","St. Louis","(218) 724-3133","Active","Educational Frontiers, Inc.","125","Ages Served: Infants Toddlers Preschool","None","Services: Day Program","Minnesota Department of Human Services","01/27/1995","01/01/2026","12/31/2026","   ","",
"1064648","Child Care Center","Sunflower Montessori & Daycare","7561 142nd St W","","","Apple Valley","MN","55124-6702","Dakota","(952) 583-2402","Active","Sunflower Montessori and Day Care LLC","123","Ages Served: Infants Toddlers Preschool School-Age","Maximum number of school age in the Pre K classroom is five.","Services: Day Program","Minnesota Department of Human Services","01/01/2015","01/01/2026","12/31/2026","   ","",
"1094554","Child Care Center","Sunflower Russian Daycare","1800 County Road 42 E","","","Burnsville","MN","55337-4725","Dakota","(952) 297-7226","Active","Sunflower Russian Daycare LLC","38 ","Ages Served: Infants Toddlers Preschool School-Age","Maximum number of school age children in the preschool/school age classroom is 5.","Services: Day Program","Minnesota Department of Human Services","11/05/2018","01/01/2026","12/31/2026","   ","",
"802435","Child Care Center","Sunny Hill Preschool","813 Myrtle St W","","","Stillwater","MN","55082-4765","Washington","(651) 430-2469","Active","Sunny Hill Nursery School, Inc.","40 ","Ages Served: Preschool","None","Services: Day Program","Minnesota Department of Human Services","09/01/1960","01/01/2026","12/31/2026","   ","",
"810755","Child Care Center","Sunny Hollow Montessori","636 Mississippi River Blvd S Ste 1","","","Saint Paul","MN","55116-1084","Ramsey","","Active","Sunny Hollow Montessori","89 ","Ages Served: Toddlers Preschool School-Age","None","Services: Day Program","Minnesota Department of Human Services","08/22/1996","08/26/2026","12/31/2026","   ","",
"2001471","Child Care Center","Sunny Smiles Childcare, Inc.","1610 White Bear Ave N","","","Saint Paul","MN","55106     ","Ramsey","(651) 200-3068","Active","Sunny Smiles Childcare, Inc.","52 ","Ages Served: Infant;Toddler;Preschool;School Age","None","Services: Day Program","Minnesota Department of Human Services","08/08/2025","07/27/2026","12/31/2026","   ","",
"1089965","Child Care Center","Sunrise Child Care Center","2750 Park Ave","","","Minneapolis","MN","55407     ","Hennepin","(612) 886-3950","Active","Sunrise Child Care Center LLC","96 ","Ages Served: Infants Toddlers Preschool School-Age","Per State Fire Marshal, the occupant load of the Toddler classroom cannot exceed 10 people due to having one exit door.","Services: Day Program","Minnesota Department of Human Services","08/01/2019","01/01/2026","12/31/2026","   ","",
"802438","Child Care Center","Sunrise Christian Academy","7687 Long Lake Rd","","","Mounds View","MN","55112-4089","Ramsey","(763) 780-9516","Active","Sunrise United Methodist Church","83 ","Ages Served: Infants Toddlers Preschool School-Age","None","Services: Day Program","Minnesota Department of Human Services","08/27/1984","01/01/2026","12/31/2026","   ","",
"1001384","Child Care Center","Sunrise International Montessori Learning Center and Child Care","2521 Horizon Dr","","","Burnsville","MN","55337     ","Dakota","(952) 890-8877","Closed as of 04/24/2026","Sunrise International Montessori Learning Center & Childcare Inc.","49 ","Ages Served: Toddlers Preschool","None","Services: Day Program","Minnesota Department of Human Services","09/02/1999","01/01/2026","12/31/2026","   ","",
"2002176","Child Care Center","Sunrise Montessori School and Child care","2521 Horizon Dr","","","Burnsville","MN","55337     ","Dakota","(952) 890-8877","Active","Little Dreamers Minnesota LLC","49 ","Ages Served: Toddlers Preschool School-Age","Maximum number of school age children in the Preschool classroom is 15.","Services: Day Program, Drop-in Child Care Program, School-age Child Care Program","Minnesota Department of Human Services","04/24/2026","04/24/2026","12/31/2026","   ","",
"1110425","Child Care Center","Sunshine Care Center MN Inc.","3418 E 25th St","","","Minneapolis","MN","55406-1415","Hennepin","(612) 545-5259","Active","Sunshine Care Center MN Inc.","69 ","Ages Served: Infants Toddlers Preschool School-Age","None","Services: Day Program","Minnesota Department of Human Services","03/21/2022","03/19/2026","12/31/2026","   ","",
"802445","Child Care Center","Sunshine Montessori School","4557 Colfax Ave S","","","Minneapolis","MN","55419-4736","Hennepin","(612) 827-4504","Active","Sunshine Montessori School","54 ","Ages Served: Toddlers Preschool","None","Services: Day Program","Minnesota Department of Human Services","08/29/1977","01/01/2026","12/31/2026","   ","",
"1024370","Child Care Center","Sunshine Station Childcare and Preschool","8956 Walnut St","","","Rockford","MN","55373-4514","Wright","(763) 477-5273","Active","Sunshine Station, Inc.","89 ","Ages Served: Infants Toddlers Preschool School-Age","None","Services: Day Program","Minnesota Department of Human Services","06/16/2003","01/01/2026","12/31/2026","   ","",
"802451","Child Care Center","Sunshine Valley Child Care","7600 Harold Ave","","","Minneapolis","MN","55427-4820","Hennepin","(763) 545-6906","Active","Sunshine Valley Child Care","65 ","Ages Served: Toddlers Preschool","None","Services: Day Program","Minnesota Department of Human Services","08/29/1977","01/01/2026","12/31/2026","   ","",
"1121504","Child Care Center","Super Kids Daycare Center LLC","3801 Portland Ave","","","Minneapolis","MN","55407-2520","Hennepin","(612) 315-4448","Active","Super Kids Daycare Center LLC","78 ","Ages Served: Infants Toddlers Preschool School-Age","None","Services: Day Program","Minnesota Department of Human Services","10/01/2025","02/02/2026","12/31/2026","   ","",
"2001758","Child Care Center","Superstar Child Care LLC","519 University Ave W Ste B","Ste # B","","Saint Paul","MN","55103     ","Ramsey","(612) 859-1427","Active","Superstar Child Care LLC","42 ","Ages Served: Infants Toddlers Preschool School-Age","None","Services: Day Program","Minnesota Department of Human Services","02/24/2026","02/24/2026","12/31/2026","   ","",
"1104314","Child Care Center","Sweet Angel Child Care Inc","2740 Minnehaha Ave Ste 156","","","Minneapolis","MN","55406     ","Hennepin","(612) 721-1133","Active","Sweet Angel Child Care Inc.","74 ","Ages Served: Infants Toddlers Preschool School-Age","None","Services: Day Program","Minnesota Department of Human Services","06/18/2021","01/01/2026","12/31/2026","   ","",
"1094457","Child Care Center","Sweet Pea Montessori","300 Cedar Lake Rd S","","","Minneapolis","MN","55405-2009","Hennepin","(952) 236-9740","Active","Sweet Pea Montessori","21 ","Ages Served: Infants Toddlers","None","Services: Day Program","Minnesota Department of Human Services","09/07/2018","01/01/2026","12/31/2026","   ","",
"1095685","Child Care Center","T.LC University C.C.C","1061 Highway 23","","","Foley","MN","56329-9195","Benton","(320) 260-5423","Revoked: Subject to Appeal as of 04/02/2026","T.L.C. University C.C.C. LLC","99 ","Ages Served: Infants Toddlers Preschool School-Age","None","Services: Day Program","Minnesota Department of Human Services","01/01/2019","01/01/2025","12/31/2025","   ","",
"2001654","Child Care Center","Tamarack Learning Center Child Care Inc.","110 Tingdale St N","","","Tamarack","MN","55787     ","Aitkin","(763) 232-3836","Active","Tamarack Learning Center Child Care Inc.","47 ","Ages Served: Infants Toddlers Preschool School-Age","None","Services: Day Program","Minnesota Department of Human Services","04/28/2025","01/01/2026","12/31/2026","   ","",
"1100881","Child Care Center","Taylor Childcare Center Inc","2511 Taylor St NE","","","Minneapolis","MN","55418-3731","Hennepin","(612) 353-4245","Active","Taylor Childcare Center Inc.","92 ","Ages Served: Infants Toddlers Preschool School-Age","None","Services: Day Program","Minnesota Department of Human Services","12/19/2019","06/23/2026","12/31/2026","   ","",
"1065359","Child Care Center","Tayo Daycare Inc","312 W Lake St Ste 2931","","","Minneapolis","MN","55408-4898","Hennepin","(612) 825-1929","Pending Reopening as of 06/04/2026","TAYO Daycare, Inc","90 ","Ages Served: Infants Toddlers Preschool School-Age","None","Services: Day Program","Minnesota Department of Human Services","10/07/2013","01/01/2026","12/31/2026","   ","",
"1086484","Child Care Center","TCCAP Head Start","13091 Meredith Dr","","","Baxter","MN","56425-8210","Crow Wing","(218) 829-2410","Active","Tri-County Community Action Partnership, Inc.","48 ","Ages Served: Infants Toddlers Preschool","None","Services: Day Program","Minnesota Department of Human Services","08/17/2017","01/01/2026","12/31/2026","   ","",
"1085546","Child Care Center","TCI Bilingual Montessori","7375 Bush Lake Rd # 101","","","Edina","MN","55439     ","Hennepin","(612) 888-4562","Active","Twin Cities International Montessori School Inc.","78 ","Ages Served: Toddlers Preschool School-Age","Maximum number of school age in the Children's House 1 classroom is 10; Maximum number of school age in the Children's House 2 classroom is 10","Services: Day Program","Minnesota Department of Human Services","03/26/2018","01/01/2026","12/31/2026","   ","",
"1065642","Child Care Center","TeddyBear Treehouse Learning Center","701 1st Ave NE Ste 1","","","Buffalo","MN","55313-1735","Wright","(763) 592-9142","Active","TeddyBear Treehouse Learning Center L. L. C.","25 ","Ages Served: Preschool","None","Services: Day Program","Minnesota Department of Human Services","07/01/2013","01/01/2026","12/31/2026","   ","",
"801711","Child Care Center","Teen Parent Services Longfellow","3017 E 31st St","","","Minneapolis","MN","55406-2041","Hennepin","(612) 668-4757","Active","Minneapolis Public School District 0001-03","58 ","Ages Served: Infants Toddlers Preschool","Maximum number of Toddlers in the Preschool Room 117 classroom is 14.; Maximum number of Infants in the Toddlers Room 113 classroom is 12.","Services: Day Program","Minnesota Department of Human Services","09/07/1990","01/01/2026","12/31/2026","   ","",
"801732","Child Care Center","Teen Parent Services North","1500 James Ave N","","","Minneapolis","MN","55411     ","Hennepin","(612) 688-1732","Active","Minneapolis Public School District 0001-03","20 ","Ages Served: Infants Toddlers Preschool","None","Services: Day Program","Minnesota Department of Human Services","05/01/1989","01/01/2026","12/31/2026","   ","",
"802268","Child Care Center","Teen Parent Services South High","3131 19th Ave S","","","Minneapolis","MN","55407-1901","Hennepin","(612) 668-4332","Active","Minneapolis Public School District 0001-03","24 ","Ages Served: Infants Toddlers Preschool","None","Services: Day Program","Minnesota Department of Human Services","06/02/1988","01/01/2026","12/31/2026","   ","",
"1064636","Child Care Center","Teenage Pregnancy & Parenting Program TAPP","110 Fulton St","","","Mankato","MN","56001-2520","Blue Earth","(507) 387-3047","Active","Mankato Public School District 0077-01","4  ","Ages Served: Infants","None","Services: Day Program","Minnesota Department of Human Services","01/07/2013","01/01/2026","12/31/2026","   ","",
"802471","Child Care Center","Temple Israel Early Childhood Center","2323 Fremont Ave S","","","Minneapolis","MN","55405-2693","Hennepin","(612) 616-2727","Active","Temple Israel of Minneapolis","102","Ages Served: Toddlers Preschool","None","Services: Day Program","Minnesota Department of Human Services","04/01/1958","01/01/2026","12/31/2026","   ","",
"1062317","Child Care Center","Tender Child Care LLC","15 Winifred St W","","","Saint Paul","MN","55107-1140","Ramsey","(651) 224-3636","Active","Tender Child Care LLC","79 ","Ages Served: Infants Toddlers Preschool School-Age","None","Services: Day Program","Minnesota Department of Human Services","05/14/2012","01/01/2026","12/31/2026","   ","",
"1059378","Child Care Center","Tender Time Learning Center","11199 96th Ave N","","","Maple Grove","MN","55369     ","Hennepin","","Closed as of 06/01/2026","Poohnut, Inc.","131","Ages Served: Infants Toddlers Preschool School-Age","None","Services: Day Program","Minnesota Department of Human Services","01/12/2011","01/01/2026","12/31/2026","   ","",
"1081825","Child Care Center","Tendercare Learning Center LLC","8040 Old Cedar Ave S Ste 3","","","Bloomington","MN","55425-1208","Hennepin","(952) 858-9999","Active","Tendercare Learning Center LLC","90 ","Ages Served: Infants Toddlers Preschool School-Age","None","Services: Day Program","Minnesota Department of Human Services","10/01/2016","01/01/2026","12/31/2026","   ","",
"830418","Child Care Center","The American Montessori, Inc.","13973 W Preserve Blvd","","","Burnsville","MN","55337-7733","Dakota","(952) 736-1004","Active","American Montessori, Inc.","55 ","Ages Served: Infants Toddlers Preschool School-Age","Maximum number of school age in the preschool classroom is thirteen.","Services: Day Program","Minnesota Department of Human Services","10/02/1997","01/01/2026","12/31/2026","   ","",
"1098741","Child Care Center","The Berry Patch East","5300 France Ave S","","","Edina","MN","55410-2020","Hennepin","(952) 836-1577","Active","Normandy Trail L.L.C.","134","Ages Served: Toddlers Preschool","None","Services: Day Program","Minnesota Department of Human Services","02/05/2020","01/01/2026","12/31/2026","   ","",
"1098740","Child Care Center","The Berry Patch West","6200 Colonial Way","","","Edina","MN","55436-1910","Hennepin","(952) 836-1577","Active","Normandy Trail L.L.C.","84 ","Ages Served: Toddlers Preschool","None","Services: Day Program","Minnesota Department of Human Services","02/20/2020","01/01/2026","12/31/2026","   ","",
"2002113","Child Care Center","THE BRIDGE LEARNING CENTER","6278 Boone Ave N","","","Brooklyn Park","MN","55428     ","Hennepin","(763) 291-2747","Active","The Bridge Learning Center L.L.C.","17 ","Ages Served: Toddlers Preschool School-Age","None","Services: Day Program, School-age Child Care Program","Minnesota Department of Human Services","06/18/2026","06/18/2026","12/31/2026","   ","",
"800233","Child Care Center","The Bridges, Inc.","14950 Dodd Blvd","","","Rosemount","MN","55068-4508","Dakota","(651) 423-2527","Active","The Bridges, Inc.","50 ","Ages Served: Preschool School-Age","Not To Exceed 30 School Age.","Services: Day Program","Minnesota Department of Human Services","08/30/1973","01/01/2026","12/31/2026","   ","",
"804287","Child Care Center","The Children's Ark Hourly Child Care Program","7520 Golden Valley Rd","","","Golden Valley","MN","55427-4506","Hennepin","(763) 545-9042","Active","Calvary Lutheran Church of Golden Valley","34 ","Ages Served: Toddlers Preschool School-Age","Maximum number of school aged children in the Preschool / School Age Classroom is 5.","Services: Drop-in Child Care Program","Minnesota Department of Human Services","10/01/1964","09/01/2026","12/31/2026","   ","",
"800056","Child Care Center","The Children's Center","605 James Ave","","","Albert Lea","MN","56007-2914","Freeborn","","Active","The Children's Center","152","Ages Served: Infants Toddlers Preschool School-Age","None","Services: Day Program","Minnesota Department of Human Services","09/01/1986","01/01/2026","12/31/2026","   ","",
"1095453","Child Care Center","The Children's School","3121 Groveland School Rd","","","Wayzata","MN","55391-2817","Hennepin","(952) 381-7658","Active","The Children's School LLC","27 ","Ages Served: Toddlers Preschool","None","Services: Day Program","Minnesota Department of Human Services","09/04/2018","01/01/2026","12/31/2026","   ","",
"1048783","Child Care Center","The Club House Child Care & Preschool","2975 145th St W","","","Rosemount","MN","55068-4944","Dakota","(651) 423-0363","Active","Wuch-Mac Distributing, Inc.","128","Ages Served: Infants Toddlers Preschool School-Age","None","Services: Day Program","Minnesota Department of Human Services","11/12/2007","01/01/2026","12/31/2026","   ","",
"1106018","Child Care Center","The Club House Childcare and Preschool","18500 Pilot Knob Rd Ste C","","","Farmington","MN","55024-8761","Dakota","(651) 333-9062","Active","Wuch-Mac Distributing, Inc.","61 ","Ages Served: Infants Toddlers Preschool School-Age","None","Services: Day Program","Minnesota Department of Human Services","01/04/2021","01/01/2026","12/31/2026","   ","",
"1082604","Child Care Center","The Clubhouse Childcare & Preschool","1041 Helmo Ave N","","","Oakdale","MN","55128     ","Washington","(651) 330-2852","Active","Wuch-Mac Distributing, Inc.","125","Ages Served: Infants Toddlers Preschool School-Age","None","Services: Day Program","Minnesota Department of Human Services","08/29/2016","01/01/2026","12/31/2026","   ","",
"1092918","Child Care Center","The Clubhouse Childcare Center LLC","205 4th St NE","","","McIntosh","MN","56556-5749","Polk","","Active","The Clubhouse Childcare Center LLC","94 ","Ages Served: Infants Toddlers Preschool School-Age","Maximum number of infants in the program is 14.; Maximum number of school aged children in the program is 18.","Services: Day Program","Minnesota Department of Human Services","06/12/2018","01/01/2025","12/31/2025","   ","",
"1078360","Child Care Center","The Cradle Club","13986 Maple Knoll Way","","","Maple Grove","MN","55369-4655","Hennepin","","Active","The Cradle Club, Inc.","187","Ages Served: Infants Toddlers Preschool School-Age","None","Services: Day Program","Minnesota Department of Human Services","08/24/2015","01/01/2026","12/31/2026","   ","",
"800578","Child Care Center","The Cradle Club","100 N 6th St Ste 152C Ste 152","","","Minneapolis","MN","55403-1502","Hennepin","(612) 338-4434","Active","The Cradle Club, Inc.","98 ","Ages Served: Infants Toddlers Preschool","None","Services: Day Program","Minnesota Department of Human Services","02/20/1989","01/01/2026","12/31/2026","   ","",
"1029469","Child Care Center","The Crayon Box Child Care","7751 E River Rd","","","Fridley","MN","55432-2400","Anoka","(763) 574-0258","Active","Crayon Box Childcare Center II, Inc","94 ","Ages Served: Infants Toddlers Preschool School-Age","None","Services: Day Program","Minnesota Department of Human Services","05/10/2004","01/01/2026","12/31/2026","   ","",
"1007350","Child Care Center","The Crayon Box Child Care Center","9554 Foley Blvd NW","","","Coon Rapids","MN","55433-5537","Anoka","(763) 784-4386","Active","The Crayon Box Childcare Center, Inc","62 ","Ages Served: Infants Toddlers Preschool School-Age","None","Services: Day Program","Minnesota Department of Human Services","03/23/2001","01/01/2026","12/31/2026","   ","",
"1086638","Child Care Center","The Gardner School of Eagan","1195 Town Centre Dr","","","Eagan","MN","55123-1065","Dakota","(651) 255-5580","Active","TGS Eagan, LLC","206","Ages Served: Infants Toddlers Preschool","None","Services: Day Program","Minnesota Department of Human Services","09/14/2017","01/01/2026","12/31/2026","   ","",
"1086639","Child Care Center","The Gardner School of Edina","4455 W 77th St","","","Edina","MN","55435-5113","Hennepin","(952) 259-0139","Active","TGS Edina, LLC","214","Ages Served: Infants Toddlers Preschool","None","Services: Day Program","Minnesota Department of Human Services","10/02/2017","01/01/2026","12/31/2026","   ","",
"2001860","Child Care Center","The Gardner School of Lake Elmo","9880 Hudson Blvd","","","Lake Elmo","MN","55042     ","Washington","(651) 564-4815","Active","TGS Lake Elmo, LLC","206","Ages Served: Infants Toddlers Preschool","None","Services: Day Program","Minnesota Department of Human Services","08/25/2025","01/01/2026","12/31/2026","   ","",
"1086640","Child Care Center","The Gardner School of Minnetonka","6040 Clearwater Dr","","","Minnetonka","MN","55343-9467","Hennepin","(763) 259-6860","Active","TGS Minnetonka, LLC","206","Ages Served: Infants Toddlers Preschool","Per State Fire Marshal: Fascination A, B, and C approved for no more than 10 each children under the age of 30 months","Services: Day Program","Minnesota Department of Human Services","10/23/2017","01/01/2026","12/31/2026","   ","",
"2001994","Child Care Center","The Gardner School of Plymouth","18265 45th Ave N","","","Plymouth","MN","55446     ","Hennepin","(763) 250-5173","Active","TGS Plymouth, LLC","160","Ages Served: Infants Toddlers Preschool","None","Services: Day Program","Minnesota Department of Human Services","11/17/2025","01/01/2026","12/31/2026","   ","",
"1120672","Child Care Center","The Gardner School of Saint Louis Park","5757 Wayzata Blvd","","","Saint Louis Park","MN","55416-1218","Hennepin","(952) 800-6412","Active","TGS St Louis Park, LLC","236","Ages Served: Infants Toddlers Preschool","None","Services: Day Program","Minnesota Department of Human Services","12/18/2023","01/01/2026","12/31/2026","   ","",
"1120131","Child Care Center","The Goddard School","1552 Quarry Rd","","","Eagan","MN","55121-2035","Dakota","(651) 321-1220","Active","Because of the Kids, LLC","185","Ages Served: Infants Toddlers Preschool School-Age","None","Services: Day Program","Minnesota Department of Human Services","12/04/2023","01/01/2026","12/31/2026","   ","",
"1093592","Child Care Center","The Goddard School","4136 Radio Dr","","","Woodbury","MN","55129-3229","Washington","(651) 350-0500","Active","Wholehearted, Inc.","180","Ages Served: Infants Toddlers Preschool School-Age","None","Services: Day Program","Minnesota Department of Human Services","11/05/2018","01/01/2026","12/31/2026","   ","",
"1101037","Child Care Center","The Goddard School","7201 Washington Ave S","","","Edina","MN","55439-2403","Hennepin","(612) 438-2288","Active","FASA Corporation","136","Ages Served: Infants Toddlers Preschool","None","Services: Day Program","Minnesota Department of Human Services","09/08/2020","01/01/2026","12/31/2026","   ","",
"1105691","Child Care Center","The Goddard School","5301 Labeaux Ave NE","","","Albertville","MN","55301-4341","Wright","","Active","N A Brothers LLC","148","Ages Served: Infants Toddlers Preschool School-Age","Not to Exceed 32 Infants; Not to Exceed 34 Toddlers","Services: Day Program","Minnesota Department of Human Services","02/22/2021","01/01/2026","12/31/2026","   ","",
"2002136","Child Care Center","The Goddard School","1751 County Road C W","","","Roseville","MN","55113     ","Ramsey","(651) 888-8865","Active","Maanest ChildCare LLC","164","Ages Served: Infants Toddlers Preschool","None","Services: Day Program, Drop-in Child Care Program, School-age Child Care Program","Minnesota Department of Human Services","01/01/2026","01/01/2026","12/31/2026","   ","",
"2001876","Child Care Center","The Goddard School","2364 Valleyhigh Dr NW","","","Rochester","MN","55901     ","Olmsted","(507) 816-8500","Active","Rochester Academy LLC","154","Ages Served: Infants Toddlers Preschool","None","Services: Day Program","Minnesota Department of Human Services","08/28/2025","01/01/2026","12/31/2026","   ","",
"1078233","Child Care Center","The Goddard School","16189 Elmhurst Ln","","","Lakeville","MN","55044-4417","Dakota","(952) 232-6761","Active","Another Sunny Day, Inc.","179","Ages Served: Infants Toddlers Preschool School-Age","None","Services: Day Program","Minnesota Department of Human Services","11/20/2015","01/01/2026","12/31/2026","   ","",
"1079498","Child Care Center","The Goddard School","345 Clydesdale Trl","","","Medina","MN","55340-4538","Hennepin","","Active","Itty Bitty, Inc.","157","Ages Served: Infants Toddlers Preschool School-Age","School age only allowed on the license from June through September","Services: Day Program","Minnesota Department of Human Services","06/13/2016","01/01/2026","12/31/2026","   ","",
"1040162","Child Care Center","The Goddard School","9295 Zane Ave N","","","Brooklyn Park","MN","55443-1611","Hennepin","(763) 424-9555","Active","Jenz, Inc.","137","Ages Served: Infants Toddlers Preschool School-Age","None","Services: Day Program","Minnesota Department of Human Services","06/14/2006","01/01/2026","12/31/2026","   ","",
"1045455","Child Care Center","The Goddard School","16755 County Road 24","","","Plymouth","MN","55447-1287","Hennepin","","Active","JP SALEA Group, Inc.","138","Ages Served: Infants Toddlers Preschool School-Age","Maximum number of school age children in the Lemurs classroom is five.; Not To Exceed 37  Infant
Not To Exceed 55  Toddler
Not To Exceed 82  Preschool
Not To Exceed 5   School-Age","Services: Day Program","Minnesota Department of Human Services","07/09/2007","01/01/2026","12/31/2026","   ","",
"1101102","Child Care Center","The Goddard School of Blaine","12612 Central Ave NE","","","Blaine","MN","55434-5000","Anoka","","Active","Children Thriving LLC","230","Ages Served: Infants Toddlers Preschool School-Age","None","Services: Day Program","Minnesota Department of Human Services","03/30/2020","06/08/2026","12/31/2026","   ","",
"1112554","Child Care Center","The Goddard School of Minnetonka","14900 Highway 7","","","Minnetonka","MN","55345-3632","Hennepin","(952) 522-7601","Active","Little Olive Branch, Inc.","156","Ages Served: Infants Toddlers Preschool","None","Services: Day Program","Minnesota Department of Human Services","07/25/2022","01/01/2026","12/31/2026","   ","",
"2001868","Child Care Center","The Goddard School of Woodbury (Settlers Ridge)","645 Settlers Ridge Pkwy","","","Woodbury","MN","55129     ","Washington","(651) 368-7500","Active","Wholehearted2, Inc","178","Ages Served: Infants Toddlers Preschool School-Age","None","Services: Day Program, School-age Child Care Program","Minnesota Department of Human Services","10/06/2025","01/01/2026","12/31/2026","   ","",
"1001900","Child Care Center","The Jeremiah Program Child Development Center","1510 Laurel Ave","","","Minneapolis","MN","55403-1264","Hennepin","(612) 259-3012","Active","Jeremiah Program","66 ","Ages Served: Infants Toddlers Preschool","None","Services: Day Program","Minnesota Department of Human Services","10/27/1999","01/01/2026","12/31/2026","   ","",
"1104251","Child Care Center","The Lakes KinderCare","12312 Fraizer St NE","","","Blaine","MN","55449-3503","Anoka","(763) 784-8789","Active","KinderCare Education LLC","142","Ages Served: Infants Toddlers Preschool School-Age","None","Services: Day Program","Minnesota Department of Human Services","01/04/2021","01/01/2026","12/31/2026","   ","",
"831088","Child Care Center","The Learning Circle, Inc.","615 W 5th St","","","Red Wing","MN","55066-2465","Goodhue","(651) 388-8843","Active","The Learning Circle, Inc.","70 ","Ages Served: Infants Toddlers Preschool","None","Services: Day Program","Minnesota Department of Human Services","01/01/1999","01/01/2026","12/31/2026","   ","",
"1002181","Child Care Center","The Learning Funhouse, Inc.","199 Main St S","","","Bird Island","MN","55310-1300","Renville","(320) 365-3600","Active","The Learning Funhouse, Inc.","78 ","Ages Served: Infants Toddlers Preschool School-Age","None","Services: Day Program","Minnesota Department of Human Services","03/02/2000","01/01/2026","12/31/2026","   ","",
"1121140","Child Care Center","The Learning Garden","1194 County Road C E","","","Maplewood","MN","55109-1012","Ramsey","(651) 330-9425","Active","Learning Garden Group, LLC","67 ","Ages Served: Infants Toddlers Preschool School-Age","Maximum of three School age children in the Prek Classroom","Services: Day Program","Minnesota Department of Human Services","01/01/2024","01/01/2026","12/31/2026","   ","",
"1084304","Child Care Center","The Learning Ladder, Inc.","985 Marlin Pl W Ste 1","","","Pillager","MN","56473-2517","Cass","(218) 746-4131","Active","The Learning Ladder, Inc.","64 ","Ages Served: Infants Toddlers Preschool","None","Services: Day Program","Minnesota Department of Human Services","05/15/2017","01/01/2026","12/31/2026","   ","",
"1102026","Child Care Center","The Learning Tree Daycare Center","935 4th St S","","","Cannon Falls","MN","55009-2554","Goodhue","(507) 263-7930","Active","The Learning Tree Daycare Center, LLC","85 ","Ages Served: Infants Toddlers Preschool School-Age","None","Services: Day Program","Minnesota Department of Human Services","08/03/2020","01/01/2026","12/31/2026","   ","",
"1027576","Child Care Center","The Learning Tree Inc.","340 Commercial Dr W","","","Annandale","MN","55302-1135","Wright","","Active","The Learning Tree, Inc.","87 ","Ages Served: Infants Toddlers Preschool School-Age","Not To Exceed 59 Preschool/School Age","Services: Day Program","Minnesota Department of Human Services","01/02/2004","01/01/2026","12/31/2026","   ","",
"1121580","Child Care Center","The Little Bee's Childcare Corp.","1630 County Highway 10","","","Spring Lake Park","MN","55432     ","Anoka","(763) 780-0187","Conditional as of 10/15/2025","The Little Bee's Childcare CORP.","107","Ages Served: Infants Toddlers Preschool School-Age","Conditional License from 10/15/2025 through 10/15/2027.","Services: Day Program","Minnesota Department of Human Services","03/25/2024","01/01/2026","12/31/2026","   ","",
"1075935","Child Care Center","The Little School Inc.","1795 Ford Pkwy","","","Saint Paul","MN","55116-2140","Ramsey","","Active","The Little School, Inc.","40 ","Ages Served: Infants Toddlers Preschool","None","Services: Day Program","Minnesota Department of Human Services","01/01/2015","01/01/2026","12/31/2026","   ","",
"804185","Child Care Center","The Maple Tree Monastery Childcare Center","2625 Benet Rd","","","Maplewood","MN","55109-4808","Ramsey","(651) 770-0766","Active","Maple Tree: Monastery Childcare Center","72 ","Ages Served: Infants Toddlers Preschool","Maximum number of preschool age children in the program is 37.","Services: Day Program","Minnesota Department of Human Services","09/09/1991","01/01/2026","12/31/2026","   ","",
"1095984","Child Care Center","The Mary Katherine School","8517 Lyndale Ave S","","","Bloomington","MN","55420-2237","Hennepin","(952) 446-5699","Active","The Mary Katherine School LLC","53 ","Ages Served: Infants Toddlers Preschool","None","Services: Day Program","Minnesota Department of Human Services","12/17/2018","01/01/2026","12/31/2026","   ","",
"1095875","Child Care Center","The Nurtured Nest","4936 Highway 75 S","","","Moorhead","MN","56560-7419","Clay","(701) 799-7343","Active","The Nurtured Nest LLC","117","Ages Served: Infants Toddlers Preschool School-Age","Per state fire marshal, children under the age of 30 months are restricted to the ground floor level.","Services: Day Program","Minnesota Department of Human Services","03/27/2019","01/01/2026","12/31/2026","   ","",
"1111174","Child Care Center","The Nurtured Nest","4938 Highway 75 S","","","Moorhead","MN","56560-7419","Clay","(218) 512-0192","Active","The Nurtured Nest LLC","40 ","Ages Served: Preschool","None","Services: Day Program","Minnesota Department of Human Services","03/21/2022","01/01/2026","12/31/2026","   ","",
"2000151","Child Care Center","The Oaks Childcare and Preschool","2671 McKay Ave S","","","Alexandria","MN","56308     ","Douglas","(320) 304-0631","Active","Alexandria Community Learning Center","88 ","Ages Served: Infant;Toddler;Preschool","None","Services: Day Program, Drop-in Child Care Program","Minnesota Department of Human Services","07/29/2024","01/01/2026","12/31/2026","   ","",
"1078908","Child Care Center","The Original Child Care Center Inc.","2733 Park Ave","","","Minneapolis","MN","55407     ","Hennepin","(612) 227-9628","Closed as of 04/28/2026","The Original Child Care Center Inc.","60 ","Ages Served: Infants Toddlers Preschool School-Age","None","Services: Day Program","Minnesota Department of Human Services","11/09/2016","01/01/2026","12/31/2026","   ","",
"1103755","Child Care Center","The Pillars Child Care","3033 University Ave SE","","","Minneapolis","MN","55414     ","Hennepin","(612) 623-7023","Active","KTJ 325, LLC","108","Ages Served: Infants Toddlers Preschool","None","Services: Day Program","Minnesota Department of Human Services","06/18/2020","01/01/2026","12/31/2026","   ","",
"2000079","Child Care Center","The Think Tank Montessori School","2515 E 26th St","","","Minneapolis","MN","55406     ","Hennepin","(612) 702-7316","Pending Reopening as of 05/05/2026","The Think Tank Montessori School","159","Ages Served: Infant;Toddler;Preschool;School Age","None","Services: Day Program","Minnesota Department of Human Services","03/03/2025","01/01/2026","12/31/2026","   ","",
"2001718","Child Care Center","The Treasure Hunt Early Learning Center","6098 Shingle Creek Pkwy","","","Brooklyn Ctr","MN","55430     ","Hennepin","(612) 433-1390","Active","The Treasure Hunt Early Learning Center Limited Liability Company","43 ","Ages Served: Infants Toddlers Preschool","None","Services: Day Program, Night Care Program","Minnesota Department of Human Services","02/12/2026","02/12/2026","12/31/2026","   ","",
"2001688","Child Care Center","The Waters Daycare","1227 Pine Cone Rd","","","Sartell","MN","56377     ","Stearns","(320) 291-0202","Active","The Waters Church","127","Ages Served: Infant;Toddler;Preschool","None","Services: Day Program","Minnesota Department of Human Services","09/29/2025","01/01/2026","12/31/2026","   ","",
"1015727","Child Care Center","The Way of the Shepherd Montessori","13200 Central Ave NE","","","Blaine","MN","55434-4153","Anoka","(763) 862-9110","Active","The Way of the Shepherd, Inc.","45 ","Ages Served: Preschool","None","Services: Day Program","Minnesota Department of Human Services","05/08/2002","01/01/2026","12/31/2026","   ","",
"803870","Child Care Center","Thief River Falls Head Start @ Northland Community & Technical College","1101 Highway 1 E","","","Thief River Falls","MN","56701-2528","Pennington","(218) 796-5144","Active","Inter-County Community Council","45 ","Ages Served: Preschool","None","Services: Day Program","Minnesota Department of Human Services","01/01/1999","01/01/2026","12/31/2026","   ","",
"2001898","Child Care Center","Thomas Learning Center LLC","1332 Thomas Ave","","","Saint Paul","MN","55104     ","Ramsey","(763) 443-3572","Active","Thomas Learning Center LLC","48 ","Ages Served: Infants Toddlers Preschool School-Age","None","Services: Day Program, School-age Child Care Program","Minnesota Department of Human Services","11/19/2025","04/01/2026","12/31/2026","   ","",
"1094020","Child Care Center","Thrive Child Care and Family Resource Center","400 5th Ave SW","","","Rochester","MN","55902-3273","Olmsted","(507) 258-9055","Active","Thrive! Family Resource Center","82 ","Ages Served: Infants Toddlers Preschool","None","Services: Day Program","Minnesota Department of Human Services","10/01/2018","01/01/2026","12/31/2026","   ","",
"1084101","Child Care Center","Thunder Hawk Care","2000 Black Oak Ave","","","Montevideo","MN","56265     ","Chippewa","(320) 269-5026","Active","Montevideo Public School District 0129-01","33 ","Ages Served: Infants Toddlers","None","Services: Day Program","Minnesota Department of Human Services","05/22/2017","01/01/2026","12/31/2026","   ","",
"2001980","Child Care Center","Tierra Encantada - Bloomington","4210 W Old Shakopee Rd","","","Bloomington","MN","55437     ","Hennepin","(908) 545-9741","Active","Quixote Holdings LLC","146","Ages Served: Infants Toddlers Preschool School-Age","None","Services: Day Program","Minnesota Department of Human Services","03/30/2026","03/30/2026","12/31/2026","   ","",
"1110729","Child Care Center","Tierra Encantada - Dodd LLC","835 Vikings Pkwy","","","Eagan","MN","55121     ","Dakota","(952) 300-2043","Active","Tierra Encantada - Dodd LLC","132","Ages Served: Infants Toddlers Preschool","None","Services: Day Program","Minnesota Department of Human Services","02/21/2022","01/01/2026","12/31/2026","   ","",
"1101032","Child Care Center","Tierra Encantada - Hiawatha LLC","4012 Minnehaha Ave","","","Minneapolis","MN","55406     ","Hennepin","(612) 722-0509","Active","Tierra Encantada - Hiawatha LLC","283","Ages Served: Infants Toddlers Preschool","None","Services: Day Program","Minnesota Department of Human Services","06/29/2020","01/01/2026","12/31/2026","   ","",
"1110734","Child Care Center","Tierra Encantada - Rochester LLC","3805 Cascade Creek Rd NW","","","Rochester","MN","55901     ","Olmsted","(612) 226-5246","Active","Tierra Encantada - Rochester LLC","158","Ages Served: Infants Toddlers Preschool","None","Services: Day Program","Minnesota Department of Human Services","01/31/2022","01/01/2026","12/31/2026","   ","",
"1099497","Child Care Center","Tierra Encantada - Seward LLC","2504 35th Ave S","","","Minneapolis","MN","55406     ","Hennepin","(612) 729-5188","Active","Tierra Encantada - Seward LLC","158","Ages Served: Infants Toddlers Preschool","None","Services: Day Program","Minnesota Department of Human Services","08/19/2019","01/01/2026","12/31/2026","   ","",
"2000260","Child Care Center","Tierra Encantada - St. Louis Park LLC","4140 Excelsior Blvd","","","Saint Louis Park","MN","55416     ","Hennepin","","Active","Tierra Encantada - St Louis Park LLC","112","Ages Served: Infant;Toddler;Preschool","None","Services: Day Program","Minnesota Department of Human Services","10/28/2024","01/01/2026","12/31/2026","   ","",
"1083416","Child Care Center","Tierra Encantada Bryant","411 E 38th St","","","Minneapolis","MN","55409     ","Hennepin","(612) 827-2280","Active","Tierra Encantada - Bryant LLC","129","Ages Served: Infants Toddlers Preschool","None","Services: Day Program","Minnesota Department of Human Services","11/28/2016","01/01/2026","12/31/2026","   ","",
"1065444","Child Care Center","Tierra Encantada Eagan","3380 Coachman Rd","","","Eagan","MN","55121     ","Dakota","","Active","Tierra Encantada - Eagan LLC","112","Ages Served: Infants Toddlers Preschool","None","Services: Day Program","Minnesota Department of Human Services","07/26/2013","01/01/2026","12/31/2026","   ","",
"1108342","Child Care Center","Tierra Encantada Minnetonka","2000 Plymouth Rd Ste 100","","","Minnetonka","MN","55305     ","Hennepin","(952) 544-6065","Active","Kairos LLC","162","Ages Served: Infants Toddlers Preschool School-Age","None","Services: Day Program","Minnesota Department of Human Services","07/26/2021","01/01/2026","12/31/2026","   ","",
"1093613","Child Care Center","Tierra Encantada Windom","5750 Wentworth Ave","","","Minneapolis","MN","55419     ","Hennepin","(612) 869-4226","Active","Tierra Encantada - Windom LLC","213","Ages Served: Infants Toddlers Preschool","None","Services: Day Program","Minnesota Department of Human Services","06/04/2018","01/01/2026","12/31/2026","   ","",
"1102555","Child Care Center","Tiger Cub Child Care Center","211 W Richway Dr","","","Albert Lea","MN","56007     ","Freeborn","","Active","ISD 241 Albert Lea Schools","44 ","Ages Served: Infants Toddlers Preschool","Not To Exceed 10 Preschool.","Services: Day Program","Minnesota Department of Human Services","03/16/2020","07/24/2026","12/31/2026","   ","",
"802514","Child Care Center","Time for Me Early Learning Center","3825 Lake Elmo Ave N","","","Lake Elmo","MN","55042-9587","Washington","","Active","Time for Me, Inc.","89 ","Ages Served: Infants Toddlers Preschool School-Age","None","Services: Day Program","Minnesota Department of Human Services","11/03/1988","01/01/2026","12/31/2026","   ","",
"1065633","Child Care Center","Tiny Adventures","908 Maple St","","","Brainerd","MN","56401-3746","Crow Wing","","Active","Tiny Adventures L. L. C.","31 ","Ages Served: Infants Toddlers Preschool","None","Services: Day Program","Minnesota Department of Human Services","02/18/2014","01/01/2026","12/31/2026","   ","",
"1083507","Child Care Center","Tiny Sprouts","1103 Weir Dr Ste 300","","","Woodbury","MN","55125-1307","Washington","(651) 414-0373","Active","Tiny Sprouts Inc","44 ","Ages Served: Infants","None","Services: Day Program","Minnesota Department of Human Services","12/05/2016","01/01/2026","12/31/2026","   ","",
"2001696","Child Care Center","Tiny Sprouts Daycare and Preschool Center","28795 Peterson Path","","","Pequot Lakes","MN","56472     ","Crow Wing","(218) 568-4991","Active","Tiny Sprouts Daycare LLC","67 ","Ages Served: Infants Toddlers Preschool School-Age","None","Services: Day Program, School-age Child Care Program","Minnesota Department of Human Services","03/31/2025","01/01/2026","12/31/2026","   ","",
"802519","Child Care Center","Tiny Tots & Little Tykes","60 Marie Ave E Ste 100","","","West St Paul","MN","55118-5943","Dakota","(651) 457-0042","Active","Tiny Tots and Little Tykes, Inc., Pre-School and Child Care Center","120","Ages Served: Infants Toddlers Preschool School-Age","None","Services: Day Program","Minnesota Department of Human Services","07/18/1986","01/01/2026","12/31/2026","   ","",
"1095620","Child Care Center","Tiny Tykes Inc","503 S Olaf Ave","","","Battle Lake","MN","56515-4220","Otter Tail","(218) 862-3200","Active","Tiny Tykes Inc.","46 ","Ages Served: Infants Toddlers Preschool","None","Services: Day Program","Minnesota Department of Human Services","11/19/2018","02/03/2026","12/31/2026","   ","",
"1094007","Child Care Center","TLC Childcare","1051 Forest St","","","Saint Paul","MN","55106-3223","Ramsey","(651) 772-1500","Active","TLC Childcare Inc.","39 ","Ages Served: Toddlers Preschool School-Age","None","","Minnesota Department of Human Services","10/13/2019","01/01/2026","12/31/2026","   ","",
"802523","Child Care Center","TLC Early Learning Center","11000 France Ave S","","","Bloomington","MN","55431-3856","Hennepin","(952) 884-7955","Active","TLC Early Learning Center","94 ","Ages Served: Infants Toddlers Preschool School-Age","None","Services: Day Program","Minnesota Department of Human Services","10/01/1985","01/01/2026","12/31/2026","   ","",
"2002231","Child Care Center","Today's Life Eagan LLC","1575 Thomas Center Dr","","","Eagan","MN","55122     ","Dakota","(612) 998-2071","Active","Today's Life Eagan LLC","42 ","Ages Served: Infants Toddlers Preschool","None","Services: Day Program","Minnesota Department of Human Services","09/08/2026","09/08/2026","12/31/2026","   ","",
"1091515","Child Care Center","Today's Life Inc","9995 Xenia Ave N","","","Brooklyn Park","MN","55443-2383","Hennepin","(763) 951-2032","Active","Today's Life Inc","118","Ages Served: Infants Toddlers Preschool","None","Services: Day Program","Minnesota Department of Human Services","06/25/2018","01/01/2026","12/31/2026","   ","",
"1044163","Child Care Center","Todays Life Eden Prairie","12901 Roberts Dr","","","Eden Prairie","MN","55346-3212","Hennepin","(952) 358-2020","Active","Today's Life Inc","88 ","Ages Served: Infants Toddlers Preschool","Maximum number of Infants in the Infant 2 Transition classroom is 12.; Maximum number of Toddlers or Preschool in the Toddler 2 Transition classroom is 14.","Services: Day Program","Minnesota Department of Human Services","11/22/2006","01/01/2026","12/31/2026","   ","",
"1118799","Child Care Center","Toddler Town Child Care Center","5377 266th St","","","Wyoming","MN","55092-8347","Chisago","(651) 238-2371","Active","Toddler Town Child Care Center LLC","84 ","Ages Served: Infants Toddlers Preschool","None","Services: Day Program","Minnesota Department of Human Services","06/10/2023","01/01/2026","12/31/2026","   ","",
"1041097","Child Care Center","Torah Tots","2800 Joppa Ave S","","","Minneapolis","MN","55416-4104","Hennepin","(952) 920-6630","Active","Torah Academy of Minneapolis","118","Ages Served: Toddlers Preschool","Library is approved for preschool aged children only.","Services: Day Program","Minnesota Department of Human Services","08/23/2006","01/01/2026","12/31/2026","   ","",
"1064040","Child Care Center","Towerlight Child Care","3601 Wooddale Ave S","","","Saint Louis Park","MN","55416-5384","Hennepin","(952) 920-8112","Active","Towerlight Day Care LLC","124","Ages Served: Infants Toddlers Preschool","Maximum number of infants in the program is 36.
Maximum number of toddlers in the program is 36.","Services: Day Program","Minnesota Department of Human Services","02/05/2013","01/01/2026","12/31/2026","   ","",
"804948","Child Care Center","Town and Country Day Care","450 12th St N","","","Mountain Lake","MN","56159     ","Cottonwood","(507) 427-3303","Active","Mountain Lake Public School","40 ","Ages Served: Infants Toddlers Preschool","None","Services: Day Program","Minnesota Department of Human Services","01/01/1999","01/01/2026","12/31/2026","   ","",
"807100","Child Care Center","Town Hall Early Childhood Family Development Center","8500 Zane Ave N","","","Brooklyn Park","MN","55443-1810","Hennepin","(763) 425-7422","Active","Parents in Community Action, Inc.","145","Ages Served: Infants Toddlers Preschool","None","Services: Day Program","Minnesota Department of Human Services","01/01/1999","01/01/2026","12/31/2026","   ","",
"1083796","Child Care Center","Tracy Head Start","310 Pine St","","","Tracy","MN","56175-1735","Lyon","(507) 530-7975","Active","United Community Action Partnership, Inc.","20 ","Ages Served: Preschool","None","Services: Day Program","Minnesota Department of Human Services","01/18/2017","01/01/2026","12/31/2026","   ","",
"1102704","Child Care Center","Tracy Head Start Toddler","243 Morgan St","","","Tracy","MN","56175-1274","Lyon","(507) 828-3231","Active","United Community Action Partnership, Inc.","8  ","Ages Served: Toddlers","None","Services: Day Program","Minnesota Department of Human Services","03/16/2020","01/01/2026","12/31/2026","   ","",
"1051311","Child Care Center","Tracy Kid's World","310 Pine St","","","Tracy","MN","56175-1735","Lyon","(507) 212-6724","Active","Tracy Kid's World","67 ","Ages Served: Infants Toddlers Preschool School-Age","None","Services: Day Program","Minnesota Department of Human Services","09/02/2008","01/01/2026","12/31/2026","   ","",
"2001603","Child Care Center","Tree of Life Academy Child Care and Preschool","5400 140th Ave NW Ste 104","Suite 104","","Ramsey","MN","55303     ","Anoka","(612) 272-4447","Closed as of 04/10/2026","Tree of Life Academy","24 ","Ages Served: Infants Toddlers Preschool","None","Services: Day Program, Drop-in Child Care Program","Minnesota Department of Human Services","01/08/2025","01/01/2026","12/31/2026","   ","",
"830578","Child Care Center","Treehouse Latch Key and Childcare Learning Center","10902 River Rd NE","","","Hanover","MN","55341     ","Wright","(763) 498-7488","Active","Treehouse Childcare LLC","60 ","Ages Served: Preschool School-Age","Not To Exceed 40 School Age","Services: Day Program","Minnesota Department of Human Services","02/02/1998","01/01/2026","12/31/2026","   ","",
"1081391","Child Care Center","Tri-Valley Bethel Head Start","23820 Dewey St NW","","","Bethel","MN","55005-5001","Anoka","(866) 801-6450","Active","Tri-Valley Opportunity Council, Inc.","72 ","Ages Served: Infants Toddlers Preschool","None","Services: Day Program","Minnesota Department of Human Services","07/15/2016","01/01/2026","12/31/2026","   ","",
"1062995","Child Care Center","Tri-Valley Blue Earth Head Start Center","1220 S Rice St","","","Blue Earth","MN","56013     ","Faribault","","Active","Tri-Valley Opportunity Council, Inc.","36 ","Ages Served: Infants Toddlers Preschool","None","Services: Day Program","Minnesota Department of Human Services","06/22/2012","06/05/2026","12/31/2026","   ","",
"800318","Child Care Center","Tri-Valley Crookston Head Start Center","1407 Erskine St","","","Crookston","MN","56716-2535","Polk","","Active","Tri-Valley Opportunity Council, Inc.","56 ","Ages Served: Infants Toddlers Preschool","Maximum number of infants in the Infant / Toddler Classroom is 8.","Services: Day Program","Minnesota Department of Human Services","10/01/1967","11/19/2025","12/31/2026","   ","",
"1047587","Child Care Center","Tri-Valley Danube Head Start Center","100 Main St","","","Danube","MN","56230-7526","Renville","(320) 826-2147","Active","Tri-Valley Opportunity Council, Inc.","64 ","Ages Served: Infants Toddlers Preschool","None","Services: Day Program","Minnesota Department of Human Services","06/18/2007","08/14/2026","12/31/2026","   ","",
"810852","Child Care Center","Tri-Valley East Grand Forks Head Start Center","1825 Central Ave NW","","","East Grand Forks","MN","56721-1331","Polk","","Active","Tri-Valley Opportunity Council, Inc.","69 ","Ages Served: Infants Toddlers Preschool","None","Services: Day Program","Minnesota Department of Human Services","09/01/1996","12/08/2025","12/31/2026","   ","",
"1007149","Child Care Center","Tri-Valley Elgin Head Start Center","52497 275th Ave","","","Elgin","MN","55932-5268","Wabasha","(800) 201-3464","Active","Tri-Valley Opportunity Council, Inc.","52 ","Ages Served: Infants Toddlers Preschool","None","Services: Day Program","Minnesota Department of Human Services","06/19/2001","01/01/2026","12/31/2026","   ","",
"1054444","Child Care Center","Tri-Valley Elysian Head Start","101 5th St NW","","","Elysian","MN","56028-2203","Le Sueur","(507) 267-4373","Active","Tri-Valley Opportunity Council, Inc.","64 ","Ages Served: Infants Toddlers Preschool","None","Services: Day Program","Minnesota Department of Human Services","06/16/2009","01/01/2026","12/31/2026","   ","",
"809512","Child Care Center","Tri-Valley Glencoe Head Start Center","1828 Knight Ave N","","","Glencoe","MN","55336-1429","McLeod","(866) 459-8618","Active","Tri-Valley Opportunity Council, Inc.","44 ","Ages Served: Infants Toddlers Preschool","None","Services: Day Program","Minnesota Department of Human Services","07/22/1995","01/01/2026","12/31/2026","   ","",
"1051224","Child Care Center","Tri-Valley Monticello Head Start Center","108 Thomas Cir","","","Monticello","MN","55362     ","Wright","(763) 272-2964","Active","Tri-Valley Opportunity Council, Inc.","72 ","Ages Served: Infants Toddlers Preschool","None","Services: Day Program","Minnesota Department of Human Services","06/18/2008","01/01/2026","12/31/2026","   ","",
"809291","Child Care Center","Tri-Valley Owatonna Head Start","565 20th St NE","","","Owatonna","MN","55060-1640","Steele","(507) 455-2203","Active","Tri-Valley Opportunity Council, Inc.","52 ","Ages Served: Infants Toddlers Preschool","None","Services: Day Program","Minnesota Department of Human Services","05/25/1995","01/01/2026","12/31/2026","   ","",
"1060627","Child Care Center","Tri-Valley Sleepy Eye Head Start Center","500 4th Ave SW","","","Sleepy Eye","MN","56085-1249","Brown","(218) 281-0566","Active","Tri-Valley Opportunity Council, Inc.","36 ","Ages Served: Infants Toddlers Preschool","None","Services: Day Program","Minnesota Department of Human Services","08/09/2011","01/01/2026","12/31/2026","   ","",
"1082421","Child Care Center","Tri-Valley St. Cloud Head Start Center","930 31st Ave N","","","Saint Cloud","MN","56303-2346","Stearns","","Active","Tri-Valley Opportunity Council, Inc.","42 ","Ages Served: Infants Toddlers Preschool","None","Services: Day Program","Minnesota Department of Human Services","09/19/2016","01/01/2026","12/31/2026","   ","",
"802795","Child Care Center","Trinity Children's Center","1420 S 6th St","","","Brainerd","MN","56401-4348","Crow Wing","","Active","Trinity Lutheran Church of Brainerd, Minnesota","85 ","Ages Served: Infants Toddlers Preschool School-Age","school-agers allowed on license only during summer months, June, July and August.","Services: Day Program","Minnesota Department of Human Services","01/01/1999","01/01/2026","12/31/2026","   ","",
"1055311","Child Care Center","Trinity Daycare and Preschool LLC","1027 Sherman St","","","North Mankato","MN","56003-2136","Nicollet","(507) 388-7761","Active","Trinity Daycare and Pre-School, LLC","80 ","Ages Served: Infants Toddlers Preschool","None","Services: Day Program","Minnesota Department of Human Services","02/01/2010","01/01/2026","12/31/2026","   ","",
"803897","Child Care Center","Trinity First Lutheran School","1115 E 19th St","","","Minneapolis","MN","55404     ","Hennepin","(612) 871-2353","Active","Trinity First Evangelical Lutheran Church of Minneapolis, Minnesota","40 ","Ages Served: Preschool","None","Services: Day Program","Minnesota Department of Human Services","09/17/1990","01/01/2026","12/31/2026","   ","",
"802541","Child Care Center","Trinity Lone Oak Lutheran School Preschool","2950 Highway 55","","","Eagan","MN","55121-1520","Dakota","(651) 454-1139","Active","Trinity Lone Oak Lutheran Church","32 ","Ages Served: Preschool School-Age","None","Services: Day Program","Minnesota Department of Human Services","11/18/1983","01/01/2026","12/31/2026","   ","",
"1057458","Child Care Center","Trinity Lutheran Church & School","3812 229th Ave NW","","","Saint Francis","MN","55070-9586","Anoka","(763) 753-1234","Active","Trinity Lutheran Church of St. Francis, Minnesota","72 ","Ages Served: Infants Toddlers Preschool School-Age","None","Services: Day Program","Minnesota Department of Human Services","07/19/2010","01/01/2026","12/31/2026","   ","",
"802542","Child Care Center","Trinity Lutheran Church Preschool","210 7th St S","","","Moorhead","MN","56560-2741","Clay","(218) 233-1740","Active","Trinity Lutheran Church of Moorhead, Minnesota","101","Ages Served: Infants Toddlers Preschool School-Age","None","Services: Day Program","Minnesota Department of Human Services","02/26/1970","01/01/2026","12/31/2026","   ","",
"802546","Child Care Center","Trinity Lutheran Preschool","424 E Gilman St # J","","","New York Mills","MN","56567-4514","Otter Tail","(218) 385-2450","Active","Trinity Evangelical Lutheran Church of New York Mills, Minnesota","40 ","Ages Served: Preschool","None","Services: Day Program","Minnesota Department of Human Services","12/22/1988","08/11/2026","12/31/2026","   ","",
"830574","Child Care Center","Trinity Lutheran Preschool","1150 W Cavour Ave","","","Fergus Falls","MN","56537-1051","Otter Tail","(218) 736-5847","Active","Trinity Lutheran Church of Fergus Falls, Minnesota","20 ","Ages Served: Preschool","None","Services: Day Program","Minnesota Department of Human Services","12/11/1997","01/01/2026","12/31/2026","   ","",
"1095394","Child Care Center","Trinity Lutheran Preschool","500 W Church St","","","Belle Plaine","MN","56011-1413","Scott","(952) 873-6545","Active","Trinity Evangelical Lutheran Church of Belle Plaine, Minnesota","10 ","Ages Served: Preschool","None","Services: Day Program","Minnesota Department of Human Services","01/31/2022","01/01/2026","12/31/2026","   ","",
"1120041","Child Care Center","Trinity Lutheran Preschool  and Wrap Around","501 N Main St","","","Janesville","MN","56048     ","Waseca","(507) 231-6646","Active","Trinity Lutheran Church, Janesville, Minnesota","20 ","Ages Served: Preschool","None","Services: Day Program","Minnesota Department of Human Services","01/02/2024","01/01/2026","12/31/2026","   ","",
"802548","Child Care Center","Trinity Lutheran Preschool & Trinity Waconia Childcare","601 E 2nd St","","","Waconia","MN","55387-1608","Carver","(952) 442-4165","Active","Trinity Lutheran Church of Waconia","82 ","Ages Served: Preschool","None","Services: Day Program","Minnesota Department of Human Services","10/27/1990","01/01/2026","12/31/2026","   ","",
"802549","Child Care Center","Trinity Preschool","609 Lincoln Ave","","","Owatonna","MN","55060     ","Steele","(507) 451-8247","Active","Trinity Lutheran Church of Owatonna, Minnesota","55 ","Ages Served: Preschool School-Age","None","Services: Day Program","Minnesota Department of Human Services","03/01/1969","01/01/2026","12/31/2026","   ","",
"802552","Child Care Center","Trinity Preschool","2060 County Road 6","","","Long Lake","MN","55356-9564","Hennepin","(952) 476-2611","Active","Trinity Lutheran Church of Long Lake","66 ","Ages Served: Preschool","None","Services: Day Program","Minnesota Department of Human Services","08/27/1990","01/01/2026","12/31/2026","   ","",
"808053","Child Care Center","Triumph's Little Lights Early Childhood","2901 20th St S","","","Moorhead","MN","56560-5269","Clay","(218) 233-4048","Active","Triumph Lutheran Brethren Church","40 ","Ages Served: Preschool","None","Services: Day Program","Minnesota Department of Human Services","09/21/1994","01/01/2026","12/31/2026","   ","",
"1057030","Child Care Center","True Light Christian School","601 E College Dr","","","Marshall","MN","56258     ","Lyon","(507) 532-2762","Active","True Light Christian School","20 ","Ages Served: Preschool","None","Services: Day Program","Minnesota Department of Human Services","09/01/2010","01/01/2026","12/31/2026","   ","",
"1000642","Child Care Center","Turnquist Child Enrichment Center","1800 2nd St NE","","","Minneapolis","MN","55418-4306","Hennepin","","Active","A Chance to Grow, Inc.","48 ","Ages Served: Infants Toddlers Preschool","None","Services: Day Program","Minnesota Department of Human Services","09/01/1999","01/01/2026","12/31/2026","   ","",
"830241","Child Care Center","Tutor Time of Andover","3390 Bunker Lake Blvd NW","","","Andover","MN","55304-3693","Anoka","(763) 422-3887","Active","Tutor Time Learning Centers, LLC","143","Ages Served: Infants Toddlers Preschool School-Age","None","Services: Day Program","Minnesota Department of Human Services","07/10/1997","01/01/2026","12/31/2026","   ","",
"810112","Child Care Center","Tutor Time of Apple Valley","14370 Glenda Dr","","","Apple Valley","MN","55124-7404","Dakota","(952) 953-3444","Active","Tutor Time Learning Centers, LLC","120","Ages Served: Infants Toddlers Preschool School-Age","None","Services: Day Program","Minnesota Department of Human Services","04/08/1996","01/01/2026","12/31/2026","   ","",
"831083","Child Care Center","Tutor Time of Blaine","1570 109th Ave NE","","","Blaine","MN","55449-4670","Anoka","(763) 784-1287","Active","Tutor Time Learning Centers, LLC","189","Ages Served: Infants Toddlers Preschool School-Age","None","Services: Day Program","Minnesota Department of Human Services","05/06/1999","01/01/2026","12/31/2026","   ","",
"830829","Child Care Center","Tutor Time of Brooklyn Park","9700 Schreiber Ter N","","","Brooklyn Park","MN","55445-2669","Hennepin","(763) 315-5900","Active","Tutor Time Learning Centers, LLC","178","Ages Served: Infants Toddlers Preschool School-Age","None","Services: Day Program","Minnesota Department of Human Services","10/01/1998","01/01/2026","12/31/2026","   ","",
"1001395","Child Care Center","Tutor Time of Cottage Grove","7071 E Point Douglas Rd S","","","Cottage Grove","MN","55016-3061","Washington","(651) 458-6885","Active","Tutor Time Learning Centers, LLC","144","Ages Served: Infants Toddlers Preschool School-Age","Maximum number of school age in the Pre-K classroom is 4","Services: Day Program","Minnesota Department of Human Services","09/21/1999","01/01/2026","12/31/2026","   ","",
"1000997","Child Care Center","Tutor Time of Lakeville","9475 176th St W","","","Lakeville","MN","55044-9135","Dakota","(952) 898-0555","Active","Tutor Time Learning Centers, LLC","156","Ages Served: Infants Toddlers Preschool School-Age","None","Services: Day Program","Minnesota Department of Human Services","09/07/1999","01/01/2026","12/31/2026","   ","",
"1021215","Child Care Center","Tutor Time of Maple Grove","6340 Wedgwood Rd N","","","Maple Grove","MN","55311-3647","Hennepin","(763) 577-0022","Active","Tutor Time Learning Centers, LLC","142","Ages Served: Infants Toddlers Preschool School-Age","None","Services: Day Program","Minnesota Department of Human Services","12/23/2002","01/01/2026","12/31/2026","   ","",
"830172","Child Care Center","Tutor Time of White Bear Lake","4673 White Bear Pkwy","","","White Bear Lake","MN","55110-3300","Ramsey","(651) 653-8877","Active","Tutor Time Learning Centers, LLC","137","Ages Served: Infants Toddlers Preschool School-Age","None","Services: Day Program","Minnesota Department of Human Services","07/09/1997","01/01/2026","12/31/2026","   ","",
"1099378","Child Care Center","Twin Cities Caring Center LLC","1055 Westgate Dr Ste 190B","","","Saint Paul","MN","55114-1486","Ramsey","(651) 330-8853","Active","Gradepower Learning Center LLC","80 ","Ages Served: Infants Toddlers Preschool School-Age","None","Services: Day Program","Minnesota Department of Human Services","08/28/2020","07/06/2026","12/31/2026","   ","",
"1059543","Child Care Center","Twin Cities Daycare and Child Development Center Inc","2817 Oakland Ave","","","Minneapolis","MN","55407-1301","Hennepin","(612) 870-7777","Active","Twin Cities Day Care and Child Development Center Inc.","68 ","Ages Served: Infants Toddlers Preschool School-Age","None","Services: Day Program","Minnesota Department of Human Services","10/04/2011","01/01/2026","12/31/2026","   ","",
"1109954","Child Care Center","Twin Lakes STEM Academy Childcare Center","6201 Noble Ave N","","","Brooklyn Center","MN","55429-2483","Hennepin","(651) 717-4884","Active","Twin Lakes STEM Academy","40 ","Ages Served: Preschool","None","Services: Day Program","Minnesota Department of Human Services","02/07/2022","01/01/2026","12/31/2026","   ","",
"802568","Child Care Center","Two Harbors Head Start Minnehaha Elementary School","421 7th St","","","Two Harbors","MN","55616-1468","Lake","(218) 834-8221","Active","Arrowhead Economic Opportunity Agency, Inc.","20 ","Ages Served: Preschool","None","Services: Day Program","Minnesota Department of Human Services","12/12/1971","02/26/2026","12/31/2026","   ","",
"1033568","Child Care Center","UMD Children's Place","260 Kirby Plaza # 1208 Kirby Dr","","","Duluth","MN","55812     ","St. Louis","(218) 726-6727","Active","University of Minnesota","46 ","Ages Served: Infants Toddlers Preschool School-Age","Not to Exceed 2 School Age","Services: Day Program","Minnesota Department of Human Services","03/14/2005","01/01/2026","12/31/2026","   ","",
"1055809","Child Care Center","UMD Preschool at the Park","31 W College St Rm 128","","","Duluth","MN","55812     ","St. Louis","(218) 726-7547","Active","University of Minnesota","15 ","Ages Served: Preschool School-Age","None","Services: Day Program","Minnesota Department of Human Services","11/23/2009","01/01/2026","12/31/2026","   ","",
"1111317","Child Care Center","Un Mundo de Ninos","7380 France Ave S Ste 100","","","Edina","MN","55435     ","Hennepin","(952) 977-9154","Active","Un Mundo de Ninos L.L.C.","39 ","Ages Served: Infants Toddlers Preschool","None","Services: Day Program","Minnesota Department of Human Services","05/01/2024","01/01/2026","12/31/2026","   ","",
"1111967","Child Care Center","Un Mundo Nuevo - Burnsville LLC","1998 Highway 13 E","","","Burnsville","MN","55337-3059","Dakota","(612) 263-1588","Active","Un Mundo Nuevo-Burnsville LLC","66 ","Ages Served: Infants Toddlers Preschool School-Age","None","Services: Day Program","Minnesota Department of Human Services","04/14/2022","01/01/2026","12/31/2026","   ","",
"1077802","Child Care Center","Un Mundo Nuevo Spanish Immersion Childrens Academy INC","7275 147th St W Ste 101","","","Apple Valley","MN","55124-7809","Dakota","(612) 298-4008","Active","Un Mundo Nuevo Spanish Immersion Children's Academy Inc.","90 ","Ages Served: Infants Toddlers Preschool School-Age","None","Services: Day Program","Minnesota Department of Human Services","07/22/2015","01/01/2026","12/31/2026","   ","",
"808478","Child Care Center","Under The Rainbow Early Education","555 Technology Dr","","","Red Wing","MN","55066-2849","Goodhue","(651) 388-6433","Active","Under the Rainbow Early Education Center","123","Ages Served: Infants Toddlers Preschool School-Age","Maximum number of School Age in the PreK classroom is 5.","Services: Day Program","Minnesota Department of Human Services","11/23/1994","01/01/2026","12/31/2026","   ","",
"830703","Child Care Center","Union Gospel Mission Child Development Center","109 9th St E","","","Saint Paul","MN","55101-2234","Ramsey","(651) 224-9970","Active","Union Gospel Mission Association of Saint Paul","42 ","Ages Served: Infants Toddlers Preschool","None","Services: Day Program","Minnesota Department of Human Services","06/03/1998","01/01/2026","12/31/2026","   ","",
"1092644","Child Care Center","Unique Early Learning Center LLC","719 Dale St N","","","Saint Paul","MN","55103     ","Ramsey","(651) 368-7003","Active","Unique Early Learning Center LLC","54 ","Ages Served: Infants Toddlers Preschool School-Age","None","Services: Day Program","Minnesota Department of Human Services","10/01/2018","01/01/2026","12/31/2026","   ","",
"1103903","Child Care Center","United Christian Academy Pre K Program","8600 Bloomington Ave","","","Bloomington","MN","55425     ","Hennepin","(952) 831-8686","Active","United Christian Academy","40 ","Ages Served: Preschool","None","Services: Day Program","Minnesota Department of Human Services","08/24/2020","01/01/2026","12/31/2026","   ","",
"802576","Child Care Center","United Preschool","702 S Highway 69","","","Albert Lea","MN","56007-1813","Freeborn","(507) 373-6712","Active","United Methodist Church of Albert Lea","44 ","Ages Served: Preschool","None","Services: Day Program","Minnesota Department of Human Services","03/01/1962","01/01/2026","12/31/2026","   ","",
"830332","Child Care Center","University Head Start","450 Syndicate St N Ste 5","","","Saint Paul","MN","55104     ","Ramsey","(651) 603-5962","Active","Community Action Partnership of Ramsey and Washington Counties","58 ","Ages Served: Toddlers Preschool","Maximum number of toddler aged children in classrooms 3 and 4 is 18.","Services: Day Program","Minnesota Department of Human Services","09/08/1997","07/21/2026","12/31/2026","   ","",
"802580","Child Care Center","University Nursery School","916 E 3rd St Ste 1","","","Duluth","MN","55805-2196","St. Louis","(218) 728-1888","Active","University Nursery School","168","Ages Served: Infants Toddlers Preschool","None","Services: Day Program","Minnesota Department of Human Services","10/01/1972","01/01/2026","12/31/2026","   ","",
"1121538","Child Care Center","University Nursery School Arlington","410 N Arlington Ave","","","Duluth","MN","55811     ","St. Louis","(218) 464-0833","Active","University Nursery School","72 ","Ages Served: Infants Toddlers Preschool","None","Services: Day Program","Minnesota Department of Human Services","01/01/2024","01/01/2026","12/31/2026","   ","",
"1059112","Child Care Center","University Nursery School College St","835 W College St","","","Duluth","MN","55811-4904","St. Louis","(218) 724-4816","Active","University Nursery School","65 ","Ages Served: Infants Toddlers Preschool","None","Services: Day Program","Minnesota Department of Human Services","02/28/2011","01/01/2026","12/31/2026","   ","",
"1121542","Child Care Center","University Nursery School Swan Lake","1500 Swan Lake Rd","","","Duluth","MN","55811-4638","St. Louis","(218) 481-7131","Active","University Nursery School","92 ","Ages Served: Infants Toddlers Preschool","None","Services: Day Program","Minnesota Department of Human Services","01/01/2024","01/01/2026","12/31/2026","   ","",
"1012862","Child Care Center","University Nursery-Copper Top","230 E Skyline Pkwy","","","Duluth","MN","55811-2711","St. Louis","(218) 727-8314","Active","University Nursery School","95 ","Ages Served: Infants Toddlers Preschool","None","Services: Day Program","Minnesota Department of Human Services","09/11/2001","01/01/2026","12/31/2026","   ","",
"802581","Child Care Center","University of Minnesota Child Development Laboratory School","921 17th Ave SE","","","Minneapolis","MN","55414-2413","Hennepin","(612) 625-2273","Active","University of Minnesota - Twin Cities","190","Ages Served: Infants Toddlers Preschool","None","Services: Day Program","Minnesota Department of Human Services","11/27/1989","01/01/2026","12/31/2026","   ","",
"1010844","Child Care Center","Unlimited Potential in Education Inc Operating as Jack & Jill","2812 Anthony Ln S Ste 400","","","Saint Anthony","MN","55418     ","Hennepin","","Active","Unlimited Potential In Education, Inc.","403","Ages Served: Infants Toddlers Preschool School-Age","None","Services: Day Program","Minnesota Department of Human Services","04/09/2001","01/01/2026","12/31/2026","   ","",
"1121128","Child Care Center","Uptown Childcare Center LLC","2628 Nicollet Ave","","","Minneapolis","MN","55408     ","Hennepin","","Active","Uptown Childcare Center LLC","95 ","Ages Served: Infants Toddlers Preschool School-Age","None","Services: Day Program","Minnesota Department of Human Services","03/01/2024","01/01/2026","12/31/2026","   ","",
"1117693","Child Care Center","Uptown Childcare LLC","2815 Nicollet Ave","","","Minneapolis","MN","55408-2329","Hennepin","(612) 987-4012","Active","Uptown Childcare LLC","48 ","Ages Served: Infants Toddlers Preschool School-Age","None","Services: Day Program","Minnesota Department of Human Services","08/28/2023","06/30/2026","12/31/2026","   ","",
"2001638","Child Care Center","Urban Kido Childcare LLC","100 River Ridge Ct","","","Burnsville","MN","55337     ","Dakota","(952) 600-2043","Active","Urban Kido Childcare LLC","72 ","Ages Served: Infants Toddlers Preschool School-Age","None","Services: Day Program, Drop-in Child Care Program, Night Care Program, School-age Child Care Program","Minnesota Department of Human Services","08/05/2025","03/12/2026","12/31/2026","   ","",
"1101596","Child Care Center","Urban Ventures Cornwell Early Learning Center","2924 4th Ave S","","","Minneapolis","MN","55408     ","Hennepin","(612) 545-9840","Active","Urban Ventures Leadership Foundation","97 ","Ages Served: Infants Toddlers Preschool","None","Services: Day Program","Minnesota Department of Human Services","09/07/2021","01/01/2026","12/31/2026","   ","",
"810915","Child Care Center","Va Neighborhood Child Care Center","1 Veterans Dr Bldg 68","","","Minneapolis","MN","55417     ","Hennepin","(612) 725-2271","Active","Minneapolis VA Employees Child Care Corporation","108","Ages Served: Infants Toddlers Preschool","None","Services: Day Program","Minnesota Department of Human Services","11/01/1997","01/01/2026","12/31/2026","   ","",
"802590","Child Care Center","Valley Preschool","413 Greeley St S","","","Stillwater","MN","55082-7008","Washington","(651) 439-8850","Active","Valley Preschool, Inc.","20 ","Ages Served: Preschool School-Age","None","Services: Day Program","Minnesota Department of Human Services","09/01/1978","01/01/2026","12/31/2026","   ","",
"1090712","Child Care Center","Verndale Area Christian Academy","402 NE Clark Dr","","","Verndale","MN","56481     ","Wadena","(218) 445-5568","Active","Family Life Church of the Assemblies of God","87 ","Ages Served: Infants Toddlers Preschool School-Age","Maximum number of Toddler aged children in the Program is 28.","Services: Day Program","Minnesota Department of Human Services","03/05/2018","02/03/2026","12/31/2026","   ","",
"1086770","Child Care Center","Virginia Drop In Day Care","1325 9th St S","","","Virginia","MN","55792     ","St. Louis","(218) 290-6654","Pending Reopening as of 01/10/2025","Virginia Drop in Day Care","38 ","Ages Served: Infants Toddlers Preschool School-Age","Per fire marshal, not to exceed four infants.","Services: Drop-in Child Care Program","Minnesota Department of Human Services","12/16/2017","01/01/2026","12/31/2026","   ","",
"1082493","Child Care Center","Virginia Head Start","506 N 9th Ave","","","Virginia","MN","55792-3084","St. Louis","(218) 749-5437","Active","Arrowhead Economic Opportunity Agency, Inc.","48 ","Ages Served: Toddlers Preschool","None","Services: Day Program","Minnesota Department of Human Services","09/19/2016","01/01/2026","12/31/2026","   ","",
"808173","Child Care Center","Virginia Infant & Toddler Center","442 Pine Mill Ct","","","Virginia","MN","55792     ","St. Louis","(218) 410-2558","Active","Arrowhead Economic Opportunity Agency, Inc.","16 ","Ages Served: Infants Toddlers Preschool","None","Services: Day Program","Minnesota Department of Human Services","08/03/2026","08/03/2026","12/31/2026","   ","",
"808374","Child Care Center","Visitation Child Care Center","2455 Visitation Dr","","","Mendota Heights","MN","55120     ","Dakota","(651) 683-1739","Active","The Convent and Academy of the Visitation","121","Ages Served: Infants Toddlers Preschool","- Per State Fire Marshal, the occupant load of the Toddler 2 classroom cannot exceed 10 children when any child under 30 months of age is present due to having one exit door.
- If any of the children in the Toddler 2 classroom are under 30 months of age,","Services: Day Program","Minnesota Department of Human Services","12/01/1994","01/01/2026","12/31/2026","   ","",
"1092665","Child Care Center","Vivabu","4 W Franklin Ave","","","Minneapolis","MN","55404     ","Hennepin","(612) 345-5370","Active","Academia Elze, LLC","70 ","Ages Served: Infant;Toddler;Preschool;School Age","None","Services: Day Program","Minnesota Department of Human Services","06/29/2018","01/01/2026","12/31/2026","   ","",
"1114859","Child Care Center","Wabasha Learning Center LLC","115 Wabasha St S Ste 102","","","Saint Paul","MN","55107-1836","Ramsey","(612) 267-5590","Pending Reopening as of 03/02/2026","Wabasha Learning Center LLC","62 ","Ages Served: Infants Toddlers Preschool School-Age","None","Services: Day Program","Minnesota Department of Human Services","03/23/2023","01/16/2026","12/31/2026","   ","",
"805063","Child Care Center","Warm World Child Development Center","13575 58th St N","","","Oak Park Heights","MN","55082-6620","Washington","(651) 275-5900","Active","Warm World Child Development Center, Inc.","85 ","Ages Served: Infants Toddlers Preschool","None","Services: Day Program","Minnesota Department of Human Services","01/01/1999","05/05/2026","12/31/2026","   ","",
"1121420","Child Care Center","Warroad Community Child Care Center","203 Liberty Ave NW","","","Warroad","MN","56763     ","Roseau","(218) 986-2412","Active","Warroad Community Child Care Center","114","Ages Served: Infants Toddlers Preschool School-Age","None","Services: Day Program","Minnesota Department of Human Services","09/03/2024","01/01/2026","12/31/2026","   ","",
"1052448","Child Care Center","Way to Grow Preschool","3333 N 4th St","","","Minneapolis","MN","55412-2615","Hennepin","(612) 874-4740","Active","Way to Grow","20 ","Ages Served: Preschool","None","Services: Day Program","Minnesota Department of Human Services","07/27/2009","01/01/2026","12/31/2026","   ","",
"802633","Child Care Center","Wayzata Community Church Nursery School","125 Wayzata Blvd E","","","Wayzata","MN","55391-1794","Hennepin","(952) 473-2114","Active","Wayzata Community Church","142","Ages Served: Toddlers Preschool","Per State Fire Marshal Butterfly classroom is limited to children 30 months or older.","Services: Day Program","Minnesota Department of Human Services","10/07/1954","06/04/2026","12/31/2026","   ","",
"810123","Child Care Center","WCCA Head Start Annandale","331 Harrison St W","","","Annandale","MN","55302-9197","Wright","(320) 274-3318","Active","Wright County Community Action, Inc.","20 ","Ages Served: Preschool","Per health inspector, prepacked food only for breakfast and snacks with disposable utensils and disposable bowls/plates.  Lunch will be catered.","Services: Day Program","Minnesota Department of Human Services","03/18/1996","01/01/2026","12/31/2026","   ","",
"830966","Child Care Center","WCCA Head Start Buffalo","1405 3rd Ave NE","","","Buffalo","MN","55313-1925","Wright","(763) 682-1862","Active","Wright County Community Action, Inc.","40 ","Ages Served: Preschool","None","Services: Day Program","Minnesota Department of Human Services","12/29/1998","01/01/2026","12/31/2026","   ","",
"830404","Child Care Center","WCCA Head Start Montrose","115 2nd St S # Montrose","","","Montrose","MN","55363-8585","Wright","(763) 682-8478","Active","Wright County Community Action, Inc.","20 ","Ages Served: Preschool","None","Services: Day Program","Minnesota Department of Human Services","08/16/1997","01/01/2026","12/31/2026","   ","",
"804165","Child Care Center","WCCA Head Start Otsego","7525 Kalland Ave NE","","","Otsego","MN","55301-9690","Wright","(763) 923-9233","Active","Wright County Community Action, Inc.","20 ","Ages Served: Preschool","None","Services: Day Program","Minnesota Department of Human Services","09/09/1991","01/01/2026","12/31/2026","   ","",
"804196","Child Care Center","WCCA Head Start-Delano","3976 County Line Rd SE","","","Delano","MN","55328-8825","Hennepin","(763) 972-8120","Active","Wright County Community Action, Inc.","18 ","Ages Served: Preschool","None","Services: Day Program","Minnesota Department of Human Services","09/18/1991","01/01/2026","12/31/2026","   ","",
"801103","Child Care Center","WCCA Head Start-Howard Lake","625 12th St","","","Howard Lake","MN","55349-1505","Wright","(320) 543-2955","Active","Wright County Community Action, Inc.","20 ","Ages Served: Preschool","None","Services: Day Program","Minnesota Department of Human Services","12/14/1971","01/01/2026","12/31/2026","   ","",
"1088075","Child Care Center","We Care Child Care Center","3553 Penn Ave N","","","Minneapolis","MN","55412-2325","Hennepin","(612) 460-8657","Revoked as of 09/21/2023","We Care Child Care Center","15 ","Ages Served: Preschool School-Age","Per State Fire Marshal, care can continue on the main level.  Cannot expand care area to upper level, until all violations have been corrected.","Services: Day Program","Minnesota Department of Human Services","03/22/2018","01/01/2023","12/31/2023","   ","",
"810167","Child Care Center","We Love Kids","5408 Chicago Ave","","","Minneapolis","MN","55417-2444","Hennepin","(612) 823-7921","Pending Reopening as of 12/08/2025","Tooncis, Inc.","43 ","Ages Served: Infants Toddlers Preschool School-Age","Per state fire marshal, no more than 49 occupants total (children and staff persons) until fire alarm system is upgraded.","Services: Day Program","Minnesota Department of Human Services","04/29/1996","01/01/2026","12/31/2026","   ","",
"802654","Child Care Center","Wee Pals Child Care Center","560 Dunnell Dr","","","Owatonna","MN","55060     ","Steele","(507) 310-1171","Active","Wee Pals Child Care Center, Inc.","96 ","Ages Served: Infants Toddlers Preschool School-Age","None","Services: Day Program","Minnesota Department of Human Services","09/14/1970","01/01/2026","12/31/2026","   ","",
"2001709","Child Care Center","Welcome Care Center LLC","1609 Chicago Ave","","","Minneapolis","MN","55404     ","Hennepin","(612) 259-8457","Active","Welcome Care Center LLC","61 ","Ages Served: Infant;Toddler;Preschool;School Age","None","Services: Day Program, School-age Child Care Program","Minnesota Department of Human Services","08/01/2025","01/27/2026","12/31/2026","   ","",
"1048642","Child Care Center","Wellcome Kids","114 W Pleasant St","","","Garden City","MN","56034-4536","Blue Earth","(507) 546-3295","Active","Wellcome Manor Family Services","42 ","Ages Served: Infants Toddlers Preschool School-Age","None","Services: Day Program","Minnesota Department of Human Services","11/29/2007","01/01/2026","12/31/2026","   ","",
"2001747","Child Care Center","West Lake Cabin Childcare","13065 43rd St NE","","","Saint Michael","MN","55376     ","Wright","(763) 276-1078","Closed as of 05/09/2026","West Lake Cabin Childcare LLC","64 ","Ages Served: Infant;Toddler;Preschool","None","Services: Day Program, Drop-in Child Care Program","Minnesota Department of Human Services","06/23/2025","01/01/2026","12/31/2026","   ","",
"800152","Child Care Center","West Side Head Start","271 Belvidere St E","","","Saint Paul","MN","55107-3140","Ramsey","(651) 298-4639","Active","Community Action Partnership of Ramsey and Washington Counties","80 ","Ages Served: Preschool","None","Services: Day Program","Minnesota Department of Human Services","08/20/1980","08/31/2026","12/31/2026","   ","",
"2001707","Child Care Center","West St. Paul Wonders Academy Inc","1535 Livingston Ave","","","West Saint Paul","MN","55118     ","Dakota","(612) 600-3284","Active","West St. Paul Wonders Academy Inc","81 ","Ages Served: Infants Toddlers Preschool School-Age","None","Services: Day Program","Minnesota Department of Human Services","08/20/2025","05/29/2026","12/31/2026","   ","",
"802679","Child Care Center","Westwood Early Childhood Center","9001 Cedar Lake Rd S","","","Saint Louis Park","MN","55426-2354","Hennepin","(952) 545-5624","Active","Westwood Lutheran Church","105","Ages Served: Infants Toddlers Preschool School-Age","Maximum number of toddlers in Infant 1 Room 20 is 8.; Maximum number of toddlers in Infant 2 Room 22/24 is 9.; Maximum number of school age children in Pre-K 1 Room 25 is 10.; Maximum number of school age children in Pre-K 2 Room 17 is 10.; Maximum number","Services: Day Program","Minnesota Department of Human Services","01/10/1984","01/01/2026","12/31/2026","   ","",
"1032135","Child Care Center","Westwood Preschool","3121 Westwood Dr","","","Excelsior","MN","55331-8044","Carver","(952) 224-7452","Active","Westwood Community Church","108","Ages Served: Preschool","None","Services: Day Program","Minnesota Department of Human Services","01/03/2005","01/01/2026","12/31/2026","   ","",
"830937","Child Care Center","White Bear Montessori School","1201 County Road E E","","","White Bear Lake","MN","55110-5139","Ramsey","","Active","White Bear Montessori School, Inc.","163","Ages Served: Toddlers Preschool School-Age","None","Services: Day Program","Minnesota Department of Human Services","12/07/1998","01/01/2026","12/31/2026","   ","",
"1086477","Child Care Center","White Pine Childcare Center","4534 Constance Blvd NE","","","Ham Lake","MN","55304-5953","Anoka","(763) 434-5186","Active","White Pine Childcare Center, LLC","80 ","Ages Served: Infants Toddlers Preschool","None","Services: Day Program","Minnesota Department of Human Services","08/21/2017","01/01/2026","12/31/2026","   ","",
"1077975","Child Care Center","Whittier Wildflowers Preschool","2608 Blaisdell Ave","","","Minneapolis","MN","55408     ","Hennepin","(612) 877-8992","Active","Whittier Wildflowers Preschool, Inc.","42 ","Ages Served: Toddlers Preschool","None","Services: Day Program","Minnesota Department of Human Services","09/01/2015","01/01/2026","12/31/2026","   ","",
"1112572","Child Care Center","Wild Roots Early Learning Center","2950 State 371 SW","","","Pine River","MN","56474-4027","Cass","(218) 587-4200","Active","Wild Roots Early Learning Center LLC","67 ","Ages Served: Infants Toddlers Preschool School-Age","None","Services: Day Program","Minnesota Department of Human Services","10/24/2022","01/01/2026","12/31/2026","   ","",
"802688","Child Care Center","Wilder Child Development Center","911 Lafond Ave","","","Saint Paul","MN","55104-2108","Ramsey","(651) 280-2600","Active","Amherst H. Wilder Foundation","78 ","Ages Served: Toddlers Preschool","None","Services: Day Program","Minnesota Department of Human Services","06/01/1968","01/01/2026","12/31/2026","   ","",
"1095966","Child Care Center","Wildflower Early Learning Center","5532 Hanrehan Lake Blvd","","","Savage","MN","55378-9775","Scott","(952) 226-6590","Active","Wildflower Early Learning Center LLC","40 ","Ages Served: Preschool","None","Services: Day Program","Minnesota Department of Human Services","01/01/2019","01/01/2026","12/31/2026","   ","",
"1102775","Child Care Center","Willmar Head Start","1311 Highway 71 NE","","","Willmar","MN","56201-2174","Kandiyohi","(320) 235-0850","Active","United Community Action Partnership, Inc.","124","Ages Served: Infants Toddlers Preschool","None","Services: Day Program","Minnesota Department of Human Services","09/08/2020","01/01/2026","12/31/2026","   ","",
"1063117","Child Care Center","Willow & Sprout LLC","3029 Wilson St NE","","","Saint Anthony","MN","55418-2371","Hennepin","(612) 850-2019","Active","Willow & Sprout, LLC","14 ","Ages Served: Toddlers Preschool","None","Services: Day Program","Minnesota Department of Human Services","10/15/2012","01/01/2026","12/31/2026","   ","",
"1083797","Child Care Center","Windom Head Start","68 10th St Rm 11","","","Windom","MN","56101-1561","Cottonwood","(507) 537-1416","Active","United Community Action Partnership, Inc.","20 ","Ages Served: Preschool","None","Services: Day Program","Minnesota Department of Human Services","01/18/2017","01/01/2026","12/31/2026","   ","",
"1062917","Child Care Center","Windy Willow Preschool and Childcare","20855 Kensington Blvd Ste 109","","","Lakeville","MN","55044     ","Dakota","","Active","Windy Willow, LLC","62 ","Ages Served: Infants Toddlers Preschool School-Age","None","Services: Day Program","Minnesota Department of Human Services","08/27/2012","03/10/2026","12/31/2026","   ","",
"802709","Child Care Center","Winona Area Learning Center","1299 W 3rd St","","","Winona","MN","55987-2320","Winona","(507) 494-1460","Active","Winona Area Public School District 0861-01","16 ","Ages Served: Infants Toddlers Preschool","Maximum number of Preschool in the Toddler/Preschool classroom is 8.","Services: Day Program","Minnesota Department of Human Services","04/23/1990","01/01/2026","12/31/2026","   ","",
"1116999","Child Care Center","Wonder Fun Academy LLC","310 E 38th St Ste LL1","","","Minneapolis","MN","55409     ","Hennepin","(612) 208-1879","Active","Wonder Fun Academy LLC","90 ","Ages Served: Preschool","None","Services: Day Program","Minnesota Department of Human Services","08/12/2024","01/01/2026","12/31/2026","   ","",
"1117406","Child Care Center","Wonder Learning Center Inc.","3205 Cedar Ave S","","","Minneapolis","MN","55407     ","Hennepin","(612) 724-4199","Active","Wonder Learning Center Inc.","43 ","Ages Served: Infants Toddlers Preschool School-Age","Maximum number of toddlers in the toddler / preschool combination classroom is six.","Services: Day Program","Minnesota Department of Human Services","08/03/2023","01/01/2026","12/31/2026","   ","",
"2001636","Child Care Center","Wonder Seeds Learning Center LLC","555 Railroad Dr NW Ste D","","","Elk River","MN","55330     ","Sherburne","(612) 643-9998","Active","Wonder Seeds Learning Center, LLC","97 ","Ages Served: Infants Toddlers Preschool School-Age","None","Services: Day Program, Drop-in Child Care Program","Minnesota Department of Human Services","10/28/2025","01/01/2026","12/31/2026","   ","",
"2000213","Child Care Center","Wonder World Learning and Science Center LLC","1210 Shakopee Town Sq","","","Shakopee","MN","55379     ","Scott","(651) 492-2439","Active","Wonder World Learning and Science Center LLC","50 ","Ages Served: Preschool;School Age","None","Services: Day Program, School-age Child Care Program","Minnesota Department of Human Services","10/03/2024","01/01/2026","12/31/2026","   ","",
"802724","Child Care Center","Wonder World Preschool Inc","2809 Maple Ave","","","Slayton","MN","56172     ","Murray","(507) 836-8694","Active","Wonder World Preschool, Inc.","76 ","Ages Served: Infants Toddlers Preschool School-Age","None","Services: Day Program","Minnesota Department of Human Services","11/14/1972","01/01/2026","12/31/2026","   ","",
"802729","Child Care Center","Woodbury Lutheran Preschool","7380 Afton Rd","","","Saint Paul","MN","55125-1502","Washington","(651) 739-5146","Active","Woodbury Lutheran Church","117","Ages Served: Toddlers Preschool School-Age","None","Services: Day Program","Minnesota Department of Human Services","09/01/1976","01/01/2026","12/31/2026","   ","",
"802732","Child Care Center","Woodbury Preschool at the Grove","7465 Steepleview Rd","","","Woodbury","MN","55125-1533","Washington","(651) 738-9670","Active","Woodbury Preschool Programs on Steepleview","103","Ages Served: Infants Toddlers Preschool","None","Services: Day Program","Minnesota Department of Human Services","09/17/1973","01/01/2026","12/31/2026","   ","",
"802734","Child Care Center","Wooddale Academy","6630 Shady Oak Rd","","","Eden Prairie","MN","55344-3218","Hennepin","(952) 944-3770","Active","Wooddale Church","174","Ages Served: Infants Toddlers Preschool School-Age","Maximum number of Toddlers in the Jr Pre-Tod/Pre 175 classroom is 14.; Maximum number of Infants in the Inf/Tod 165 classroom is 8.; Maximum number of Preschool or School Age in the PreK 183 classroom is 20.; Maximum number of Preschool or School Age in t","Services: Day Program","Minnesota Department of Human Services","09/02/1970","07/15/2026","12/31/2026","   ","",
"1077259","Child Care Center","Wooddale Academy","5532 Wooddale Ave","","","Edina","MN","55424-1617","Hennepin","(952) 656-1055","Active","Wooddale Church","50 ","Ages Served: Infants Toddlers Preschool","None","Services: Day Program","Minnesota Department of Human Services","06/01/2015","01/01/2026","12/31/2026","   ","",
"1112279","Child Care Center","Woodpark Montessori","1080 E 146th St Ste 100","","","Burnsville","MN","55337-4878","Dakota","(952) 953-3933","Active","ES MN, LLC","134","Ages Served: Infants Toddlers Preschool","None","Services: Day Program","Minnesota Department of Human Services","04/29/2022","01/01/2026","12/31/2026","   ","",
"1051704","Child Care Center","World Around Us Child Development Center","5065 Stewart Ave","","","Saint Paul","MN","55110     ","Ramsey","(651) 773-1406","Closed as of 07/01/2026","World Around Us Child Development Center, Inc.","96 ","Ages Served: Infants Toddlers Preschool School-Age","None","Services: Day Program","Minnesota Department of Human Services","12/01/2008","01/01/2026","12/31/2026","   ","",
"1019077","Child Care Center","World Around Us Child Development Center, Inc.","2290 11th Ave E","","","Saint Paul","MN","55109     ","Ramsey","(651) 773-1400","Active","World Around Us Child Development Center, Inc.","94 ","Ages Served: Infants Toddlers Preschool School-Age","None","Services: Day Program","Minnesota Department of Human Services","09/03/2002","01/01/2026","12/31/2026","   ","",
"1006619","Child Care Center","WSU Childrens Center","108 E Sanborn St","","","Winona","MN","55987     ","Winona","(507) 457-2300","Active","Minnesota State Colleges and Universities - Winona","103","Ages Served: Infants Toddlers Preschool School-Age","Maximum number of Infants or Toddlers  in the Infant 2 classroom is 8.; Maximum number of Toddlers or Preschool in the Toddler 2 classroom is 14.","Services: Day Program","Minnesota Department of Human Services","09/11/2000","01/01/2026","12/31/2026","   ","",
"1042765","Child Care Center","Yellow Brick Road Early Childhood Development Center","3200 Harbor Ln N","","","Plymouth","MN","55447     ","Hennepin","","Active","Yellow Brick Road Child Care LLC","156","Ages Served: Infants Toddlers Preschool School-Age","Maximum number of school age children in Room 140 is five.; Maximum number of school age in the PreK classroom is five.","Services: Day Program","Minnesota Department of Human Services","09/05/2006","01/01/2026","12/31/2026","   ","",
"1081604","Child Care Center","Yellow Brick Road Early Childhood Development Center","10420 Yellow Circle Dr","","","Minnetonka","MN","55343-9102","Hennepin","(952) 426-0562","Active","Yellow Brick Road Child Care LLC","135","Ages Served: Infants Toddlers Preschool School-Age","City of Minnetonka zoning administrator restricts capacity to 135 children.","Services: Day Program","Minnesota Department of Human Services","09/06/2016","01/01/2026","12/31/2026","   ","",
"1088084","Child Care Center","Yellow Brick Road Early Childhood Development Center","9745 Revere Ln N","","","Maple Grove","MN","55369-3752","Hennepin","","Active","Yellow Brick Road Child Care LLC","87 ","Ages Served: Infants Toddlers Preschool School-Age","None","Services: Day Program","Minnesota Department of Human Services","09/11/2017","01/01/2026","12/31/2026","   ","",
"1107419","Child Care Center","Yellow Brick Road Early Childhood Development Center","6249 Hemlock Ln N","","","Maple Grove","MN","55369-6344","Hennepin","(763) 557-1400","Active","S2S Maple Grove LLC","136","Ages Served: Infants Toddlers Preschool School-Age","Not To Exceed 10 Preschool in Preschool/School Age Room","Services: Day Program","Minnesota Department of Human Services","03/16/2021","01/01/2026","12/31/2026","   ","",
"2000279","Child Care Center","Yellow Brick Road Early Childhood Development Center","6100 Golden Valley Rd","","","Golden Valley","MN","55422     ","Hennepin","(612) 927-3232","Active","Yellow Brick Road Child Care LLC","122","Ages Served: Infants Toddlers Preschool School-Age","None","Services: Day Program","Minnesota Department of Human Services","05/05/2025","01/01/2026","12/31/2026","   ","",
"2000282","Child Care Center","Yellow Brick Road Early Childhood Development Center","1800 Greenwood Dr","","","Burnsville","MN","55337     ","Dakota","(612) 927-3232","Active","Yellow Brick Road Child Care LLC","106","Ages Served: Infants Toddlers Preschool School-Age","None","Services: Day Program","Minnesota Department of Human Services","09/03/2024","01/01/2026","12/31/2026","   ","",
"1116604","Child Care Center","Yellow Brick Road Early Childhood Development Center","3050 Fernbrook Ln N","","","Plymouth","MN","55447-5318","Hennepin","","Active","Yellow Brick Road Child Care LLC","100","Ages Served: Infants Toddlers Preschool","None","Services: Day Program","Minnesota Department of Human Services","01/04/2023","01/01/2026","12/31/2026","   ","",
"2002134","Child Care Center","Yellow Brick Road Early Childhood Development Center","169 Eldorado Dr","","","Jordan","MN","55352     ","Scott","(612) 927-3232","Active","Yellow Brick Road Child Care LLC","84 ","Ages Served: Infants Toddlers Preschool School-Age","None","Services: Day Program","Minnesota Department of Human Services","03/09/2026","03/09/2026","12/31/2026","   ","",
"2002135","Child Care Center","Yellow Brick Road Early Childhood Development Center","1335 10th Ave E","","","Shakopee","MN","55379     ","Scott","(612) 927-3232","Active","Yellow Brick Road Child Care LLC","88 ","Ages Served: Infants Toddlers Preschool School-Age","None","Services: Day Program","Minnesota Department of Human Services","03/09/2026","03/09/2026","12/31/2026","   ","",
"1095980","Child Care Center","Yellow Brick Road ECDC","12760 Anderson Lakes Pkwy","","","Eden Prairie","MN","55344-6606","Hennepin","(612) 927-3232","Active","Yellow Brick Road Child Care LLC","144","Ages Served: Infants Toddlers Preschool School-Age","Maximum number of Infants or Toddlers in the Wobbler classroom is 12.; Maximum number of School age in the Pre K 1 classroom is 5.; Maximum number of School age in the Pre K 2 classroom is 20.","Services: Day Program","Minnesota Department of Human Services","11/05/2018","01/01/2026","12/31/2026","   ","",
"1005010","Child Care Center","YMCA Child Care Center","2200 23rd St NE Ste 70","","","Willmar","MN","56201     ","Kandiyohi","(320) 231-7050","Active","Kandiyohi County Area Family Young Men's Christian Association","54 ","Ages Served: Infant;Toddler;Preschool","None","Services: Day Program","Minnesota Department of Human Services","03/08/2000","01/01/2026","12/31/2026","   ","",
"1101224","Child Care Center","YMCA Early Childhood Development Center","4289 Ugstad Rd","","","Hermantown","MN","55811-3615","St. Louis","(218) 241-8008","Active","Duluth Area Family YMCA","118","Ages Served: Infants Toddlers Preschool","None","Services: Day Program","Minnesota Department of Human Services","11/05/2019","01/01/2026","12/31/2026","   ","",
"1109862","Child Care Center","YMCA Early Childhood Learning Center at the University of Minnesota","326 16th Ave SE","","","Minneapolis","MN","55455-0143","Hennepin","(651) 435-6714","Active","Young Men's Christian Association of the North","163","Ages Served: Infants Toddlers Preschool","None","Services: Day Program","Minnesota Department of Human Services","08/09/2021","01/01/2026","12/31/2026","   ","",
"1062797","Child Care Center","YMCA in Eagan Early Childhood Learning Center","550 Opperman Dr","","","Eagan","MN","55123-1337","Dakota","(651) 259-9673","Active","Young Men's Christian Association of the North","212","Ages Served: Infants Toddlers Preschool","None","Services: Day Program","Minnesota Department of Human Services","04/01/2012","01/01/2026","12/31/2026","   ","",
"1062782","Child Care Center","YMCA in Woodbury Preschool","2175 Radio Dr","","","Woodbury","MN","55125-9453","Washington","(651) 739-6596","Active","Young Men's Christian Association of the North","63 ","Ages Served: Toddlers Preschool","None","Services: Day Program","Minnesota Department of Human Services","04/01/2012","01/01/2026","12/31/2026","   ","",
"1093880","Child Care Center","YMCA Lakeville Early Childhood Learning Center","16331 Kenrick Ave","","","Lakeville","MN","55044     ","Dakota","(651) 739-6593","Active","Young Men's Christian Association of the North","146","Ages Served: Infants Toddlers Preschool","None","Services: Day Program","Minnesota Department of Human Services","09/24/2018","01/01/2026","12/31/2026","   ","",
"1065491","Child Care Center","YMCA Preschool","1401 S Riverfront Dr","","","Mankato","MN","56001-2413","Blue Earth","(507) 387-8255","Active","The Young Men's Christian Association of Mankato","68 ","Ages Served: Preschool","None","Services: Day Program","Minnesota Department of Human Services","09/09/2013","01/01/2026","12/31/2026","   ","",
"800142","Child Care Center","YMCA Preschool","501 4th Ave NE","","","Austin","MN","55912-3746","Mower","(507) 433-1804","Active","Young Men's Christian Association of Austin, Minnesota","20 ","Ages Served: Preschool","None","Services: Day Program","Minnesota Department of Human Services","02/03/1975","01/01/2026","12/31/2026","   ","",
"1101001","Child Care Center","YMCA Preschool in Shakopee","917 Dakota St S","","","Shakopee","MN","55379-2562","Scott","(763) 318-1583","Closed as of 08/25/2026","Young Men's Christian Association of the North","30 ","Ages Served: Preschool","None","Services: Day Program","Minnesota Department of Human Services","03/24/2020","01/01/2026","12/31/2026","   ","",
"802768","Child Care Center","YMCA/Wee Folksgarten","400 River Rd","","","Grand Rapids","MN","55744     ","Itasca","(218) 327-2418","Active","Itasca County Family Young Men's Christian Association, Inc.","68 ","Ages Served: Infants Toddlers Preschool","None","Services: Day Program","Minnesota Department of Human Services","02/09/1972","01/01/2026","12/31/2026","   ","",
"1119898","Child Care Center","YMCA/Wee Folksgarten IRC","1209 SE 2nd Ave","","","Grand Rapids","MN","55744-3982","Itasca","(218) 327-8811","Active","Itasca County Family Young Men's Christian Association, Inc.","76 ","Ages Served: Infants Toddlers Preschool","None","Services: Day Program","Minnesota Department of Human Services","09/20/2023","02/19/2026","12/31/2026","   ","",
"1112981","Child Care Center","Young Minds Child Care DBA Young Minds Learning Center","1115 N Lake Ave","","","Duluth","MN","55806-2562","St. Louis","(218) 576-3463","Active","Young Minds Child Care LLC","45 ","Ages Served: Infants Toddlers Preschool","None","Services: Day Program","Minnesota Department of Human Services","10/10/2022","01/01/2026","12/31/2026","   ","",
"1035184","Child Care Center","YWCA Minneapolis Children Center - South Minneapolis","2400 Park Ave","","","Minneapolis","MN","55404-3713","Hennepin","(612) 355-5520","Active","YWCA of Minneapolis","90 ","Ages Served: Infants Toddlers Preschool School-Age","None","Services: Day Program","Minnesota Department of Human Services","01/03/2006","01/01/2026","12/31/2026","   ","",
"1065542","Child Care Center","YWCA Minneapolis Childrens Center","1030 University Ave W","","","Saint Paul","MN","55104-4706","Ramsey","","Active","YWCA of Minneapolis","54 ","Ages Served: Infants Toddlers Preschool","None","Services: Day Program","Minnesota Department of Human Services","05/01/2013","01/01/2026","12/31/2026","   ","",
"1065544","Child Care Center","YWCA Minneapolis Childrens Center","80 7th St W","","","Saint Paul","MN","55102-1140","Ramsey","","Active","YWCA of Minneapolis","140","Ages Served: Infants Toddlers Preschool School-Age","None","Services: Day Program","Minnesota Department of Human Services","05/01/2013","01/01/2026","12/31/2026","   ","",
"802778","Child Care Center","YWCA Minneapolis Childrens Center","1130 Nicollet Mall","","","Minneapolis","MN","55403-2405","Hennepin","(612) 215-4189","Active","YWCA of Minneapolis","149","Ages Served: Infants Toddlers Preschool School-Age","None","Services: Day Program","Minnesota Department of Human Services","08/07/1970","01/01/2026","12/31/2026","   ","",
"1006326","Child Care Center","YWCA Minneapolis Childrens Center","2121 E Lake St","","","Minneapolis","MN","55407-1900","Hennepin","(612) 215-4328","Active","YWCA of Minneapolis","108","Ages Served: Infants Toddlers Preschool School-Age","None","Services: Day Program","Minnesota Department of Human Services","08/31/2000","01/01/2026","12/31/2026","   ","",
"1012751","Child Care Center","Zion Early Childhood Center","241 5th Ave N","","","Hopkins","MN","55343     ","Hennepin","(952) 938-7661","Active","Zion Lutheran Church","63 ","Ages Served: Infants Toddlers Preschool","None","Services: Day Program","Minnesota Department of Human Services","10/15/2001","07/20/2026","12/31/2026","   ","",
"802785","Child Care Center","Zion Lutheran Pre-Kindergarten","1601 4th Ave","","","Anoka","MN","55303-2420","Anoka","(763) 506-8181","Active","Zion Evangelical Lutheran Church of Anoka","20 ","Ages Served: Preschool","None","Services: Day Program","Minnesota Department of Human Services","12/01/1968","01/01/2026","12/31/2026","   ","",
"806286","Child Care Center","Zion Lutheran Preschool","401 Highway 65 S","","","Mora","MN","55051-1800","Kanabec","(320) 679-1094","Active","Zion Lutheran Church","20 ","Ages Served: Preschool","None","Services: Day Program","Minnesota Department of Human Services","09/09/1993","07/22/2026","12/31/2026","   ","",
"802784","Child Care Center","Zion Lutheran Preshool","300 Lake St","","","Alexandria","MN","56308-1531","Douglas","(320) 763-4842","Active","Evangelical Lutheran Zions Congregation of the Unaltered Augsburg Conf","40 ","Ages Served: Preschool","None","","Minnesota Department of Human Services","09/08/1972","01/01/2026","12/31/2026","   ","",
"807503","Child Care Center","Zoe Child Care Center","6345 Xerxes Ave S","","","Richfield","MN","55423-1038","Hennepin","(612) 707-1813","Active","Church of New Life Christian Ministries","66 ","Ages Served: Infants Toddlers Preschool School-Age","None","Services: Day Program","Minnesota Department of Human Services","05/21/1999","01/01/2026","12/31/2026","   ","",
